node_uuid,type,local_identifier,label,titleproper,titleinfo,genre,description,language,extent,date_created_free,date_created,creator,creator_role,publisher,ismemberof,rights_statements,rights,aspace_id,physical_location
3bba55bb-d6c0-47c5-a07d-1e56e5f67100,DigitalDocument,ZWU_SCA0319.B18.02,G.E. Strike 1969-1970; Berkshire Eagle No.2,,,"[""Scrapbook""]",,[],107 pages,1969-1970,1/1/1969,"[""Berkshire Eagle""]",,,55969,In Copyright,,15541,
2ab9fa14-d279-4d16-b8f9-f900eabb0532,DigitalDocument,ZWU_SCA0319.B18.01,G.E. Strike 1969-1970; Berkshire Eagle No.1,,,"[""Scrapbook""]",,[],77 pages,1969-1970,1/1/1969,"[""Berkshire Eagle""]",,,55969,In Copyright,,15541,
d9b678dc-094a-4be4-9540-03c96f1dcce7,DigitalDocument,ZWU_SCA0319.B17.02,G.E. News Clippings Strike 1946,,,"[""Scrapbooks""]","Scrapbook of news clippings published between the dates of 1916-1946 on the G.E. 
strikes at the Pittsfield Plant location.","[""eng""]",160 pages,1916-1946,1/1/1946,"[""Pittsfield Plant""]",,,55969,In Copyright,,15540,
e48d739a-6778-41e1-aa29-b6447e637b98,DigitalDocument,ZWU_SCA0319.B11.F31.83,Pittsfield Works apparatus photograph 83,,,Photographs;Promotional Materials,,,2 pages,1946-1959,,"Pittsfield Works Photographs, Item 83",,,[55969],In Copyright,,13511,"Box 11, Folder 31"
664c70c8-7e8c-470b-b021-7efb72ad91d5,DigitalDocument,ZWU_SCA0319.B07.F06.04,"Frederick Darlington Testimony, Westinghouse Electric & Mfg. Co. vs. Stanley Electric Manufacturing Co. ",,,,Company title transcribed as stated on testimony.,,4 pages,,4/17/1902,,,,[55969],No Copyright - United States,,13281,"Box 7, Folder 6, Item 4"
2b251005-9ce3-4608-8381-e674952175fe,DigitalDocument,ZWU_SCA0319.B07.F06.02,"Correspondence of Frederick Darlington to ""Mr. Brown,"" April 18, 1902, and Enclosed Report for Mr. C.H Jackson of United States Electric Light & Power Company, May 17, 1893",,,,,,9 pages,1893-1902,1893-01-01,"Darlington, Frederick",,,[55969],No Copyright - United States,,13281,"Box 7 Folder 6, Item 2"
f73c1491-8d5f-4143-a0d0-d49202838f93,DigitalDocument,ZWU_SCA0319.B07.F02.21,"Patent-Anmeldung, k.k Patentamt in Wien",,,,"Translated from German to English, title reads ""Patent Application."" The bold text at the top of the document notes that the patent is for the Patent Office in Vienna. ",,2 pages,,9/7/1911,,,,[55969],No Copyright - United States,,13278,"Box 7, Folder 2, Item 21"
6c289529-63e9-4652-9f11-b6a297860530,DigitalDocument,ZWU_SCA0319.B06.F01.Bull.157,General Incandescent Arc Light Co. Bulletin No. 157,,,,,,4 pages,4/1/1904,4/1/1904,"General Incandescent Light Company (New York, NY)",,,[55969],No Copyright - United States,,13269,"Box 6, Folder 1, Bulletin 157 "
10e62886-051b-4462-b513-c4ec012a8262,DigitalDocument,ZWU_SCA0319.B11.F01.01,"Charles A. Coffin, Pioneer Genius of Electric Company",,,Biographies,,eng,32,,1/1/1946,"Wilson, Charles E.",author,The Newcomen Society of England in North America;Princeton University Press,[55969],In Copyright,,13370,
4ad05bc1-b752-4a39-8c15-4f4063be164e,DigitalDocument,ZWU_SCA0319.B11.F01.02,Stanley Company is Sold,,,Newspapers,,eng,2,,1/29/1903,unknown,,Pittsfield Sun,[55969],No Copyright,,13370,
520c2c42-ba47-4684-b4e7-98100fad47be,DigitalDocument,ZWU_SCA0319.B11.F01.03,"The General Electric Company at Pittsfield, Mass.",,,Local Histories,,eng,4,unknown,,unknown,,,[55969],No Known Copyright,,13370,
b306b11d-e169-4f49-8425-c79dc3ab13c2,DigitalDocument,ZWU_SCA0319.B11.F01.04,"The General Electric Company at Pittsfield, Mass., notated copy",,,Local Histories,,eng,4,unknown,,unknown,,,[55969],No Known Copyright,,13370,
e0956f81-70f2-4a90-9570-ba3eda47bb16,DigitalDocument,ZWU_SCA0319.B11.F01.05,"GE Employment in Pittsfield, 1916-1960",,,Statistics,,eng,4,,5/16/1955,unknown,,,[55969],In Copyright,,13370,
f82acf1d-0da8-4612-96ae-1693a0b84dd8,DigitalDocument,ZWU_SCA0319.B11.F01.06,General Electric's contributions to one century of electric growth. And our plans for the second.,,,Promotional Materials,,eng,13,,,General Electric Company,,General Electric Company,[55969],In Copyright,,13370,
41da3b40-d4eb-45e1-9efd-82a302755fe6,DigitalDocument,ZWU_SCA0319.B11.F01.07,The Pittsfield Works of the General Electric Company,,,Promotional Materials,,eng,36,,1/1/1927,General Electric Company,,General Electric Company,[55969],In Copyright,,13370,
f2b0ec6e-4e11-49ab-801d-e3ac54f8bb88,DigitalDocument,ZWU_SCA0319.B11.F01.08,"Pittsfield Works, Current News, December 4, 1964, 50th Anniversary Issue",,,Newsletters,,eng,11,,12/4/1964,General Electric Company,,General Electric Company,[55969],In Copyright,,13370,
48a8d3b6-bb35-4520-90ed-6b61fcf4cf19,DigitalDocument,ZWU_SCA0319.B11.F01.09,"""New Building Dedicated, Over 10,000 Attend Ball"" and ""Pittsfield's Biggest Ball""",,,Newspapers,,eng,2,,1913-12-20;1913-12-21,unknown,,Springfield Republican,[55969],No Copyright,,13370,
b16bb441-e68a-49dd-a4d7-3500adc67241,DigitalDocument,ZWU_SCA0319.B11.F01.10,More Power Pittsfield,,,Advertisements,,eng,2,,1/20/1953,General Electric Company,,The Berkshire Evening Eagle,[55969],In Copyright,,13370,
ce067d10-aed7-496f-9baf-54ba9571953d,DigitalDocument,ZWU_SCA0319.B11.F01.11,GE Open House Saturday Celebrates 75 Years of Progress,,,Newspapers,,eng,2,,10/15/1953,unknown,,The Berkshire Evening Eagle,[55969],In Copyright,,13370,
7a40dde8-ae70-46d6-83ea-0ac4c38c0cb1,DigitalDocument,ZWU_SCA0319.B11.F02.01,"Statistical Report of Employees at Pittsfield Works, with cover letter from the Head Accountant to M. F. Westover",,,Statistics,,eng,178,,8/1/1910,General Electric Company,,General Electric Company,[55969],In Copyright,,13371,
41056990-6c19-4e7e-bb7d-e2941455952b,DigitalDocument,ZWU_SCA0319.B11.F03.01,"Pittsfield Works Photographs, Item 1",,,Photographs;Promotional Materials,,eng,1,1914-1916,1/1/1914,General Electric Company,,,[55969],In Copyright,,13401,
5817f60c-a6c1-4a07-a15f-c9ef352d7027,DigitalDocument,ZWU_SCA0319.B11.F03.02,"Pittsfield Works Photographs, Item 2",,,Photographs;Promotional Materials,,eng,1,1914-1916,1/1/1914,General Electric Company,,,[55969],In Copyright,,13401,
1fdd033a-2b34-40ad-9d0e-5b9b79a01b7d,DigitalDocument,ZWU_SCA0319.B11.F03.03,"Pittsfield Works Photographs, Item 3",,,Photographs;Promotional Materials,,eng,2,1914-1916,1/1/1914,General Electric Company,,,[55969],In Copyright,,13401,
231b53d9-64e7-4050-9052-ecae4a930fca,DigitalDocument,ZWU_SCA0319.B11.F03.04,"Pittsfield Works Photographs, Item 4",,,Photographs;Promotional Materials,,eng,2,1914-1916,1/1/1914,General Electric Company,,,[55969],In Copyright,,13401,
bcc0728b-5bcd-4d79-b2d7-cd3d72e21a0b,DigitalDocument,ZWU_SCA0319.B11.F03.05,"Pittsfield Works Photographs, Item 5",,,Photographs;Promotional Materials,,eng,1,1914-1916,1/1/1914,General Electric Company,,,[55969],In Copyright,,13401,
0c966aff-e86c-45f1-8d4e-4ed64bd979aa,DigitalDocument,ZWU_SCA0319.B11.F03.06,"Pittsfield Works Photographs, Item 6",,,Photographs;Promotional Materials,,eng,2,1914-1916,1/1/1914,General Electric Company,,,[55969],In Copyright,,13401,
e75b8c3b-c9ae-4b74-9509-f026e27a8b3c,DigitalDocument,ZWU_SCA0319.B11.F03.07,"Pittsfield Works Photographs, Item 7",,,Photographs;Promotional Materials,,eng,1,1914-1916,1/1/1914,General Electric Company,,,[55969],In Copyright,,13401,
2c937326-7797-4f76-82f1-63c7a4b5ada0,DigitalDocument,ZWU_SCA0319.B11.F03.08,"Pittsfield Works Photographs, Item 8",,,Photographs;Promotional Materials,,eng,1,1914-1916,1/1/1914,General Electric Company,,,[55969],In Copyright,,13401,
3700ad8e-ad74-4008-89d4-664ad90d2699,DigitalDocument,ZWU_SCA0319.B11.F03.09,"Pittsfield Works Photographs, Item 9",,,Photographs;Promotional Materials,,eng,2,1914-1916,1/1/1914,General Electric Company,,,[55969],In Copyright,,13401,
f7d0489f-7075-4bc3-8535-6c7318de4a7d,DigitalDocument,ZWU_SCA0319.B11.F03.10,"Pittsfield Works Photographs, Item 10",,,Photographs;Promotional Materials,,eng,2,1914-1916,1/1/1914,General Electric Company,,,[55969],In Copyright,,13401,
a1d23078-3b36-4b41-ba84-d6758ed35d8a,DigitalDocument,ZWU_SCA0319.B11.F03.11,"Pittsfield Works Photographs, Item 11",,,Photographs;Promotional Materials,,eng,1,1914-1916,1/1/1914,General Electric Company,,,[55969],In Copyright,,13401,
d2d67cdd-fa2b-422b-9484-d74dc7225b9e,DigitalDocument,ZWU_SCA0319.B11.F03.12,"Pittsfield Works Photographs, Item 12",,,Photographs;Promotional Materials,,eng,1,1914-1916,1/1/1914,General Electric Company,,,[55969],In Copyright,,13401,
a4b00d98-6e6f-4523-8ef1-7cdae28cda49,DigitalDocument,ZWU_SCA0319.B11.F03.13,"Pittsfield Works Photographs, Item 13",,,Photographs;Promotional Materials,,eng,1,1914-1916,1/1/1914,General Electric Company,,,[55969],In Copyright,,13401,
6dbd61d7-4e66-4f64-9174-54b614712452,DigitalDocument,ZWU_SCA0319.B11.F03.14,"Pittsfield Works Photographs, Item 14",,,Photographs;Promotional Materials,,eng,2,,4/8/1915,General Electric Company;Good Housekeeping Institute,,,[55969],In Copyright,,13401,
d807706d-1ba7-4ea0-a6d2-b80e989dc2f6,DigitalDocument,ZWU_SCA0319.B11.F03.15,"Pittsfield Works Photographs, Item 15",,,Photographs;Promotional Materials,,eng,1,1914-1916,1/1/1914,General Electric Company,,,[55969],In Copyright,,13401,
96f17fa1-2172-4e63-a6e4-43b8ef8aa5b6,DigitalDocument,ZWU_SCA0319.B11.F03.16,"Pittsfield Works Photographs, Item 16",,,Photographs;Promotional Materials,,eng,1,1914-1916,1/1/1914,General Electric Company,,,[55969],In Copyright,,13401,
e40d8606-92a5-49d3-be61-0d1702149aa3,DigitalDocument,ZWU_SCA0319.B11.F03.17,"Pittsfield Works Photographs, Item 17",,,Photographs;Promotional Materials,,eng,1,1914-1916,1/1/1914,General Electric Company,,,[55969],In Copyright,,13401,
84f8b06b-50eb-4186-ba52-fa262fa5caf9,DigitalDocument,ZWU_SCA0319.B11.F03.18,"Pittsfield Works Photographs, Item 18",,,Photographs;Promotional Materials,,eng,1,1914-1916,1/1/1914,General Electric Company,,,[55969],In Copyright,,13401,
2c756fbf-c5e3-45db-bc74-4a34bad5475d,DigitalDocument,ZWU_SCA0319.B11.F03.19,"Pittsfield Works Photographs, Item 19",,,Photographs;Promotional Materials,,eng,1,1914-1916,1/1/1914,General Electric Company,,,[55969],In Copyright,,13401,
726f8c9e-2396-4b9b-98fd-263ccbacd635,DigitalDocument,ZWU_SCA0319.B11.F03.20,"Pittsfield Works Photographs, Item 20",,,Photographs;Promotional Materials,,eng,2,,12/1/1915,General Electric Company,,,[55969],In Copyright,,13401,
c1ab1b13-2d16-4429-a822-fa468b68b846,DigitalDocument,ZWU_SCA0319.B11.F03.21,"Pittsfield Works Photographs, Item 21",,,Photographs;Promotional Materials,,eng,1,1914-1916,1/1/1914,General Electric Company,,,[55969],In Copyright,,13401,
223b9737-9c6b-48fe-82be-ac2dddf489fb,DigitalDocument,ZWU_SCA0319.B11.F03.22,"Pittsfield Works Photographs, Item 22",,,Photographs;Promotional Materials,,eng,2,1914-1916,1/1/1914,General Electric Company,,,[55969],In Copyright,,13401,
ccf39bc6-5601-4564-8dcc-a06bdda81e25,DigitalDocument,ZWU_SCA0319.B11.F03.23,"Pittsfield Works Photographs, Item 23",,,Photographs;Promotional Materials,,eng,2,1914-1916,1/1/1914,General Electric Company,,,[55969],In Copyright,,13401,
601b87f0-8804-4d05-94f9-acdb5d09470d,DigitalDocument,ZWU_SCA0319.B11.F03.24,"Pittsfield Works Photographs, Item 24",,,Photographs;Promotional Materials,,eng,2,,12/2/1915,General Electric Company,,,[55969],In Copyright,,13401,
ff899b42-5f32-466d-87c9-9c004fba4f24,DigitalDocument,ZWU_SCA0319.B11.F03.25,"Pittsfield Works Photographs, Item 25",,,Photographs;Promotional Materials,,eng,2,,12/2/1915,General Electric Company,,,[55969],In Copyright,,13401,
4f67a93f-52c2-447b-b885-459e11cdae14,DigitalDocument,ZWU_SCA0319.B11.F03.26,"Pittsfield Works Photographs, Item 26",,,Photographs;Promotional Materials,,eng,2,,12/2/1915,General Electric Company,,,[55969],In Copyright,,13401,
80b7b8ec-1cab-4bb0-8325-b54a95aae1fb,DigitalDocument,ZWU_SCA0319.B11.F03.27,"Pittsfield Works Photographs, Item 27",,,Photographs;Promotional Materials,,eng,1,1914-1916,1/1/1914,General Electric Company,,,[55969],In Copyright,,13401,
6048b466-cf0e-498f-894d-2205820480b0,DigitalDocument,ZWU_SCA0319.B11.F03.28,"Pittsfield Works Photographs, Item 28",,,Photographs;Promotional Materials,,eng,2,,4/8/1915,General Electric Company;Good Housekeeping Institute,,,[55969],In Copyright,,13401,
717eb3a3-aa65-40cf-a508-b250a64f42e4,DigitalDocument,ZWU_SCA0319.B11.F03.29,"Pittsfield Works Photographs, Item 29",,,Photographs;Promotional Materials,,eng,2,,8/2/1914,General Electric Company,,,[55969],In Copyright,,13401,
5edcc0b3-1861-4c54-9fed-f8f9d902a90a,DigitalDocument,ZWU_SCA0319.B11.F03.30,"Pittsfield Works Photographs, Item 30",,,Photographs;Promotional Materials,,eng,1,1914-1916,1/1/1914,General Electric Company,,,[55969],In Copyright,,13401,
07269dff-1b42-4547-913c-67c1fa0557fa,DigitalDocument,ZWU_SCA0319.B11.F03.31,"Pittsfield Works Photographs, Item 31",,,Photographs;Promotional Materials,,eng,2,,1/4/1914,General Electric Company,,,[55969],In Copyright,,13401,
aca6ca91-b1a3-41ce-916b-90c8d86e2675,DigitalDocument,ZWU_SCA0319.B11.F03.32,"Pittsfield Works Photographs, Item 32",,,Photographs;Promotional Materials,,eng,2,1914-1916,1/1/1914,General Electric Company,,,[55969],In Copyright,,13401,
97d4d07c-2a9f-4258-83a1-38d4888364ec,DigitalDocument,ZWU_SCA0319.B11.F03.33,"Pittsfield Works Photographs, Item 33",,,Photographs;Promotional Materials,,eng,2,,3/15/1914,General Electric Company,,,[55969],In Copyright,,13401,
6e2a42d9-b777-4b03-aef6-696b43c11c8f,DigitalDocument,ZWU_SCA0319.B11.F03.34,"Pittsfield Works Photographs, Item 34",,,Photographs;Promotional Materials,,eng,2,,3/15/1914,General Electric Company,,,[55969],In Copyright,,13401,
3d06a754-ab22-4a49-b6ce-81db08b01668,DigitalDocument,ZWU_SCA0319.B11.F03.35,"Pittsfield Works Photographs, Item 35",,,Photographs;Promotional Materials,,eng,2,1914-1916,1/1/1914,General Electric Company,,,[55969],In Copyright,,13401,
88304952-1dfd-473f-9663-b618a7384e6b,DigitalDocument,ZWU_SCA0319.B11.F03.36,"Pittsfield Works Photographs, Item 36",,,Photographs;Promotional Materials,,eng,2,1914-1916,1/1/1914,General Electric Company,,,[55969],In Copyright,,13401,
64d32534-ae9a-481e-9221-55625426a040,DigitalDocument,ZWU_SCA0319.B11.F03.37,"Pittsfield Works Photographs, Item 37",,,Photographs;Promotional Materials,,eng,2,1914-1916,1/1/1914,General Electric Company,,,[55969],In Copyright,,13401,
f67bf080-74b0-42a4-8233-1a87c8a3c515,DigitalDocument,ZWU_SCA0319.B11.F03.38,"Pittsfield Works Photographs, Item 38",,,Photographs;Promotional Materials,,eng,2,1914-1916,1/1/1914,General Electric Company,,,[55969],In Copyright,,13401,
8792d053-edc0-43f8-8938-f7f55d4dea55,DigitalDocument,ZWU_SCA0319.B11.F03.39,"Pittsfield Works Photographs, Item 39",,,Photographs;Promotional Materials,,eng,2,1914-1916,1/1/1914,General Electric Company,,,[55969],In Copyright,,13401,
73988803-adf2-43aa-adfb-c2ba04a7a575,DigitalDocument,ZWU_SCA0319.B11.F03.40,"Pittsfield Works Photographs, Item 40",,,Photographs;Promotional Materials,,eng,1,1914-1916,1/1/1914,General Electric Company,,,[55969],In Copyright,,13401,
15f7126f-ee5c-48e8-ad73-afa11cae63de,DigitalDocument,ZWU_SCA0319.B11.F03.41,"Pittsfield Works Photographs, Item 41",,,Photographs;Promotional Materials,,eng,1,1914-1916,1/1/1914,General Electric Company,,,[55969],In Copyright,,13401,
55eb8f54-d47b-4ab9-9be5-b502826e6bc6,DigitalDocument,ZWU_SCA0319.B11.F03.42,"Pittsfield Works Photographs, Item 42",,,Photographs;Promotional Materials,,eng,1,1914-1916,1/1/1914,General Electric Company,,,[55969],In Copyright,,13401,
2bf6b910-c05e-45ac-bcb8-e4746d664a74,DigitalDocument,ZWU_SCA0319.B11.F03.43,"Pittsfield Works Photographs, Item 43",,,Photographs;Promotional Materials,,eng,1,1914-1916,1/1/1914,General Electric Company,,,[55969],In Copyright,,13401,
d15ce05a-e535-4082-bb19-90f30d1b6acb,DigitalDocument,ZWU_SCA0319.B11.F03.44,"Pittsfield Works Photographs, Item 44",,,Photographs;Promotional Materials,,eng,1,1914-1916,1/1/1914,General Electric Company,,,[55969],In Copyright,,13401,
12ba238c-d65d-4a74-8316-6d5062f39fe7,DigitalDocument,ZWU_SCA0319.B11.F03.45,"Pittsfield Works Photographs, Item 45",,,Photographs;Promotional Materials,,eng,1,1914-1916,1/1/1914,General Electric Company,,,[55969],In Copyright,,13401,
54a974db-c486-4577-b38c-7fcb1e0635cc,DigitalDocument,ZWU_SCA0319.B11.F03.46,"Pittsfield Works Photographs, Item 46",,,Photographs;Promotional Materials,,eng,1,1914-1916,1/1/1914,General Electric Company,,,[55969],In Copyright,,13401,
c46a9f64-ecdb-4b48-8e89-429a11873c3b,DigitalDocument,ZWU_SCA0319.B11.F03.47,"Pittsfield Works Photographs, Item 47",,,Photographs;Promotional Materials,,eng,1,1914-1916,1/1/1914,General Electric Company,,,[55969],In Copyright,,13401,
cbcd3d3f-679f-4de9-aba8-e23442f70359,DigitalDocument,ZWU_SCA0319.B11.F03.48,"Pittsfield Works Photographs, Item 48",,,Photographs;Promotional Materials,,eng,1,1914-1916,1/1/1914,General Electric Company,,,[55969],In Copyright,,13401,
0986bb2b-1766-4783-a2ff-5b49668bc411,DigitalDocument,ZWU_SCA0319.B11.F03.49,"Pittsfield Works Photographs, Item 49",,,Photographs;Promotional Materials,,eng,1,1914-1916,1/1/1914,General Electric Company,,,[55969],In Copyright,,13401,
8f7ba255-cceb-4a98-9c69-3cb8cb36bace,DigitalDocument,ZWU_SCA0319.B11.F03.50,"Pittsfield Works Photographs, Item 50",,,Photographs;Promotional Materials,,eng,2,1914-1916,1/1/1914,General Electric Company,,,[55969],In Copyright,,13401,
115340a1-817d-4f57-a006-b372263ea1a1,DigitalDocument,ZWU_SCA0319.B11.F03.51,"Pittsfield Works Photographs, Item 51",,,Photographs;Promotional Materials,,eng,1,1914-1916,1/1/1914,General Electric Company,,,[55969],In Copyright,,13401,
14ba8977-886a-4f50-b05f-196ff152f90c,DigitalDocument,ZWU_SCA0319.B11.F03.52,"Pittsfield Works Photographs, Item 52",,,Photographs;Promotional Materials,,eng,1,1914-1916,1/1/1914,General Electric Company,,,[55969],In Copyright,,13401,
d623e03d-23f1-435a-bcf6-d70ffe4bd2be,DigitalDocument,ZWU_SCA0319.B11.F03.53,"Pittsfield Works Photographs, Item 53",,,Photographs;Promotional Materials,,eng,1,1914-1916,1/1/1914,General Electric Company,,,[55969],In Copyright,,13401,
f795d07b-5b2b-40ea-ac56-b10dada53fab,DigitalDocument,ZWU_SCA0319.B11.F03.54,"Pittsfield Works Photographs, Item 54",,,Photographs;Promotional Materials,,eng,1,1914-1916,1/1/1914,General Electric Company,,,[55969],In Copyright,,13401,
ff83342c-9272-43d2-aa8a-bff06cb3157a,DigitalDocument,ZWU_SCA0319.B11.F03.55,"Pittsfield Works Photographs, Item 55",,,Photographs;Promotional Materials,,eng,1,1914-1916,1/1/1914,General Electric Company,,,[55969],In Copyright,,13401,
1f5b197b-5dc1-450a-93d5-2880e21b289a,DigitalDocument,ZWU_SCA0319.B11.F03.56,"Pittsfield Works Photographs, Item 56",,,Photographs;Promotional Materials,,eng,1,1914-1916,1/1/1914,General Electric Company,,,[55969],In Copyright,,13401,
afb145a6-6ac8-46e1-a060-7475d0b7d50f,DigitalDocument,ZWU_SCA0319.B11.F04,Special Instructions to the Testing Department,,,,Pittsfield Works,eng,25,,1/1/1926,General Electric Company,,,[55969],No Known Copyright,,13372,
5e89763f-9bcb-489b-af18-9cfb14c75a99,DigitalDocument,ZWU_SCA0319.B11.F06.01,Copy of Photograph of Mr. Edison's Laboratory,,,Photographs;Promotional Materials,"Title transcribed from verso. Image depicts Charles Batchelor, one of Thomas Edison's assistant. Transcription of handwritten text on verso: ""Copy worked up from a faded photograph [from] only print from a negative destroyed years ago) taken in Mr. Edison's Laboratory at Menlo Park, N.J. at midnight about Dec, 20, 1879, by the light of three of the first incandescent electric lamps, shortly after Mr. Edison's great invention. Man in picture is Charles Batchelor, Edison's financial assistant. W.J. Franks. Sept. 1889""",eng,2,,1889-09-01,,,,[55969],No Known Copyright,,13375,
31e8f7a8-8a3e-4870-8671-2ceb38c60989,DigitalDocument,ZWU_SCA0319.B11.F06.02,"Programme, Dedication Exercises of the Commemorative Tablet near the site of the Edison Laboratories and Workshops at Menlo Park, N J",,,,,eng,8,9268,5/16/1925,The Edison Pioneers,,,[55969],No Copyright,,13375,
f964257b-02f9-42da-8d08-0f97b96fd049,DigitalDocument,ZWU_SCA0319.B11.F06.03,Edison and Electricity,,,,,eng,8,unknown,,General Electric,,General Electric,[55969],In Copyright,,13375,
f7714693-dec1-4c8b-89f1-db248a6be435,DigitalDocument,ZWU_SCA0319.B11.F06.04,"Edison and Electricity, color copy",,,,,eng,12,unknown,,General Electric,,General Electric,[55969],In Copyright,,13375,
7e5e41fb-a718-4a92-aa31-9dd3fc92db24,DigitalDocument,ZWU_SCA0319.B11.F06.05,In Memoriam Thomas Alva Edison 1845-1931,,,,,eng,36,1931,1/1/1931,Public Policy Committee of the National Electric Light Association,,,[55969],In Copyright,,13375,
356c4327-3627-4eb7-a7f8-acc45110e1e3,DigitalDocument,ZWU_SCA0319.B11.F28.01,"Negotiation News for the Information of General Electric Employees, September 1, 1960",,,,,eng,1,,9/1/1960,,,,[55969],In Copyright,,13392,
5a4b572f-d42a-46ad-9c4b-6380517052c1,DigitalDocument,ZWU_SCA0319.B11.F28.02,"Negotiation News for the Information of General Electric Employees, September 2, 1960",,,,,eng,2,,9/2/1960,,,,[55969],In Copyright,,13392,
ab5840c5-b7d7-4f7c-9615-179800de0439,DigitalDocument,ZWU_SCA0319.B11.F28.03,"Negotiation News for the Information of General Electric Employees, September 6, 1960",,,,,eng,2,,9/6/1960,,,,[55969],In Copyright,,13392,
8f6fb0e0-ec16-4899-9105-662f95931b32,DigitalDocument,ZWU_SCA0319.B11.F28.04,"Negotiation News for the Information of General Electric Employees, October 5, 1960",,,,,eng,2,,10/5/1960,,,,[55969],In Copyright,,13392,
91696469-ca9f-4697-8a88-46607544597d,DigitalDocument,ZWU_SCA0319.B11.F28.05,"Negotiation News for the Information of General Electric Employees, October 6, 1960",,,,,eng,2,,10/6/1960,,,,[55969],In Copyright,,13392,
67863e44-d0ea-4d55-a7f6-e5055a0dee2d,DigitalDocument,ZWU_SCA0319.B11.F28.06,"Negotiation News for the Information of General Electric Employees, October 10, 1960",,,,,eng,2,,10/10/1960,,,,[55969],In Copyright,,13392,
3d776ba7-8b7e-4f1e-88d1-d31abe1f8bd0,DigitalDocument,ZWU_SCA0319.B11.F28.07,"Negotiation News for the Information of General Electric Employees, October 11, 1960",,,,,eng,2,,10/11/1960,,,,[55969],In Copyright,,13392,
a63339c8-174b-4c1c-8ca0-e761e9aec4e8,DigitalDocument,ZWU_SCA0319.B11.F28.08,"Negotiation News for the Information of General Electric Employees, October 13, 1960",,,,,eng,2,,10/13/1960,,,,[55969],In Copyright,,13392,
5e690048-fdd1-4966-8b1c-e969b7297c73,DigitalDocument,ZWU_SCA0319.B11.F28.09,"Negotiation News for the Information of General Electric Employees, October 14, 1960",,,,,eng,2,,10/14/1960,,,,[55969],In Copyright,,13392,
3e988296-aa02-405e-a5c6-7f57edee86c6,DigitalDocument,ZWU_SCA0319.B11.F28.10,"Negotiation News for the Information of General Electric Employees, October 17, 1960",,,,,eng,2,,10/17/1960,,,,[55969],In Copyright,,13392,
22e68d8b-6946-4b4b-93a2-ff801f7b4549,DigitalDocument,ZWU_SCA0319.B11.F28.11,"Negotiation News for the Information of General Electric Employees, October 18 1960",,,,,eng,2,,10/18/1960,,,,[55969],In Copyright,,13392,
852e3bbb-f268-4820-8fc9-680a5dbda65d,DigitalDocument,ZWU_SCA0319.B11.F28.12,"Negotiation News for the Information of General Electric Employees, October 19, 1960",,,,,eng,2,,10/19/1960,,,,[55969],In Copyright,,13392,
81e61c3b-fa82-41f3-95a5-588b08602ebf,DigitalDocument,ZWU_SCA0319.B11.F28.13,"Negotiation News for the Information of General Electric Employees, October 20, 1960",,,,,eng,2,,10/20/1960,,,,[55969],In Copyright,,13392,
9849b6e4-711e-4ef6-baaf-1e5cba26d4a1,DigitalDocument,ZWU_SCA0319.B11.F28.14,"Negotiation News for the Information of General Electric Employees, October 24, 1960",,,,,eng,2,,10/24/1960,,,,[55969],In Copyright,,13392,
056a84e0-b557-4f2d-b357-8b262b478b8f,DigitalDocument,ZWU_SCA0319.B11.F28.15,"Negotiation News for the Information of General Electric Employees, November 4 1960",,,,,eng,1,,11/4/1960,,,,[55969],In Copyright,,13392,
17c4ebec-841f-45cf-a988-fbb01e05aa10,DigitalDocument,ZWU_SCA0319.B11.F31.01,Pittsfield Works apparatus photograph 1,,,Photographs;Promotional Materials,"Pittsfield Works Photographs, Item 1",eng,1,1946-1959,,,,,[55969],In Copyright,,13511,
f147bc3c-f863-4619-8c50-0910b8c79544,DigitalDocument,ZWU_SCA0319.B11.F31.02,Pittsfield Works apparatus photograph 2,,,Photographs;Promotional Materials,"Pittsfield Works Photographs, Item 2",eng,1,1946-1959,,,,,[55969],In Copyright,,13511,
69014db5-52fd-4874-81bd-d6639043e43c,DigitalDocument,ZWU_SCA0319.B11.F31.03,Pittsfield Works apparatus photograph 3,,,Photographs;Promotional Materials,"Pittsfield Works Photographs, Item 3",eng,1,1946-1959,,,,,[55969],In Copyright,,13511,
8acbfd59-ec45-4985-9957-51d0f5b3ec4e,DigitalDocument,ZWU_SCA0319.B11.F31.04,Pittsfield Works apparatus photograph 4,,,Photographs;Promotional Materials,"Pittsfield Works Photographs, Item 4",eng,1,1946-1959,,,,,[55969],In Copyright,,13511,
3f8ab555-ff8f-45c4-a70b-0a0d61f13d88,DigitalDocument,ZWU_SCA0319.B11.F31.05,Pittsfield Works apparatus photograph 5,,,Photographs;Promotional Materials,"Pittsfield Works Photographs, Item 5",eng,1,1946-1959,,,,,[55969],In Copyright,,13511,
b1b92acf-06bc-453c-bb4a-4d4fd81d64c6,DigitalDocument,ZWU_SCA0319.B11.F31.06,Pittsfield Works apparatus photograph 6,,,Photographs;Promotional Materials,"Pittsfield Works Photographs, Item 6",eng,1,1946-1959,,,,,[55969],In Copyright,,13511,
c9d18db4-eded-49f7-a65a-82ad23b81e98,DigitalDocument,ZWU_SCA0319.B11.F31.07,Pittsfield Works apparatus photograph 7,,,Photographs;Promotional Materials,"Pittsfield Works Photographs, Item 7",eng,1,1946-1959,,,,,[55969],In Copyright,,13511,
bd874939-1ff5-4aab-806c-f4f6cf9b1208,DigitalDocument,ZWU_SCA0319.B11.F31.08,Pittsfield Works apparatus photograph 8,,,Photographs;Promotional Materials,"Pittsfield Works Photographs, Item 8",eng,1,1946-1959,,,,,[55969],In Copyright,,13511,
ec4dee90-e195-4229-afba-6775d3915427,DigitalDocument,ZWU_SCA0319.B11.F31.09,Pittsfield Works apparatus photograph 9,,,Photographs;Promotional Materials,"Pittsfield Works Photographs, Item 9",eng,1,1946-1959,,,,,[55969],In Copyright,,13511,
6720f002-bf75-4614-b547-99aabc4dffe8,DigitalDocument,ZWU_SCA0319.B11.F31.10,Pittsfield Works apparatus photograph 10,,,Photographs;Promotional Materials,"Pittsfield Works Photographs, Item 10",eng,1,1946-1959,,,,,[55969],In Copyright,,13511,
66544600-8552-4777-bf8a-3bf4d0de7419,DigitalDocument,ZWU_SCA0319.B11.F31.11,Pittsfield Works apparatus photograph 11,,,Photographs;Promotional Materials,"Pittsfield Works Photographs, Item 11",eng,1,1946-1959,,,,,[55969],In Copyright,,13511,
9a06145b-bbb9-4fec-aee1-a34efe6dbe69,DigitalDocument,ZWU_SCA0319.B11.F31.12,Pittsfield Works apparatus photograph 12,,,Photographs;Promotional Materials,"Pittsfield Works Photographs, Item 12",eng,1,1946-1959,,,,,[55969],In Copyright,,13511,
0aa519b6-f191-479b-80b0-5daa04f79f05,DigitalDocument,ZWU_SCA0319.B11.F31.13,Pittsfield Works apparatus photograph 13,,,Photographs;Promotional Materials,"Pittsfield Works Photographs, Item 13",eng,1,1946-1959,,,,,[55969],In Copyright,,13511,
28a1bae9-169a-4f1e-bb3c-f7dd5c6123c7,DigitalDocument,ZWU_SCA0319.B11.F31.14,Pittsfield Works apparatus photograph 14,,,Photographs;Promotional Materials,"Pittsfield Works Photographs, Item 14",eng,1,1946-1959,,,,,[55969],In Copyright,,13511,
608188a3-9633-4dc3-b34f-eaab2755ce05,DigitalDocument,ZWU_SCA0319.B11.F31.15,Pittsfield Works apparatus photograph 15,,,Photographs;Promotional Materials,"Pittsfield Works Photographs, Item 15",eng,1,1946-1959,,,,,[55969],In Copyright,,13511,
086d5cd4-ec56-40c2-85e3-397dbca35604,DigitalDocument,ZWU_SCA0319.B11.F31.16,"Testing dielectric properties of insulators, Pittsfield Works apparatus photograph 16",,,Photographs;Promotional Materials,"Title transcribed from image verso. Photograph was taken in Pittsfield Laboratory of the Apparatus Department. Pittsfield Works Photographs, Item 16",eng,2,1946-1959,,,,,[55969],In Copyright,,13511,
9591cf87-6489-41c6-9eae-855eedf2f917,DigitalDocument,ZWU_SCA0319.B11.F31.17,Pittsfield Works apparatus photograph 17,,,Photographs;Promotional Materials,"Pittsfield Works Photographs, Item 17",eng,1,1946-1959,,,,,[55969],In Copyright,,13511,
2a75cba1-f10b-4f21-aa22-e6faedaddf80,DigitalDocument,ZWU_SCA0319.B11.F31.18,Pittsfield Works apparatus photograph 18,,,Photographs;Promotional Materials,"Pittsfield Works Photographs, Item 18",eng,2,1946-1959,,,,,[55969],In Copyright,,13511,
dcd5d498-f23c-4d8a-a388-61e9e76d171d,DigitalDocument,ZWU_SCA0319.B11.F31.19,Pittsfield Works apparatus photograph 19,,,Photographs;Promotional Materials,"Pittsfield Works Photographs, Item 19",eng,1,1946-1959,,,,,[55969],In Copyright,,13511,
c6429d09-597a-4ff2-affb-058d26267be8,DigitalDocument,ZWU_SCA0319.B11.F31.20,Pittsfield Works apparatus photograph 20,,,Photographs;Promotional Materials,"""Taken in conjunction with Distribution Transformer Movie"" written on verso. Pittsfield Works Photographs, Item 20",eng,2,1946-1959,,,,,[55969],In Copyright,,13511,
d2087938-6ffa-46e6-ba7b-e40c70b5fe57,DigitalDocument,ZWU_SCA0319.B11.F31.21,Pittsfield Works apparatus photograph 21,,,Photographs;Promotional Materials,"Pittsfield Works Photographs, Item 21",eng,1,1946-1959,,,,,[55969],In Copyright,,13511,
25a9bf19-eedc-4e4f-968c-5d806e030380,DigitalDocument,ZWU_SCA0319.B11.F31.22,Pittsfield Works apparatus photograph 22,,,Photographs;Promotional Materials,"Pittsfield Works Photographs, Item 22",eng,1,1946-1959,,,,,[55969],In Copyright,,13511,
4a48feb4-de21-4091-a4b7-c5bbcede7c31,DigitalDocument,ZWU_SCA0319.B11.F31.23,Pittsfield Works apparatus photograph 23,,,Photographs;Promotional Materials,"Pittsfield Works Photographs, Item 23",eng,1,1946-1959,,,,,[55969],In Copyright,,13511,
912683a2-34c9-455b-ae2e-3a410a4e26f5,DigitalDocument,ZWU_SCA0319.B11.F31.24,Pittsfield Works apparatus photograph 24,,,Photographs;Promotional Materials,"Pittsfield Works Photographs, Item 24",eng,1,1946-1959,,,,,[55969],In Copyright,,13511,
af4daed9-7b55-4141-ba99-d1823c9cf406,DigitalDocument,ZWU_SCA0319.B11.F31.25,Pittsfield Works apparatus photograph 25,,,Photographs;Promotional Materials,"Pittsfield Works Photographs, Item 25",eng,1,1946-1959,,,,,[55969],In Copyright,,13511,
10e06347-683a-49d0-aad4-8e6001eed2c7,DigitalDocument,ZWU_SCA0319.B11.F31.26,"Combustion chamber showing multiple loading system, Pittsfield Works apparatus photograph 26",,,Photographs;Promotional Materials,"Pittsfield Works Photographs, Item 26",eng,2,1946-1959,,,,,[55969],In Copyright,,13511,
c28a2b7b-206f-42c1-b58a-9613c81bd094,DigitalDocument,ZWU_SCA0319.B11.F31.27,"G.E Pyranol Capacitor, Pittsfield Works apparatus photograph 27",,,Photographs;Promotional Materials,"Pittsfield Works Photographs, Item 27",eng,1,1946-1959,,,,,[55969],In Copyright,,13511,
1517ead0-d566-4f04-929a-687a16d95023,DigitalDocument,ZWU_SCA0319.B11.F31.28,"Calrod terminal bushing, Pittsfield Works apparatus photograph 28",,,Photographs;Promotional Materials,"Pittsfield Works Photographs, Item 28",eng,2,1946-1959,,,,,[55969],In Copyright,,13511,
a5cdc0c5-b1a7-41fd-ad20-e555e2ce2ea1,DigitalDocument,ZWU_SCA0319.B11.F31.29,"Figure 5, Pittsfield Works apparatus photograph 29",,,Photographs;Promotional Materials,"Pittsfield Works Photographs, Item 29",eng,2,1946-1959,,,,,[55969],In Copyright,,13511,
0982e796-6c4a-43eb-b118-746244d2d0e1,DigitalDocument,ZWU_SCA0319.B11.F31.30,Pittsfield Works apparatus photograph 30,,,Photographs;Promotional Materials,"Pittsfield Works Photographs, Item 30",eng,1,1946-1959,,,,,[55969],In Copyright,,13511,
77997181-4433-4e10-a503-17faa2515bb1,DigitalDocument,ZWU_SCA0319.B11.F31.31,Pittsfield Works apparatus photograph 31,,,Photographs;Promotional Materials,"Pittsfield Works Photographs, Item 31",eng,1,1946-1959,,,,,[55969],In Copyright,,13511,
eb73c907-a00b-4bdf-a2d3-498660a66db6,DigitalDocument,ZWU_SCA0319.B11.F31.32,Pittsfield Works apparatus photograph 32,,,Photographs;Promotional Materials,"Pittsfield Works Photographs, Item 32",eng,1,1946-1959,,,,,[55969],In Copyright,,13511,
28be7537-4e21-42d2-9215-d848cbd26f95,DigitalDocument,ZWU_SCA0319.B11.F31.33,"Mica by the yard, Pittsfield Works apparatus photograph 33",,,Photographs;Promotional Materials,"Pittsfield Works Photographs, Item 33",eng,2,1946-1959,,,,,[55969],In Copyright,,13511,
87fd862e-024b-496e-8b24-2e47f990c27b,DigitalDocument,ZWU_SCA0319.B11.F31.34,"Blowtorch can't harm it, Pittsfield Works apparatus photograph 34",,,Photographs;Promotional Materials,"Pittsfield Works Photographs, Item 34",eng,2,1946-1959,,,,,[55969],In Copyright,,13511,
9901d50b-cf45-4a79-bc5e-63b795ac240a,DigitalDocument,ZWU_SCA0319.B11.F31.35,"Mica by the yard, Pittsfield Works apparatus photograph 35",,,Photographs;Promotional Materials,"Pittsfield Works Photographs, Item 35",eng,2,1946-1959,,,,,[55969],In Copyright,,13511,
756f5111-53fc-4665-8c18-6a2c16ec1474,DigitalDocument,ZWU_SCA0319.B11.F31.36,"No overlaps, Pittsfield Works apparatus photograph 36",,,Photographs;Promotional Materials,"Pittsfield Works Photographs, Item 36",eng,2,1946-1959,,,,,[55969],In Copyright,,13511,
0a2e040d-57ba-4fd0-8e42-9b6d7586c753,DigitalDocument,ZWU_SCA0319.B11.F31.37,Pittsfield Works apparatus photograph 37,,,Photographs;Promotional Materials,"Pittsfield Works Photographs, Item 37",eng,2,1946-1959,,,,,[55969],In Copyright,,13511,
e8501aa8-52f5-44fa-9632-97eb1c41f8d0,DigitalDocument,ZWU_SCA0319.B11.F31.38,Pittsfield Works apparatus photograph 38,,,Photographs;Promotional Materials,"Pittsfield Works Photographs, Item 38",eng,1,1946-1959,,,,,[55969],In Copyright,,13511,
bf4b8db5-2900-436a-82b4-96ff1b0393c9,DigitalDocument,ZWU_SCA0319.B11.F31.39,Pittsfield Works apparatus photograph 39,,,Photographs;Promotional Materials,"Pittsfield Works Photographs, Item 39",eng,1,1946-1959,,,,,[55969],In Copyright,,13511,
8d6962d2-4cd9-4bd1-a127-69a6fb117eef,DigitalDocument,ZWU_SCA0319.B11.F31.40,"W.B Bill Buck 19A, Pittsfield Works apparatus photograph 40",,,Photographs;Promotional Materials,"Pittsfield Works Photographs, Item 40",eng,1,1946-1959,,,,,[55969],In Copyright,,13511,
fe106e4d-2b21-4425-ad69-574eab17276c,DigitalDocument,ZWU_SCA0319.B11.F31.41,"Coating machine and rewind and slitting machine used in manufacture of Terratex, Pittsfield Works apparatus photograph 41",,,Photographs;Promotional Materials,"Pittsfield Works Photographs, Item 41",eng,1,1946-1959,,,,,[55969],In Copyright,,13511,
8b23ab5f-4926-4718-a183-5088801ace2a,DigitalDocument,ZWU_SCA0319.B11.F31.42,"Coating machine and rewind and slitting machine used in manufacture of Terratex, Pittsfield Works apparatus photograph 42",,,Photographs;Promotional Materials,"Pittsfield Works Photographs, Item 42",eng,1,1946-1959,,,,,[55969],In Copyright,,13511,
ebb37782-257d-4069-96e9-e7770e513c56,DigitalDocument,ZWU_SCA0319.B11.F31.43,Pittsfield Works apparatus photograph 43,,,Photographs;Promotional Materials,"Pittsfield Works Photographs, Item 43",eng,2,1946-1959,,,,,[55969],In Copyright,,13511,
d3c5c144-0235-4cd0-914c-bfc1f27b8828,DigitalDocument,ZWU_SCA0319.B11.F31.44,Pittsfield Works apparatus photograph 44,,,Photographs;Promotional Materials,"Pittsfield Works Photographs, Item 44",eng,2,1946-1959,,,,,[55969],In Copyright,,13511,
b7901277-8eaa-45b1-abf3-743831f9be72,DigitalDocument,ZWU_SCA0319.B11.F31.45,Pittsfield Works apparatus photograph 45,,,Photographs;Promotional Materials,"Pittsfield Works Photographs, Item 45",eng,2,1946-1959,,,,,[55969],In Copyright,,13511,
794f27b1-6425-4dab-95de-bc1cac2a63c0,DigitalDocument,ZWU_SCA0319.B11.F31.46,"G.E News information meeting, Pittsfield Works apparatus photograph 46",,,Photographs;Promotional Materials,"Pittsfield Works Photographs, Item 46",eng,2,1946-1959,,,,,[55969],In Copyright,,13511,
44a90f30-e19d-4cf9-9753-e30022512007,DigitalDocument,ZWU_SCA0319.B11.F31.47,"G.E News, Pittsfield Works apparatus photograph 47",,,Photographs;Promotional Materials,"Pittsfield Works Photographs, Item 47",eng,2,1946-1959,,,,,[55969],In Copyright,,13511,
a0afb281-05ca-4827-8304-69900545e5bb,DigitalDocument,ZWU_SCA0319.B11.F31.48,Pittsfield Works apparatus photograph 48,,,Photographs;Promotional Materials,"Pittsfield Works Photographs, Item 48",eng,1,1946-1959,,,,,[55969],In Copyright,,13511,
7208f518-9cc1-4937-a5ed-6372c13a8c6a,DigitalDocument,ZWU_SCA0319.B11.F31.49,Pittsfield Works apparatus photograph 49,,,Photographs;Promotional Materials,"Pittsfield Works Photographs, Item 49",eng,1,1946-1959,,,,,[55969],In Copyright,,13511,
7f790533-7066-4893-87f1-2c7599c2146f,DigitalDocument,ZWU_SCA0319.B11.F31.50,Pittsfield Works apparatus photograph 50,,,Photographs;Promotional Materials,"Pittsfield Works Photographs, Item 50",eng,1,1946-1959,,,,,[55969],In Copyright,,13511,
98f1f9b0-9966-4390-bedd-d3b16308d142,DigitalDocument,ZWU_SCA0319.B11.F31.51,Pittsfield Works apparatus photograph 51,,,Photographs;Promotional Materials,"Pittsfield Works Photographs, Item 51",eng,1,1946-1959,,,,,[55969],In Copyright,,13511,
62e479f0-f05e-4b8f-a883-b877792caa90,DigitalDocument,ZWU_SCA0319.B11.F31.52,Pittsfield Works apparatus photograph 52,,,Photographs;Promotional Materials,"Pittsfield Works Photographs, Item 52",eng,1,1946-1959,,,,,[55969],In Copyright,,13511,
faf368a3-9891-4dae-b71c-b15890988ce9,DigitalDocument,ZWU_SCA0319.B11.F31.53,Pittsfield Works apparatus photograph 53,,,Photographs;Promotional Materials,"Pittsfield Works Photographs, Item 53",eng,2,1946-1959,,,,,[55969],In Copyright,,13511,
2848b727-587b-4d32-93e6-5433b02cb908,DigitalDocument,ZWU_SCA0319.B11.F31.54,Pittsfield Works apparatus photograph 54,,,Photographs;Promotional Materials,"Pittsfield Works Photographs, Item 54",eng,1,1946-1959,,,,,[55969],In Copyright,,13511,
ff22cfc6-b0c1-4ec6-b8d7-8c15cffa42f8,DigitalDocument,ZWU_SCA0319.B11.F31.55,Pittsfield Works apparatus photograph 55,,,Photographs;Promotional Materials,"Pittsfield Works Photographs, Item 55",eng,2,1946-1959,,,,,[55969],In Copyright,,13511,
37dcd68b-4e32-4852-b7bf-8274c90c275e,DigitalDocument,ZWU_SCA0319.B11.F31.56,"Tightening corrosion-resistant pressure terminal clamps on distribution transformer, Pittsfield Works apparatus photograph 56",,,Photographs;Promotional Materials,"Pittsfield Works Photographs, Item 56",eng,1,1946-1959,,,,,[55969],In Copyright,,13511,
4101d389-21c3-478b-98d3-d9f1c141065a,DigitalDocument,ZWU_SCA0319.B11.F31.57,"Core-loss tester for full-size transformer core laminations, Pittsfield Works apparatus photograph 57",,,Photographs;Promotional Materials,"Pittsfield Works Photographs, Item 57",eng,1,1946-1959,,,,,[55969],In Copyright,,13511,
dec7cb2b-8273-4f42-a73c-042e9d34608d,DigitalDocument,ZWU_SCA0319.B11.F31.58,"High-strength crepe paper on brazed splice of coil lead and cable in power transformer, Pittsfield Works apparatus photograph 58",,,Photographs;Promotional Materials,"Pittsfield Works Photographs, Item 58",eng,1,1946-1959,,,,,[55969],In Copyright,,13511,
b28eee78-86c1-4209-a647-32b46f8d6a4a,DigitalDocument,ZWU_SCA0319.B11.F31.59,"Impulse corona detection equipment, Pittsfield Works apparatus photograph 59",,,Photographs;Promotional Materials,"Pittsfield Works Photographs, Item 59",eng,1,1946-1959,,,,,[55969],In Copyright,,13511,
7d304a7a-ba21-4319-b905-df6481350638,DigitalDocument,ZWU_SCA0319.B11.F31.60,"Placing platinum electrodes for the electrolytic separation of copper, Pittsfield Works apparatus photograph 60",,,Photographs;Promotional Materials,"Pittsfield Works Photographs, Item 60",eng,1,1946-1959,,,,,[55969],In Copyright,,13511,
56ac7d14-62ff-41e1-a812-97c1ae9130dd,DigitalDocument,ZWU_SCA0319.B11.F31.61,Pittsfield Works apparatus photograph 61,,,Photographs;Promotional Materials,"Pittsfield Works Photographs, Item 61",eng,2,1946-1959,,,,,[55969],In Copyright,,13511,
63c034db-3546-457e-a18d-cde9c0fad34d,DigitalDocument,ZWU_SCA0319.B11.F31.62,"Test equipment for measurements of ionization voltage levels and intensities, Pittsfield Works apparatus photograph 62",,,Photographs;Promotional Materials,"Pittsfield Works Photographs, Item 62",eng,2,1946-1959,,,,,[55969],In Copyright,,13511,
00339c46-4ef9-4507-a4b5-6ef659b7b3e0,DigitalDocument,ZWU_SCA0319.B11.F31.63,"Test equipment for measurements of ionization voltage levels and intensities, Pittsfield Works apparatus photograph 63",,,Photographs;Promotional Materials,"Pittsfield Works Photographs, Item 63",eng,1,1946-1959,,,,,[55969],In Copyright,,13511,
f7039b96-800a-4584-998f-8801e11f4498,DigitalDocument,ZWU_SCA0319.B11.F31.64,"500 KV Impulse generator, Pittsfield Works apparatus photograph 64",,,Photographs;Promotional Materials,"Pittsfield Works Photographs, Item 64",eng,1,1946-1959,,,,,[55969],In Copyright,,13511,
16f14a6b-1168-4fbb-a7d6-f6aed739dc79,DigitalDocument,ZWU_SCA0319.B11.F31.65,"500 KV Impulse generator, Pittsfield Works apparatus photograph 65",,,Photographs;Promotional Materials,"Pittsfield Works Photographs, Item 65",eng,1,1946-1959,,,,,[55969],In Copyright,,13511,
3230797f-1a7b-4d8d-905d-2bf934ae4f2e,DigitalDocument,ZWU_SCA0319.B11.F31.66,"500 KV Impulse generator, Pittsfield Works apparatus photograph 66",,,Photographs;Promotional Materials,"Pittsfield Works Photographs, Item 66",eng,1,1946-1959,,,,,[55969],In Copyright,,13511,
000fcf70-da53-4197-bc55-49ff038cb4fa,DigitalDocument,ZWU_SCA0319.B11.F31.67,"500 KV Impulse generator, Pittsfield Works apparatus photograph 67",,,Photographs;Promotional Materials,"Pittsfield Works Photographs, Item 67",eng,1,1946-1959,,,,,[55969],In Copyright,,13511,
6a9d9fbb-d610-4417-ae91-c5deec254239,DigitalDocument,ZWU_SCA0319.B11.F31.68,"Mica paper machine, Pittsfield Works apparatus photograph 68",,,Photographs;Promotional Materials,"Pittsfield Works Photographs, Item 68",eng,1,1946-1959,,,,,[55969],In Copyright,,13511,
13810da2-e01f-4909-bc28-68c0fdbc4590,DigitalDocument,ZWU_SCA0319.B11.F31.69,"Beckman spectrophotometer, Pittsfield Works apparatus photograph 69",,,Photographs;Promotional Materials,"Pittsfield Works Photographs, Item 69",eng,1,1946-1959,,,,,[55969],In Copyright,,13511,
dd617c8e-5078-4086-823d-4343c25693d3,DigitalDocument,ZWU_SCA0319.B11.F31.70,Pittsfield Works apparatus photograph 70,,,Photographs;Promotional Materials,"Pittsfield Works Photographs, Item 70",eng,1,1946-1959,,,,,[55969],In Copyright,,13511,
775d285f-40af-4448-8602-251ff2b7c40a,DigitalDocument,ZWU_SCA0319.B11.F31.71,"Vacuum fusion apparatus, Pittsfield Works apparatus photograph 71",,,Photographs;Promotional Materials,"Pittsfield Works Photographs, Item 71",eng,1,1946-1959,,,,,[55969],In Copyright,,13511,
064039df-e049-401c-9e38-838e6146c32a,DigitalDocument,ZWU_SCA0319.B11.F31.72,"Amplidyne control with plug-in type electronic circuits, Pittsfield Works apparatus photograph 72",,,Photographs;Promotional Materials,"Pittsfield Works Photographs, Item 72",eng,1,1946-1959,,,,,[55969],In Copyright,,13511,
e27c1c9a-8551-479b-a162-5355cf725842,DigitalDocument,ZWU_SCA0319.B11.F31.73,"Paper testing machine, Pittsfield Works apparatus photograph 73",,,Photographs;Promotional Materials,"Pittsfield Works Photographs, Item 73",eng,1,1946-1959,,,,,[55969],In Copyright,,13511,
6ebf794b-d298-4f32-9c93-62a0947c8a28,DigitalDocument,ZWU_SCA0319.B11.F31.74,"Amplidyne control with plug-in type electronic circuits, Pittsfield Works apparatus photograph 74",,,Photographs;Promotional Materials,"Pittsfield Works Photographs, Item 74",eng,1,1946-1959,,,,,[55969],In Copyright,,13511,
fdb78909-f59e-4836-9f16-2fe8f469249b,DigitalDocument,ZWU_SCA0319.B11.F31.75,"Furnace brazing operations in Tap Laboratory, Pittsfield Works apparatus photograph 75",,,Photographs;Promotional Materials,"Pittsfield Works Photographs, Item 75",eng,1,1946-1959,,,,,[55969],In Copyright,,13511,
66493105-ae38-4eb9-8efe-2e948089513c,DigitalDocument,ZWU_SCA0319.B11.F31.76,"Rescon impregnating machine, Pittsfield Works apparatus photograph 76",,,Photographs;Promotional Materials,"Pittsfield Works Photographs, Item 76",eng,1,1946-1959,,,,,[55969],In Copyright,,13511,
4032df06-281b-45c5-bcfb-f35c486df62c,DigitalDocument,ZWU_SCA0319.B11.F31.77,"Rescon life testing equipment, Pittsfield Works apparatus photograph 77",,,Photographs;Promotional Materials,"Pittsfield Works Photographs, Item 77",eng,1,1946-1959,,,,,[55969],In Copyright,,13511,
57d17fc0-261f-47d6-a79a-e6f05b8d76fb,DigitalDocument,ZWU_SCA0319.B11.F31.78,"Rescon impregnating machine, Pittsfield Works apparatus photograph 78",,,Photographs;Promotional Materials,"Pittsfield Works Photographs, Item 78",eng,1,1946-1959,,,,,[55969],In Copyright,,13511,
e8931ed0-be52-413e-8bf0-ecd587c1214f,DigitalDocument,ZWU_SCA0319.B11.F31.79,"Corona measuring equipment and controls for radio noise, Pittsfield Works apparatus photograph 79",,,Photographs;Promotional Materials,"Pittsfield Works Photographs, Item 79",eng,1,1946-1959,,,,,[55969],In Copyright,,13511,
8bdf8b88-5631-4699-afa3-2bc2037f7191,DigitalDocument,ZWU_SCA0319.B11.F31.80,"Two-station high-vacuum system, Pittsfield Works apparatus photograph 80",,,Photographs;Promotional Materials,"Pittsfield Works Photographs, Item 80",eng,2,1946-1959,,,,,[55969],In Copyright,,13511,
c020bb89-aa03-403f-b9fd-ca16ebe157f3,DigitalDocument,ZWU_SCA0319.B11.F31.81,Pittsfield Works apparatus photograph 81,,,Photographs;Promotional Materials,"Pittsfield Works Photographs, Item 81",eng,1,1946-1959,,,,,[55969],In Copyright,,13511,
712d85bc-3642-4b9a-8f63-4e047cfcc734,DigitalDocument,ZWU_SCA0319.B11.F31.82,"Surface of 3052 Rescon, Pittsfield Works apparatus photograph 82",,,Photographs;Promotional Materials,"Pittsfield Works Photographs, Item 82",eng,1,1946-1959,,,,,[55969],In Copyright,,13511,
edaf2830-a900-4804-bf87-134671ec7c91,DigitalDocument,ZWU_SCA0319.B11.F31.84,"Water-cooled, melaven type mercury cathode cell, Pittsfield Works apparatus photograph 84",,,Photographs;Promotional Materials,"Pittsfield Works Photographs, Item 84",eng,1,1946-1959,,,,,[55969],In Copyright,,13511,
ccea6f72-ce5b-4fa8-8e8d-1cfe137bc3f0,DigitalDocument,ZWU_SCA0319.B11.F31.85,"GE sealed dry type transformer, Pittsfield Works apparatus photograph 85",,,Photographs;Promotional Materials,"Pittsfield Works Photographs, Item 85",eng,1,1946-1959,,,,,[55969],In Copyright,,13511,
15865d7e-9310-4261-8205-d5b72803b927,DigitalDocument,ZWU_SCA0319.B11.F31.86,"Painted test panels after 700 hours of ASTM salt-spray test, Pittsfield Works apparatus photograph 86",,,Photographs;Promotional Materials,"Pittsfield Works Photographs, Item 86",eng,1,1946-1959,,,,,[55969],In Copyright,,13511,
f3ecf1a2-e6c1-4084-9d15-f8c84d59942f,DigitalDocument,ZWU_SCA0319.B11.F31.87,"Lightning arrester ball welding operation, Pittsfield Works apparatus photograph 87",,,Photographs;Promotional Materials,"Pittsfield Works Photographs, Item 87",eng,1,1946-1959,,,,,[55969],In Copyright,,13511,
6208e596-52f5-48ac-b866-66558bfeb510,DigitalDocument,ZWU_SCA0319.B11.F31.88,"Factory extrusion machine, Pittsfield Works apparatus photograph 88",,,Photographs;Promotional Materials,"Pittsfield Works Photographs, Item 88",eng,1,1946-1959,,,,,[55969],In Copyright,,13511,
04fc6e14-b429-4ffb-8123-25c1e2ea52d5,DigitalDocument,ZWU_SCA0319.B11.F31.89,Pittsfield Works apparatus photograph 89,,,Photographs;Promotional Materials,"Pittsfield Works Photographs, Item 89",eng,2,1946-1959,,,,,[55969],In Copyright,,13511,
168b05db-2594-44fb-9ba9-afdbc3abe5c3,DigitalDocument,ZWU_SCA0319.B11.F31.90,"Laboratory set-up for applying pressure and vibration to transformer coil, Pittsfield Works apparatus photograph 90",,,Photographs;Promotional Materials,"Pittsfield Works Photographs, Item 90",eng,1,1946-1959,,,,,[55969],In Copyright,,13511,
a3487d88-fd36-492c-bdcb-a9b4ba022fc8,DigitalDocument,ZWU_SCA0319.B11.F31.91,"G-E portable di electric capacitance and power-factor bridge, Pittsfield Works apparatus photograph 91",,,Photographs;Promotional Materials,"Pittsfield Works Photographs, Item 91",eng,1,1946-1959,,,,,[55969],In Copyright,,13511,
3bf64376-d4d9-40ee-a474-455bd0331e62,DigitalDocument,ZWU_SCA0319.B11.F31.92,"Pressure test of developmental transformer tank, Pittsfield Works apparatus photograph 92",,,Photographs;Promotional Materials,"Pittsfield Works Photographs, Item 92",eng,2,1946-1959,,,,,[55969],In Copyright,,13511,
a2587021-b8c0-40f9-86ab-0cf6b3391c0c,DigitalDocument,ZWU_SCA0319.B11.F31.93,"G-E automatic capacitor test, Pittsfield Works apparatus photograph 93",,,Photographs;Promotional Materials,"Pittsfield Works Photographs, Item 93",eng,1,1946-1959,,,,,[55969],In Copyright,,13511,
be7b29bf-2822-4618-b9fc-eba34b2c0414,DigitalDocument,ZWU_SCA0319.B11.F31.94,"Furnace brazing operations, Pittsfield Works apparatus photograph 94",,,Photographs;Promotional Materials,"Pittsfield Works Photographs, Item 94",eng,1,1946-1959,,,,,[55969],In Copyright,,13511,
006373d3-8e7d-4479-82a4-e540a78e75a7,DigitalDocument,ZWU_SCA0319.B11.F31.95,"View of the developmental furnace floor, Pittsfield Works apparatus photograph 95",,,Photographs;Promotional Materials,"Pittsfield Works Photographs, Item 95",eng,1,1946-1959,,,,,[55969],In Copyright,,13511,
d6e84f9a-9414-4269-bc97-dc8adccaf14e,DigitalDocument,ZWU_SCA0319.B11.F31.96,"Furnace brazing operations, Pittsfield Works apparatus photograph 96",,,Photographs;Promotional Materials,"Pittsfield Works Photographs, Item 96",eng,2,1946-1959,,,,,[55969],In Copyright,,13511,
9fd6eed8-4ae9-457e-8f77-8a7044a9f8cd,DigitalDocument,ZWU_SCA0319.B11.F31.97,"Pilot plant beater, Pittsfield Works apparatus photograph 97",,,Photographs;Promotional Materials,"Pittsfield Works Photographs, Item 97",eng,1,1946-1959,,,,,[55969],In Copyright,,13511,
fbfbac07-2ad1-4ae6-81a3-a983fe04f6c6,DigitalDocument,ZWU_SCA0319.B11.F31.98,"Vacuum melting research studies, Pittsfield Works apparatus photograph 98",,,Photographs;Promotional Materials,"Pittsfield Works Photographs, Item 98",eng,1,1946-1959,,,,,[55969],In Copyright,,13511,
2de8946c-e006-4ef3-aedb-fc653634a9d7,DigitalDocument,ZWU_SCA0319.B11.F31.99,Pittsfield Works apparatus negative 99,,,Photographs;Promotional Materials,"Pittsfield Works Negatives, Item 99",eng,2,1946-1959,,,,,[55969],In Copyright,,13511,
45a10d27-55d1-4c07-8a2a-be6f588f9755,DigitalDocument,ZWU_SCA0319.B11.F31.100,Pittsfield Works apparatus negative 100,,,Photographs;Promotional Materials,"Pittsfield Works Negatives, Item 100",eng,1,1946-1959,,,,,[55969],In Copyright,,13511,
d938cc0c-54bd-4d50-9080-9876594a7e15,DigitalDocument,ZWU_SCA0319.B11.F31.101,Pittsfield Works apparatus negative 101,,,Photographs;Promotional Materials,"Pittsfield Works Negatives, Item 101",eng,3,1946-1959,,,,,[55969],In Copyright,,13511,
70f1910e-81c4-4d9a-9538-ca373ef39fa6,DigitalDocument,ZWU_SCA0319.B11.F31.102,"General Electric Co. Mathewson Award winners, Pittsfield Works apparatus negative 102",,,Photographs;Promotional Materials,"Pittsfield Works Negatives, Item 102",eng,1,,2/20/1952,,,,[55969],In Copyright,,13511,
c513b9c6-d8bb-4170-adef-7d6fc8061d1d,DigitalDocument,ZWU_SCA0319.B11.F31.103,"General Electric Co. Mathewson Award winners, Pittsfield Works apparatus negative 103",,,Photographs;Promotional Materials,"Pittsfield Works Negatives, Item 103",eng,1,,1/1/1952,,,,[55969],In Copyright,,13511,
6abe8ab9-35bf-47f6-8b4c-40d780d36d33,DigitalDocument,ZWU_SCA0319.B11.F31.104,"Rescon impregnating machine, Pittsfield Works apparatus photograph 104",,,Photographs;Promotional Materials,"Pittsfield Works Photographs, Item 104",eng,1,1946-1959,,,,,[55969],In Copyright,,13511,
7dc5ef61-48f6-47e4-b7bd-930678cafbcb,DigitalDocument,ZWU_SCA0319.B11.F31.105,"Rescon life testing equipment, Pittsfield Works apparatus photograph 105",,,Photographs;Promotional Materials,"Pittsfield Works Photographs, Item 105",eng,1,1946-1959,,,,,[55969],In Copyright,,13511,
94b747d6-f438-431d-b321-a1bfc72a3bad,DigitalDocument,ZWU_SCA0319.B11.F31.106,"Developmental, cast, glass bushings of various designs,Pittsfield Works apparatus photograph 106",,,Photographs;Promotional Materials,"Pittsfield Works Photographs, Item 106",eng,1,1946-1959,,,,,[55969],In Copyright,,13511,
8958966d-d6b2-4fda-a1a1-003dcb7befe3,DigitalDocument,ZWU_SCA0319.B11.F31.107,"Transformer oil oxidation test, Pittsfield Works apparatus photograph 107",,,Photographs;Promotional Materials,"Pittsfield Works Photographs, Item 107",eng,1,1946-1959,,,,,[55969],In Copyright,,13511,
e476102e-b65f-4a4b-a583-2664c065ec68,DigitalDocument,ZWU_SCA0319.B11.F31.108,"Rescon impregnating machine, Pittsfield Works apparatus photograph 108",,,Photographs;Promotional Materials,"Pittsfield Works Photographs, Item 108",eng,1,1946-1959,,,,,[55969],In Copyright,,13511,
502dccc6-02f6-4830-b079-53b96ade13d5,DigitalDocument,ZWU_SCA0319.B11.F31.109,"Laboratory setup for applying pressure and vibration to transformer coil, Pittsfield Works apparatus photograph 109",,,Photographs;Promotional Materials,"Pittsfield Works Photographs, Item 109",eng,1,1946-1959,,,,,[55969],In Copyright,,13511,
5b4a01c6-d44a-4701-9016-720727447b0a,DigitalDocument,ZWU_SCA0319.B11.F31.110,"General Electric PL negative review, Pittsfield Works apparatus negatives",,,Photographs;Promotional Materials,"Pittsfield Works Photographs, Item 110",eng,3,,1/20/1959,,,,[55969],In Copyright,,13511,
3d660f78-d85d-46d0-a028-b23d10ad36fd,DigitalDocument,ZWU_SCA0319.B11.F31.111,"Developing, Pittsfield Works apparatus photograph 111",,,Photographs;Promotional Materials,"Pittsfield Works Photographs, Item 111",eng,2,1946-1959,,,,,[55969],In Copyright,,13511,
338b6cb3-5531-4163-b3fe-daccac36efcd,DigitalDocument,ZWU_SCA0319.B11.F31.112,"Index shear conveyor system, Pittsfield Works apparatus photograph 112",,,Photographs;Promotional Materials,"Pittsfield Works Photographs, Item 112",eng,1,1946-1959,,,,,[55969],In Copyright,,13511,
8463f760-836a-4af9-a24e-779f5a40efaa,DigitalDocument,ZWU_SCA0319.B11.F31.113,"Index shear for bolted preformed cores, Pittsfield Works apparatus photograph 113",,,Photographs;Promotional Materials,"Pittsfield Works Photographs, Item 113",eng,1,1946-1959,,,,,[55969],In Copyright,,13511,
32eb3514-7e76-4a28-a9a0-767f93472588,DigitalDocument,ZWU_SCA0319.B11.F31.114,"Index shear for bolted preformed cores, Pittsfield Works apparatus photograph 114",,,Photographs;Promotional Materials,"Pittsfield Works Photographs, Item 114",eng,1,1946-1959,,,,,[55969],In Copyright,,13511,
2e8cc1e8-ca1b-412b-a5a6-ecd8365190da,DigitalDocument,ZWU_SCA0319.B11.F31.115,"Coating and drying machine for bolted machine, Pittsfield Works apparatus photograph 115",,,Photographs;Promotional Materials,"Pittsfield Works Photographs, Item 115",eng,1,1946-1959,,,,,[55969],In Copyright,,13511,
d67d7a14-b9cd-45ab-b0e6-94e8e4bffd6a,DigitalDocument,ZWU_SCA0319.B11.F31.116,"Preformed core being pressed into rectangular shape, Pittsfield Works apparatus photograph 116",,,Photographs;Promotional Materials,"Pittsfield Works Photographs, Item 116",eng,1,1946-1959,,,,,[55969],In Copyright,,13511,
7c73340c-8f02-44cf-a3d2-77fab11573d7,DigitalDocument,ZWU_SCA0319.B11.F31.117,"Core-loss tester, Pittsfield Works apparatus photograph 117",,,Photographs;Promotional Materials,"Pittsfield Works Photographs, Item 117",eng,1,1946-1959,,,,,[55969],In Copyright,,13511,
01d55822-5ba7-4ae3-b1dd-6bf8430fc7cd,DigitalDocument,ZWU_SCA0319.B11.F31.118,"Amplidyne control with plug-in type electronic circuits, Pittsfield Works apparatus photograph 118",,,Photographs;Promotional Materials,"Pittsfield Works Photographs, Item 118",eng,1,1946-1959,,,,,[55969],In Copyright,,13511,
fcc9ee40-dea4-49ac-995c-1fd5339f9b75,DigitalDocument,ZWU_SCA0319.B11.F31.119,"Core-loss tester for full-size transformer core laminations, Pittsfield Works apparatus photograph 119",,,Photographs;Promotional Materials,"Pittsfield Works Photographs, Item 119",eng,1,1946-1959,,,,,[55969],In Copyright,,13511,
808c3db9-5985-4ff3-9e6c-20f5c93ae9f6,DigitalDocument,ZWU_SCA0319.B11.F31.120,Pittsfield Works apparatus photograph 120,,,Photographs;Promotional Materials,"Pittsfield Works Photographs, Item 120",eng,2,1946-1959,,,,,[55969],In Copyright,,13511,
2e11f6cb-58b7-43de-b039-1760a5108070,DigitalDocument,ZWU_SCA0319.B11.F31.121,"High-strength crepe paper on brazed splice of coil lead and cable in power transformer, Pittsfield Works apparatus photograph 121",,,Photographs;Promotional Materials,"Pittsfield Works Photographs, Item 121",eng,1,1946-1959,,,,,[55969],In Copyright,,13511,
5bbd682c-37d9-4351-9c6e-e14a5b97a1e3,DigitalDocument,ZWU_SCA0319.B11.F31.122,"Impulse corona detection equipment, Pittsfield Works apparatus photograph 122",,,Photographs;Promotional Materials,"Pittsfield Works Photographs, Item 122",eng,3,1946-1959,,,,,[55969],In Copyright,,13511,
4f47d4d6-dc9b-4e16-ae58-791d7920a161,DigitalDocument,ZWU_SCA0319.B11.F31.123,General Electric News Note,,,Photographs;Promotional Materials,"Pittsfield Works Photographs, Item 123",eng,1,,2/19/1954,,,,[55969],In Copyright,,13511,
52deb2d3-862a-4037-8e70-0d7cf90551f7,DigitalDocument,ZWU_SCA0319.B11.F31.124,Correspondence from Laboratory Engineering Department,,,Photographs;Promotional Materials,"Pittsfield Works Photographs, Item 124",eng,2,,3/11/1953,,,,[55969],In Copyright,,13511,
4e057286-46f6-4d34-a0f8-fc296e834733,DigitalDocument,ZWU_SCA0319.B11.F31.125,Envelope of various Pittsfield Works Negatives (4),,,Photographs;Promotional Materials,"Pittsfield Works Photographs, Item 125",eng,5,1946-1959,,,,,[55969],In Copyright,,13511,
4eb7b5dd-f247-4192-8cb3-989a71ebcd06,DigitalDocument,ZWU_SCA0319.B11.F31.126,General Electric Campaign-Transformer Division filing,,,Photographs;Promotional Materials,"Pittsfield Works Photographs, Item 126",eng,1,,4/1/1940,,,,[55969],In Copyright,,13511,
4516c270-1a67-478d-a1f4-f58f5227ce6c,DigitalDocument,ZWU_SCA0319.B11.F31.127,Pittsfield Works apparatus photograph 127,,,Photographs;Promotional Materials,"Pittsfield Works Photographs, Item 127",eng,1,1946-1959,,,,,[55969],In Copyright,,13511,
afa43c62-68d6-4fd9-9f3c-360bd8470d58,DigitalDocument,ZWU_SCA0319.B11.F31.128,"Laboratory Elevator Furnace, Pittsfield Works apparatus photograph 128",,,Photographs;Promotional Materials,"Pittsfield Works Photographs, Item 128",eng,1,1946-1959,,,,,[55969],In Copyright,,13511,
143a78a2-3638-46f5-a71e-29b5b13b38bd,DigitalDocument,ZWU_SCA0319.B11.F31.129,"Laboratory Elevator Furnace, Pittsfield Works apparatus photograph 129",,,Photographs;Promotional Materials,"Pittsfield Works Photographs, Item 129",eng,1,1946-1959,,,,,[55969],In Copyright,,13511,
e0cc7ca2-93e8-4844-ab12-156cb0296f84,DigitalDocument,ZWU_SCA0319.B11.F31.130,Pittsfield Works apparatus photograph 130,,,Photographs;Promotional Materials,"Pittsfield Works Photographs, Item 130",eng,1,1946-1959,,,,,[55969],In Copyright,,13511,
4ab789d3-d43a-4274-9cd3-f14f60b5c996,DigitalDocument,ZWU_SCA0319.B11.F31.131,"Pure mica by the roll, General Electric publication",,,Photographs;Promotional Materials,"Pittsfield Works Photographs, Item 131",eng,2,1946-1959,,,,,[55969],In Copyright,,13511,
66a135ec-b982-4635-8286-dddc257027ff,DigitalDocument,ZWU_SCA0319.B11.F31.132,"Lightening corrosion, Pittsfield Works apparatus photograph 132",,,Photographs;Promotional Materials,"Pittsfield Works Photographs, Item 132",eng,1,1946-1959,,,,,[55969],In Copyright,,13511,
1f7feedd-3a87-4032-a450-c28ef0aaa158,DigitalDocument,ZWU_SCA0319.B10.F10.04,"Frank William Peek, published works, Item 10",,,Correspondence,,eng;ita,17 pages,1931-07,7/1/1931,"Peek, F. W. (Frank William), 1881-1933",,,[55969],In Copyright,,13366,
76e12121-a16a-4b5b-985a-76fbaeb0d261,DigitalDocument,ZWU_SCA0319.B10.F10.05,"Frank William Peek, published works, Item 11",,,Correspondence,,eng,44 pages,1931-06,6/1/1931,"Peek, F. W. (Frank William), 1881-1933",,,[55969],In Copyright,,13366,
e750f513-4951-4ca4-ae86-294bfe78f5d3,DigitalDocument,ZWU_SCA0319.B10.F10.06,"Frank William Peek, published works, Item 12",,,Correspondence,,eng,38 pages,1930,1/1/1930,"Peek, F. W. (Frank William), 1881-1933",,,[55969],In Copyright,,13366,
84d2743e-7b96-492e-9f53-182428b1460d,DigitalDocument,ZWU_SCA0319.B10.F10.07,"Frank William Peek, published works, Item 13",,,Correspondence,,eng,62 pages,1929,1/1/1929,"Peek, F. W. (Frank William), 1881-1933",,,[55969],In Copyright,,13366,
de2b3d4b-f185-4e6a-86c8-2f8d5bec6e5b,DigitalDocument,ZWU_SCA0319.B10.F10.08,"Frank William Peek, published works, Item 14",,,Correspondence,,eng,39 pages,1929-10,10/1/1929,"Peek, F. W. (Frank William), 1881-1933",,,[55969],In Copyright,,13366,
c77ef1e2-a4a0-4dfa-bbb4-45a8da638085,DigitalDocument,ZWU_SCA0319.B10.F10.09,"Frank William Peek, published works, Item 15",,,Correspondence,,eng,32 pages,1929,1/1/1929,"Peek, F. W. (Frank William), 1881-1933",,,[55969],In Copyright,,13366,
d881d2c2-2723-45b9-989e-c32f5742a9cc,DigitalDocument,ZWU_SCA0319.B10.F11.01,"Franklin Institute lecture and photographs, photos and figures",,,Correspondence,,,70 pages,1923-1927,1/1/1923,"Peek, F. W. (Frank William), 1881-1933",,,[55969],In Copyright,,13404,
af70d11b-658a-481b-b52f-805b0802dbe1,DigitalDocument,ZWU_SCA0319.B10.F11.03,Lightning and High-Voltage Phenomena,,,Correspondence,,eng,60 pages,1927-05,5/1/1927,"Peek, F. W. (Frank William), 1881-1933",,General Electric Company,[55969],In Copyright,,13404,
462daf3e-5429-4849-8db8-ec6c9856b09b,DigitalDocument,ZWU_SCA0319.B10.F11.04,"High Voltage Phenomena, Lecture, Franklin Institute",,,Correspondence,,eng,17 pages,,11/15/1923,"Peek, F. W. (Frank William), 1881-1933",,,[55969],In Copyright,,13404,
b10d3dd2-4341-4dda-8539-ba23049b3ea2,DigitalDocument,ZWU_SCA0319.B10.F11.05,"Index of lectures on ""Lightning"", 1924 - 1935",,,Correspondence,,eng,16 pages,1923,1/1/1923,,,,[55969],In Copyright,,13404,
9053e088-6f19-425b-a2f4-eb8a01b6f065,DigitalDocument,ZWU_SCA0319.B10.F11.06,"Correspondence, notes and lecture regarding the founding of the Franklin Institute",,,Correspondence,,eng,67 pages,1924-07,7/1/1924,"Peek, F. W. (Frank William), 1881-1933",,General Electric Company,[55969],In Copyright,,13404,
f7f3441e-c314-4d29-9e15-4bf2b4f8c898,DigitalDocument,ZWU_SCA0319.B10.F11.07,"The GE Monogram, Vol. 1, No. 10",,,Correspondence,,eng,6 pages,1924-07,7/1/1924,General Electric Company,,General Electric Company,[55969],In Copyright,,13404,
c988134a-9dcd-4610-be33-6bbea0ef9446,DigitalDocument,ZWU_SCA0319.B10.F12,"Franklin Institute, ""High Voltage Phenomena"", manuscript",,,Correspondence,,eng,195 pages,1924-01,1/1/1924,"Peek, F. W. (Frank William), 1881-1933",,"American Institute of Electrical Engineers, Schenectady Section",[55969],In Copyright,,13404,
f643b90d-1e9f-497d-bbfe-c2450f4c7527,DigitalDocument,ZWU_SCA0319.B10.F13.01,"Steinmetz Memorial Lecture, First Annual",,,Correspondence,,eng,30 pages,,5/8/1925,,,"American Institute of Electrical Engineers, Schenectady Section",[55969],In Copyright,,13405,
b8d719c6-65c4-443a-89f2-80831620aa38,DigitalDocument,ZWU_SCA0319.B10.F13.02,"Steinmetz Memorial Lecture, Second Annual",,,Correspondence,,eng,34 pages,,4/23/1926,,,"American Institute of Electrical Engineers, Schenectady Section",[55969],In Copyright,,13405,
73241a77-eab9-4d69-8268-92c586078fe1,DigitalDocument,ZWU_SCA0319.B10.F13.03,"Steinmetz Memorial Lecture, Third Annual",,,Correspondence,,eng,38 pages,,4/20/1927,,,"American Institute of Electrical Engineers, Schenectady Section",[55969],In Copyright,,13405,
a727b886-8ae4-4f95-9f56-97fab182026b,DigitalDocument,ZWU_SCA0319.B10.F13.04,"Steinmetz Memorial Lecture, Fourth Annual",,,Correspondence,,eng,30 pages,,4/14/1928,,,"American Institute of Electrical Engineers, Schenectady Section",[55969],In Copyright,,13405,
6f87f88f-bcc3-4914-a444-3ae6e80543f4,DigitalDocument,ZWU_SCA0319.B10.F13.05,"Steinmetz Memorial Lecture, Fifth Annual",,,Correspondence,,eng,22 pages,,3/8/1929,,,"American Institute of Electrical Engineers, Schenectady Section",[55969],In Copyright,,13405,
0938db79-a628-468d-a080-5079a0814122,DigitalDocument,ZWU_SCA0319.B10.F13.06,"Steinmetz Memorial Lecture, Sixth Annual",,,Correspondence,,eng,34 pages,,3/7/1930,,,"American Institute of Electrical Engineers, Schenectady Section",[55969],In Copyright,,13405,
c60a89d0-169c-4919-a4fa-6d4f09f7aa2e,DigitalDocument,ZWU_SCA0319.B10.F13.07,"Steinmetz Memorial Lecture, Seventh Annual",,,Correspondence,,eng,30 pages,,11/18/1932,,,"American Institute of Electrical Engineers, Schenectady Section",[55969],In Copyright,,13405,
4d03e75a-21cf-4a4a-ade8-f4cab6b318de,DigitalDocument,ZWU_SCA0319.B10.F13.08,"Steinmetz Memorial Lecture, Eighth Annual",,,Correspondence,,eng,28 pages,,1/10/1934,,,"American Institute of Electrical Engineers, Schenectady Section",[55969],In Copyright,,13405,
40c29fed-cdd0-4df4-9070-262eba13c28b,DigitalDocument,ZWU_SCA0319.B10.F13.09,"Steinmetz Memorial Lecture, Tenth Annual",,,Correspondence,,eng,16 pages,,4/20/1936,,,"American Institute of Electrical Engineers, Schenectady Section",[55969],In Copyright,,13405,
69cbb0b8-6966-4fbf-a6c2-030009e35584,DigitalDocument,ZWU_SCA0319.B10.F13.10,"Steinmetz Memorial Lecture, Seventeenth Annual",,,Correspondence,,eng,12 pages,,5/18/1944,,,"American Institute of Electrical Engineers, Schenectady Section",[55969],In Copyright,,13405,
08556476-67db-4c34-888c-f6b6715af7d0,DigitalDocument,ZWU_SCA0319.B10.F13.11,"Steinmetz Memorial Lecture, Twenty-Fourth Annual",,,Correspondence,,eng,20 pages,,5/21/1952,,,"American Institute of Electrical Engineers, Schenectady Section",[55969],In Copyright,,13405,
db22c383-7e60-475f-a26c-e845326c9818,DigitalDocument,ZWU_SCA0319.B10.F14,"Correspondence, notes and program regarding the Fiftieth Anniversary of Alternating Current System in America",,,Correspondence,,eng,57 pages,1935-1936,1/1/1935,,,,[55969],In Copyright,,13367,
a486fe4b-7ce0-4688-8da7-364393800d49,DigitalDocument,ZWU_SCA0319.B15.01,Scrapbook of G.E news clippings on labor at Pittsfield Plant,,,Scrapbooks,News clippings relating to the strike in 1916 and labor disputes in 1918 at the G.E Pittsfield Plant.,eng,54 pages,1946,1/1/1946,,,,[55969],In Copyright,,15540,
be29597e-9ea6-4239-908e-b40ebaaa92df,DigitalDocument,ZWU_SCA0319.B15.02,Scrapbook of Stanley Electric Manufacturing CO. Machinery,,,Scrapbooks,"Scrapbook includes photographs and prints of Stanley Electric Manufacturing Co. machinery and technology, including the S.K.C system.",eng,160 pages,1900-1905,1/1/1900,,,,[55969],In Copyright,,15539,
751c48ff-4b18-451a-98fd-ee3bec3a3b1f,DigitalDocument,ZWU_SCA0319.B10.F03.28,"Discussion, New York, April 26, 1915",,,Correspondence,,eng,2 pages,,4/26/1915,"Peek, F. W. (Frank William), 1881-1933",,,[55969],In Copyright,,13366,
0e2044a4-13cd-4737-9633-342070c2ff8f,DigitalDocument,ZWU_SCA0319.B10.F03.29,Law of Corona and Spark-Over in Oil,,,Correspondence,,eng,23 pages,,5/24/1915,"Peek, F. W. (Frank William), 1881-1933",,,[55969],In Copyright,,13366,
73e3fd7c-1fa1-470f-b67d-8ddd7bc51418,DigitalDocument,ZWU_SCA0319.B10.F03.30,Boro Silicate Suspension Insulators,,,Correspondence,,eng,3 pages,,6/16/1915,"Peek, F. W. (Frank William), 1881-1933",,,[55969],In Copyright,,13366,
a4956ec5-82cf-4d3a-8208-23d24939bb60,DigitalDocument,ZWU_SCA0319.B10.F03.31,"High Frequency, GE Review",,,Correspondence,,eng,4 pages,1915-09,9/1/1915,"Peek, F. W. (Frank William), 1881-1933",,,[55969],In Copyright,,13366,
8b759e2d-b0fc-4e88-903e-016cf53b5d47,DigitalDocument,ZWU_SCA0319.B10.F03.32,An Investigation of Dielectric Losses with the Cathode Ray Tube by John. P. Minton,,,Correspondence,,eng,4 pages,1915-07,7/1/1915,"Peek, F. W. (Frank William), 1881-1933",,,[55969],In Copyright,,13366,
264c2ca5-ca67-4e94-b501-e55d2ccfc3c7,DigitalDocument,ZWU_SCA0319.B10.F03.33,"Discussion of the ""Electric Strength of Air - VI"" by J. B. Whitehead",,,Correspondence,,eng,8 pages,1915-07,7/1/1915,"Peek, F. W. (Frank William), 1881-1933",,,[55969],In Copyright,,13366,
314ff53e-9e23-4d65-9826-66495867e633,DigitalDocument,ZWU_SCA0319.B10.F04.01,Papers regarding dielectrics and voltages,,,Correspondence,,eng,147 pages,1915-04-08;1915-06-29;1915-11-12;1916-06,4/8/1915,"Peek, F. W. (Frank William), 1881-1933",,,[55969],In Copyright,,13366,
ace1ad05-ad60-4464-89ce-ccb3440aafd4,DigitalDocument,ZWU_SCA0319.B10.F04.02,"Lightning, 1916",,,Correspondence,,eng,11 pages,1916,1/19/1916,"Peek, F. W. (Frank William), 1881-1933",,,[55969],In Copyright,,13366,
951b6d55-93c3-4b74-9bf2-5f2db14817b9,DigitalDocument,ZWU_SCA0319.B10.F04.03,"A.I.E.E. Discussions, New York City, February 1916",,,Correspondence,,eng,4 pages,,2/8/1916,"Peek, F. W. (Frank William), 1881-1933",,,[55969],In Copyright,,13366,
164cb764-05be-4404-82a5-4b714ad9922a,DigitalDocument,ZWU_SCA0319.B10.F04.04,"The Effect of Rain, Moisture, Dust, Etc. on the Spark-Over Voltage of Gaps",,,Correspondence,,eng,4 pages,,3/30/1916,"Peek, F. W. (Frank William), 1881-1933",,,[55969],In Copyright,,13366,
8a8a3580-5a40-43f3-8705-f00642a8a00d,DigitalDocument,ZWU_SCA0319.B10.F04.05,Factors Determining the Safe Spark-Over Voltage of Insulators and Bushings for High Voltage Transmission Lines,,,Correspondence,,eng,15 pages,,4/10/1916,"Peek, F. W. (Frank William), 1881-1933",,,[55969],In Copyright,,13366,
c1791040-6ea1-461b-8ad1-2990c2d9744f,DigitalDocument,ZWU_SCA0319.B10.F04.06,"The Effect of High Continuous Voltages on Air, Oil and Solid Insulations",,,Correspondence,,eng,40 pages,1916-04-18;1916-04-25;1916-04-10,4/10/1916,"Peek, F. W. (Frank William), 1881-1933",,,[55969],In Copyright,,13366,
a6921e3b-995f-4814-b8a7-c79dfed7ad94,DigitalDocument,ZWU_SCA0319.B10.F04.07,"A.I.E.E. Discussions, Cleveland, June 1916",,,Correspondence,,eng,7 pages,1916-06,6/1/1916,"Peek, F. W. (Frank William), 1881-1933",,,[55969],In Copyright,,13366,
61e42418-4e08-4348-a553-42db0167fb53,DigitalDocument,ZWU_SCA0319.B10.F04.08,"Discussion of the ""Electric Strength of Air -VI""",,,Correspondence,,eng,8 pages,1915-07,7/1/1915,"Peek, F. W. (Frank William), 1881-1933;Whitehead, J. B.",,,[55969],In Copyright,,13366,
f46b3a86-37b5-46e7-a452-7695a9bb3079,DigitalDocument,ZWU_SCA0319.B10.F05.01,"Lightning, 1918",,,Correspondence,,eng,15 pages,,4/9/1918,"Peek, F. W. (Frank William), 1881-1933",,,[55969],In Copyright,,13366,
5add2c4e-9e67-4ed1-93c2-e8f902079c4e,DigitalDocument,ZWU_SCA0319.B10.F05.02,"Washington Lecture, April 9, 1918",,,Correspondence,,eng,4 pages,,4/9/1918,"Peek, F. W. (Frank William), 1881-1933",,,[55969],In Copyright,,13366,
72de7621-1b74-40bb-94d2-8130354b4060,DigitalDocument,ZWU_SCA0319.B10.F05.03,"Letter to F. W. Peek, November 5, 1918",,,Correspondence,,eng,1 page,,11/5/1918,"Peek, F. W. (Frank William), 1881-1933",,,[55969],In Copyright,,13366,
c451dcb8-520c-4ea6-b007-998fdfef09fd,DigitalDocument,ZWU_SCA0319.B10.F05.04,"Letter from R. T. Wagner to F. W. Peek, July 31, 1918",,,Correspondence,,eng,1 page,,7/31/1918,"Peek, F. W. (Frank William), 1881-1933",,,[55969],In Copyright,,13366,
0a0e9515-6a54-4fc2-8df5-9086108f8479,DigitalDocument,ZWU_SCA0319.B10.F05.05,Westinghouse Impulse Gap,,,Correspondence,,eng,18 pages,1918-08-03;1918-07-25;1918-08-01;1918-08-13,7/25/1918,"Peek, F. W. (Frank William), 1881-1933",,,[55969],In Copyright,,13366,
42af6db0-9247-4bf8-a8b1-6065bf00e250,DigitalDocument,ZWU_SCA0319.B10.F05.06,"Letter from F. W. Peek to Percy H. Thomas, April 22, 1918",,,Correspondence,,eng,5 pages,,4/22/1918,"Peek, F. W. (Frank William), 1881-1933",,,[55969],In Copyright,,13366,
6e4034d3-f814-4180-b6f0-4b2e3d957fd7,DigitalDocument,ZWU_SCA0319.B10.F05.07,"A.I.E.E. Discussion, New York, February 15, 1918",,,Correspondence,,eng,5 pages,,2/15/1918,"Peek, F. W. (Frank William), 1881-1933",,,[55969],In Copyright,,13366,
737519de-7b09-48a0-a479-a4d3db1c8476,DigitalDocument,ZWU_SCA0319.B10.F05.08,"Discussion of A.I.E.E. paper, ""Corona Tests at High Altitudes"" - Jakobsen with correspondence",,,Correspondence,,eng,22 pages,1918-01-16;1918-01-14;1918-01-25,1/14/1918,"Peek, F. W. (Frank William), 1881-1933",,,[55969],In Copyright,,13366,
8844347d-4766-479d-9da5-fbcfbb25340c,DigitalDocument,ZWU_SCA0319.B10.F05.09,Discussion of Mr. Robinson's paper,,,Correspondence,,eng,4 pages,1918,1/1/1918,"Peek, F. W. (Frank William), 1881-1933",,,[55969],In Copyright,,13366,
0e8610e4-9e62-403c-a3d7-56e3b722b5b9,DigitalDocument,ZWU_SCA0319.B10.F05.10,Dialectric flux diagrams in practice,,,Correspondence,,eng,10 pages,,1/5/1918,"Peek, F. W. (Frank William), 1881-1933",,,[55969],In Copyright,,13366,
6a35b159-bc65-494c-bfaf-51a446ca9dc4,DigitalDocument,ZWU_SCA0319.B10.F05.11,"Discussions at Mid-Winter Convention, February 15, 1917",,,Correspondence,,eng,8 pages,,2/15/1917,"Peek, F. W. (Frank William), 1881-1933",,,[55969],In Copyright,,13366,
f9fc21b8-d9f9-49b0-bc4a-1c206d8e75be,DigitalDocument,ZWU_SCA0319.B10.F05.12,"Discussion at Pacific Coast Convention, August 8, 1922",,,Correspondence,,eng,10 pages,,8/8/1922,"Peek, F. W. (Frank William), 1881-1933",,,[55969],In Copyright,,13366,
389f2c89-0040-48ba-8091-bb1e64e73dbb,DigitalDocument,ZWU_SCA0319.B10.F05.13,Discussions of Baum's papers,,,Correspondence,,eng,11 pages,1921-06,6/1/1921,"Peek, F. W. (Frank William), 1881-1933",,,[55969],In Copyright,,13366,
1d36e55f-8e10-4492-8886-fb0b94d2b005,DigitalDocument,ZWU_SCA0319.B10.F05.14,"Publication Committee, A.I.E.E., correspondence",,,Correspondence,,eng,2 pages,,7/11/1921,"Peek, F. W. (Frank William), 1881-1933",,,[55969],In Copyright,,13366,
b070f44f-ad9e-4e09-8d15-7aabddf0d845,DigitalDocument,ZWU_SCA0319.B10.F05.15,"Discussion at Atlantic City, June 27, 1918",,,Correspondence,,eng,73 pages,,6/27/1918,"Peek, F. W. (Frank William), 1881-1933",,,[55969],In Copyright,,13366,
f50bd4d9-e703-492d-9608-a139f7f8b450,DigitalDocument,ZWU_SCA0319.B10.F05.16,"The Effect of Transient Voltages on Dielectrics, II",,,Correspondence,,eng,73 pages,1919-1921,1/1/1919,"Peek, F. W. (Frank William), 1881-1933",,,[55969],In Copyright,,13366,
769dde3a-0f19-4a1f-8a6b-7621885af7f4,DigitalDocument,ZWU_SCA0319.B10.F05.17,"The Present and Future of Line Insulator, including correspondence",,,Correspondence,,eng,19 pages,,12/15/1919,"Peek, F. W. (Frank William), 1881-1933",,,[55969],In Copyright,,13366,
1558162d-3509-4222-be8c-018f325bc227,DigitalDocument,ZWU_SCA0319.B10.F05.18,"Discussions at Lake Placid, June 27, 1919",,,Correspondence,,eng,16 pages,1919-12,12/1/1919,"Peek, F. W. (Frank William), 1881-1933",,,[55969],In Copyright,,13366,
8041d582-822e-4a15-bde5-415c0ba1990d,DigitalDocument,ZWU_SCA0319.B10.F05.19,"Discussions at Atlantic City, June 27, 1918",,,Correspondence,,eng,25 pages,,6/27/1918,"Peek, F. W. (Frank William), 1881-1933",,,[55969],In Copyright,,13366,
ab8d0a8f-bde0-48f1-bc3c-6b1377b3d9ec,DigitalDocument,ZWU_SCA0319.B10.F06.01,"Frank William Peek, published works, Item 1",,,Correspondence,,eng,39 pages,1914,1/1/1914,"Peek, F. W. (Frank William), 1881-1933",,J. B. Lippincott Company,[55969],In Copyright,,13366,
81cf2b29-aace-4c71-87ef-c0c3e9709089,DigitalDocument,ZWU_SCA0319.B10.F06.02,"Frank William Peek, published works, Item 2",,,Correspondence,,eng,48 pages,1924,1/1/1924,"Peek, F. W. (Frank William), 1881-1933",,J. B. Lippincott Company,[55969],In Copyright,,13366,
f35401c7-3482-4f52-a853-619e77b71775,DigitalDocument,ZWU_SCA0319.B10.F06.03,"Frank William Peek, published works, Item 3",,,Correspondence,,eng,46 pages,1925-02,2/1/1925,"Peek, F. W. (Frank William), 1881-1933",,J. B. Lippincott Company,[55969],In Copyright,,13366,
dc308ad4-e143-4f03-b7c8-98d85592e9fc,DigitalDocument,ZWU_SCA0319.B10.F06.04,"Frank William Peek, published works, Item 4",,,Correspondence,,eng,42 pages,1928-04,4/1/1928,"Peek, F. W. (Frank William), 1881-1933",,GE Monogram,[55969],In Copyright,,13366,
dc991a07-ba28-474f-a967-c4f9436aade8,DigitalDocument,ZWU_SCA0319.B10.F06.05,"Frank William Peek, published works, Item 5",,,Correspondence,,eng,229 pages,,3/14/1933,"Peek, F. W. (Frank William), 1881-1933",,Unknown,[55969],In Copyright,,13366,
6af0b034-6ac7-412c-a655-ff6ba31dcdfd,DigitalDocument,ZWU_SCA0319.B10.F06.06,"Frank William Peek, published works, Item 6",,,Correspondence,,eng,2 pages,1920-1933,1/1/1920,"Milne, J. R.",,Unknown,[55969],In Copyright,,13366,
5866ef45-868f-43d8-b9f7-65c72b49bb94,DigitalDocument,ZWU_SCA0319.B10.F07.01,"Effect of Altitude on the Spark-Over Voltages of Bushings, Leads and Insulators, with correspondence",,,Correspondence,,eng,31 pages,,5/8/1914,"Peek, F. W. (Frank William), 1881-1933",,,[55969],In Copyright,,13366,
173a231d-605f-4943-9ef5-8893bcae5723,DigitalDocument,ZWU_SCA0319.B10.F07.02,Electrical Characteristics of the Suspension Insulator II,,,Correspondence,,eng,81 pages,,5/21/1920,"Peek, F. W. (Frank William), 1881-1933",,,[55969],In Copyright,,13366,
6d8c794d-5749-4ab7-9f42-f71cd041c874,DigitalDocument,ZWU_SCA0319.B10.F07.03,The Effects of Transient Voltages on Dielectrics 1,,,Correspondence,,eng,102 pages,,4/8/1915,"Peek, F. W. (Frank William), 1881-1933",,,[55969],In Copyright,,13366,
c092dc0b-5ab3-4442-a376-196c99303bb0,DigitalDocument,ZWU_SCA0319.B10.F08.01,"Lightning, prepared for the International Electrical Congress, 1932",,,Correspondence,,eng,87 pages,1932-07,7/1/1932,"Peek, F. W. (Frank William), 1881-1933",,,[55969],In Copyright,,13366,
a2c5ff8d-bda5-4dc8-879b-5de18125adf3,DigitalDocument,ZWU_SCA0319.B10.F08.02,Scariche Atmosferiche e Linee di Trasmissione,,,Correspondence,,ita,24 pages,,9/7/1927,"Peek, F. W. (Frank William), 1881-1933",,,[55969],In Copyright,,13366,
806116fb-b2a8-4cca-80d8-e055cd303d97,DigitalDocument,ZWU_SCA0319.B10.F09.01,Factors Limiting the Voltage of Long Distance Transmission Lines,,,Correspondence,,eng,73 pages,1922-08,8/1/1922,"Peek, F. W. (Frank William), 1881-1933",,,[55969],In Copyright,,13366,
cf2824b3-d146-468f-a026-cb7fd5c99d8e,DigitalDocument,ZWU_SCA0319.B10.F09.02,"The Law of Corona and Dielectric Strength of Air, Part II",,,Correspondence,,eng,227 pages,1922-08,8/1/1922,"Peek, F. W. (Frank William), 1881-1933",,,[55969],In Copyright,,13366,
e966c44f-201c-47fe-ab5b-028fc8fd16f0,DigitalDocument,ZWU_SCA0319.B10.F09.03,"Letter from F. W. Peek to D. C. Jackson, December 22, 1928",,,Correspondence,,eng,3 pages,,12/22/1928,"Peek, F. W. (Frank William), 1881-1933",,,[55969],In Copyright,,13366,
18ab172b-f983-4c05-b455-49e12e01c964,DigitalDocument,ZWU_SCA0319.B10.F10.01,"Frank William Peek, published works, Item 7",,,Correspondence,,eng,184 pages,1923,1/1/1923,"Peek, F. W. (Frank William), 1881-1933",,,[55969],In Copyright,,13366,
aba1c468-67f8-453f-a30e-1ed6db8a77b0,DigitalDocument,ZWU_SCA0319.B10.F10.02,"Frank William Peek, published works, Item 8",,,Correspondence,,eng,48 pages,1927,1/1/1927,"Peek, F. W. (Frank William), 1881-1933",,,[55969],In Copyright,,13366,
87df69e4-1579-402d-9d1d-ecafef57a68e,DigitalDocument,ZWU_SCA0319.B10.F10.03,"Frank William Peek, published works, Item 9",,,Correspondence,,fre,60 pages,1932,1/1/1932,"Peek, F. W. (Frank William), 1881-1933",,,[55969],In Copyright,,13366,
67be9cb2-ea95-4c2e-9eef-66fac8e16418,DigitalDocument,ZWU_SCA0319.B10.F02.49,"Frank W. Peek, Jr. correspondence, discussions, papers and articles, Item 49",,,Correspondence,,eng,2 pages,,8/1/1933,"Brand, F. F.",,,[55969],In Copyright,,13366,
1092a68e-a2c7-49cf-9564-da9743e8451e,DigitalDocument,ZWU_SCA0319.B10.F02.50,"Frank W. Peek, Jr. correspondence, discussions, papers and articles, Item 50",,,Correspondence,,eng,1 page,,8/1/1933,"Brand, F. F.",,,[55969],In Copyright,,13366,
1d53b17a-0912-4e3f-acc1-21ffa68ffa19,DigitalDocument,ZWU_SCA0319.B10.F02.51,"Frank W. Peek, Jr. correspondence, discussions, papers and articles, Item 51",,,Correspondence,,eng,1 page,,7/27/1933,"Frank, Evelyn M.",,,[55969],In Copyright,,13366,
91d92887-9090-4e20-bf97-4fbaec083d53,DigitalDocument,ZWU_SCA0319.B10.F02.52,"Frank W. Peek, Jr. correspondence, discussions, papers and articles, Item 52",,,Correspondence,,eng,1 page,,7/27/1933,"Brand, F. F.",,,[55969],In Copyright,,13366,
4fb90c41-f3e8-4a20-a8e7-f524b6bd910c,DigitalDocument,ZWU_SCA0319.B10.F02.53,"Frank W. Peek, Jr. correspondence, discussions, papers and articles, Item 53",,,Correspondence,,eng,1 page,,7/27/1933,"Brand, F. F.",,,[55969],In Copyright,,13366,
8db62f77-915f-4985-9f87-093179e450bc,DigitalDocument,ZWU_SCA0319.B10.F02.54,"Frank W. Peek, Jr. correspondence, discussions, papers and articles, Item 54",,,Correspondence,,eng,1 page,,7/27/1933,"Frank, Evelyn M.",,,[55969],In Copyright,,13366,
7aee2f8d-5c98-4f77-b572-7209d44abe17,DigitalDocument,ZWU_SCA0319.B10.F02.55,"Frank W. Peek, Jr. correspondence, discussions, papers and articles, Item 55",,,Correspondence,,eng,1 page,,7/27/1933,"Brand, F. F.",,,[55969],In Copyright,,13366,
ce73088c-87d4-43e3-aeac-6cdbf93e493a,DigitalDocument,ZWU_SCA0319.B10.F02.57,"Frank W. Peek, Jr. correspondence, discussions, papers and articles, Item 57",,,Correspondence,,eng,12 pages,1933,1/1/1933,Unknown,,,[55969],In Copyright,,13366,
5c556648-103f-4fb1-9112-ffe48f0c6151,DigitalDocument,ZWU_SCA0319.B10.F02.58,"Frank W. Peek, Jr. correspondence, discussions, papers and articles, Item 58",,,Correspondence,,eng,4 pages,1931-01-03;1930-12-31;1930-12-22,12/22/1930,General Electric Company,,,[55969],In Copyright,,13366,
a263dd88-8ce5-480a-b6f5-f71ae87d55b0,DigitalDocument,ZWU_SCA0319.B10.F02.59,"Frank W. Peek, Jr. correspondence, discussions, papers and articles, Item 59",,,Correspondence,,eng,3 pages,1929-09-12;1927-10-07;1927-09-28,9/28/1927,"Peek, F. W. (Frank William), 1881-1933;Western Union",,,[55969],In Copyright,,13366,
e8e4f7d9-b4dd-445e-b41f-a273906c5f3e,DigitalDocument,ZWU_SCA0319.B10.F02.60,"Frank W. Peek, Jr. correspondence, discussions, papers and articles, Item 60",,,Correspondence,,eng,1 page,,7/28/1927,"Peek, F. W. (Frank William), 1881-1933",,,[55969],In Copyright,,13366,
cbee3d34-7b59-4622-b6f4-18827bcd40bf,DigitalDocument,ZWU_SCA0319.B10.F02.61,"Frank W. Peek, Jr. correspondence, discussions, papers and articles, Item 61",,,Correspondence,,eng,2 pages,,7/25/1927,"Peck, F. W.",,,[55969],In Copyright,,13366,
88f170ae-07e6-4006-a013-3b43af228677,DigitalDocument,ZWU_SCA0319.B10.F02.62,"Frank W. Peek, Jr. correspondence, discussions, papers and articles, Item 62",,,Correspondence,,eng,1 page,,5/24/1927,"Allen, E. W.",,,[55969],In Copyright,,13366,
83f21ea2-8ec1-4527-8609-3eac229319ba,DigitalDocument,ZWU_SCA0319.B10.F02.63,"Frank W. Peek, Jr. correspondence, discussions, papers and articles, Item 63",,,Correspondence,,eng,2 pages,1927-01-12;1926-10-26,10/26/1926,"Blakely, C. R.;Pragst, E.",,,[55969],In Copyright,,13366,
b5fe6fd9-0c8f-40be-8414-4941566ef4e9,DigitalDocument,ZWU_SCA0319.B10.F02.64,"Frank W. Peek, Jr. correspondence, discussions, papers and articles, Item 64",,,Correspondence,,eng,2 pages,1926-10-13;1926-10-01,10/1/1926,"Peek, F. W. (Frank William), 1881-1933;Western Union",,,[55969],In Copyright,,13366,
c4ce179a-353c-4f0f-b376-6e794185a030,DigitalDocument,ZWU_SCA0319.B10.F02.65,"Frank W. Peek, Jr. correspondence, discussions, papers and articles, Item 65",,,Correspondence,,eng,2 pages,1926-03-25;1926-05-12,3/25/1926,"McClenahan, Howard; Pittsfield Eagle",,,[55969],In Copyright,,13366,
abb75375-97ba-4002-ab20-800f9832fce8,DigitalDocument,ZWU_SCA0319.B10.F02.66,"Frank W. Peek, Jr. correspondence, discussions, papers and articles, Item 66",,,Correspondence,,eng,2 pages,1930-1933,1/1/1930,Unknown,,,[55969],In Copyright,,13366,
367f55cb-fe57-4e72-96cc-7e2688ab8bb3,DigitalDocument,ZWU_SCA0319.B10.F02.67,"Frank W. Peek, Jr. correspondence, discussions, papers and articles, Item 67",,,Correspondence,,eng,1 page,1927,1/1/1927,Unknown,,,[55969],In Copyright,,13366,
023b0473-7b7f-4f94-b5a0-407c2359ba07,DigitalDocument,ZWU_SCA0319.B10.F02.68,"Frank W. Peek, Jr. correspondence, discussions, papers and articles, Item 68",,,Correspondence,,eng,1 page,1920-1933,1/1/1920,Unknown,,,[55969],In Copyright,,13366,
f14bb377-c7ee-423f-a744-d931dbea72e5,DigitalDocument,ZWU_SCA0319.B10.F02.69,"Frank W. Peek, Jr. correspondence, discussions, papers and articles, Item 69",,,Correspondence,,eng,1 page,,7/29/1933,Unknown,,,[55969],In Copyright,,13366,
7458964c-7e64-4e4a-a98c-0713a227c068,DigitalDocument,ZWU_SCA0319.B10.F02.70,"Index of Papers and Discussions of Frank W. Peek, Jr.",,,Correspondence,,eng,18 pages,1930-1940,1/1/1930,Unknown,,,[55969],In Copyright,,13366,
bb69c3e9-3ac4-4609-a915-1a3e9b3298bd,DigitalDocument,ZWU_SCA0319.B10.F02.71,"Frank W. Peek, Jr. correspondence, discussions, papers and articles, Item 71",,,Correspondence,,eng,3 pages,,6/17/1968,"Hagenguth, J.H.",,,[55969],In Copyright,,13366,
b3fd39cb-7d3a-4b43-81f5-e8e03153e032,DigitalDocument,ZWU_SCA0319.B10.F02.72,"List of professional positions of Frank W. Peek, Jr.",,,Correspondence,,eng,1 page,1930-1970,1/1/1930,Unknown,,,[55969],In Copyright,,13366,
89476580-9536-4c99-a8c7-5e4b1d352a51,DigitalDocument,ZWU_SCA0319.B10.F03.01,"GE Review Papers, 1911-1915",,,Correspondence,,eng,8 pages,1930-1940,1/1/1930,Unknown,,,[55969],In Copyright,,13366,
d4a04832-e7d4-4446-a6c5-1c4524d9b4e2,DigitalDocument,ZWU_SCA0319.B10.F03.02,Electrical Transmission of Energy at High Voltages and the Limiting Effect of Corona,,,Correspondence,,eng,41 pages,1911-10,10/1/1911,"Peek, F. W. (Frank William), 1881-1933",,,[55969],In Copyright,,13366,
8eb9a556-9b7f-4e04-89b6-660a4e9d3f26,DigitalDocument,ZWU_SCA0319.B10.F03.03,"Discussion on ""The Dielectric Strength of Thin Insulating Films"" (Farmer)",,,Correspondence,,eng,27 pages,,12/12/1912,"Peek, F. W. (Frank William), 1881-1933",,,[55969],In Copyright,,13366,
4b5497fb-7a11-4a53-b0c6-f5dbe65c9e52,DigitalDocument,ZWU_SCA0319.B10.F03.04,"Discussion of High Frequency Tests of Line Insulators, Messrs. Imlay and Thomas. Comparative tests of high tension suspension Insulators, Mr. Sothman",,,Correspondence,,eng,10 pages,,12/13/1912,"Peek, F. W. (Frank William), 1881-1933",,,[55969],In Copyright,,13366,
492775fb-ca0b-4f79-89ad-8eb8c5ef2164,DigitalDocument,ZWU_SCA0319.B10.F03.05,"High Voltage Engineering, The Dielectric Circuit",,,Correspondence,,eng,31 pages,1913-12,12/1/1913,"Peek, F. W. (Frank William), 1881-1933",,,[55969],In Copyright,,13366,
1cee0205-8529-42d4-acb3-1d5171676979,DigitalDocument,ZWU_SCA0319.B10.F03.06,"A.I.E.E. Discussions, Schenectady, February 1913",,,Correspondence,,eng,10 pages,,2/4/1913,"Peek, F. W. (Frank William), 1881-1933",,,[55969],In Copyright,,13366,
8553704f-0ed8-4d69-bc53-e3021aedb359,DigitalDocument,ZWU_SCA0319.B10.F03.07,"Discussion of papers, ""Air as an Insulator"", Insulation, Fortescue and Fawsworth",,,Correspondence,,eng,7 pages,,3/14/1913,"Peek, F. W. (Frank William), 1881-1933",,,[55969],In Copyright,,13366,
f2491b5b-a69e-4175-b0bd-dfc16e533372,DigitalDocument,ZWU_SCA0319.B10.F03.08,"High Voltage Engineering, A.I.E.E. Toronto, Canada",,,Correspondence,,eng,13 pages,,3/28/1913,"Peek, F. W. (Frank William), 1881-1933",,,[55969],In Copyright,,13366,
295b2875-3f08-4dfd-a33c-e1312ba90bff,DigitalDocument,ZWU_SCA0319.B10.F03.09,"Some High Voltage Engineering Problems, Transformers Specialist Meeting",,,Correspondence,,eng,13 pages,1913-10,10/1/1913,"Peek, F. W. (Frank William), 1881-1933",,,[55969],In Copyright,,13366,
036f9eea-7085-46dc-a568-6a04e4fd6714,DigitalDocument,ZWU_SCA0319.B10.F03.10,"Discussion of the ""Theory of Corona"", Bergen Davis",,,Correspondence,,eng,8 pages,1914-04,4/1/1914,"Peek, F. W. (Frank William), 1881-1933",,,[55969],In Copyright,,13366,
cada6a44-53e7-41f8-9292-ba4efcdc4142,DigitalDocument,ZWU_SCA0319.B10.F03.11,"Midwinter Convention, A.I.E.E.",,,Correspondence,,eng,11 pages,1914,1/1/1914,"Peek, F. W. (Frank William), 1881-1933",,,[55969],In Copyright,,13366,
89907451-66d0-4b51-a4ce-e659c06b41f4,DigitalDocument,ZWU_SCA0319.B10.F03.12,"Third Harmonic, later published in General Electric Review, 1914",,,Correspondence,,eng,4 pages,1914,1/1/1914,"Peek, F. W. (Frank William), 1881-1933",,,[55969],In Copyright,,13366,
9155b53a-5395-4545-b797-82b7af0f726e,DigitalDocument,ZWU_SCA0319.B10.F03.13,"Discussion on Messrs. Blume, Fortescue, Jollyman, Downing and Baum's paper read at Pittsfield, May 29, 1914",,,Correspondence,,eng,5 pages,,5/29/1914,"Peek, F. W. (Frank William), 1881-1933",,,[55969],In Copyright,,13366,
c910272c-48ae-4ebf-834e-2667364a2555,DigitalDocument,ZWU_SCA0319.B10.F03.14,"Discussion on Messrs. Sorenson, Newton, Blume and Clinker's Paper read at Pittsfield, May 28, 1914",,,Correspondence,,eng,5 pages,,5/28/1914,"Peek, F. W. (Frank William), 1881-1933",,,[55969],In Copyright,,13366,
564b72bd-3d2d-48d8-a4a3-71f06194209c,DigitalDocument,ZWU_SCA0319.B10.F03.15,How Break Down May be Caused in Aparatus by the Addition of Stronger Insulation,,,Correspondence,,eng,5 pages,1914,1/1/1914,"Peek, F. W. (Frank William), 1881-1933",,,[55969],In Copyright,,13366,
d4076779-bbbf-40ce-9d25-bb74768c0b8d,DigitalDocument,ZWU_SCA0319.B10.F03.16,"A.I.E.E. Discussions, Detroit, 1914",,,Correspondence,,eng,10 pages,1914,1/1/1914,"Peek, F. W. (Frank William), 1881-1933",,,[55969],In Copyright,,13366,
76abce33-8b8a-438d-a353-941682d0b774,DigitalDocument,ZWU_SCA0319.B10.F03.17,The Electric Field,,,Correspondence,,eng,5 pages,1914,1/1/1914,"Peek, F. W. (Frank William), 1881-1933",,,[55969],In Copyright,,13366,
4cdfebe8-e87d-4ba2-89e6-eeb61f420ed6,DigitalDocument,ZWU_SCA0319.B10.F03.18,Editorial Note for Peek,,,Correspondence,,eng,1 page,1914,1/1/1914,"Peek, F. W. (Frank William), 1881-1933",,,[55969],In Copyright,,13366,
01029570-1dcd-440a-ad43-4d9570b323a5,DigitalDocument,ZWU_SCA0319.B10.F03.19,"Abstract, D. C. Corona, Farwell",,,Correspondence,,eng,5 pages,1914,1/1/1914,"Peek, F. W. (Frank William), 1881-1933",,,[55969],In Copyright,,13366,
1c1bbeb7-969f-4ee0-8943-a1e5fa42b1a7,DigitalDocument,ZWU_SCA0319.B10.F03.20,"Disscussion, Spark-Over of Bushings, Leads, and Insulators at High Altitude",,,Correspondence,,eng,2 pages,1914,1/1/1914,"Peek, F. W. (Frank William), 1881-1933",,,[55969],In Copyright,,13366,
b81245de-ab1b-4f8c-845c-5f63e1976d97,DigitalDocument,ZWU_SCA0319.B10.F03.21,Developments and Tendencies in Transmission Line Practice During 1914,,,Correspondence,,eng,4 pages,1914,1/1/1914,"Peek, F. W. (Frank William), 1881-1933",,,[55969],In Copyright,,13366,
21dcdf59-2181-4a69-aed2-3e67ffae1d42,DigitalDocument,ZWU_SCA0319.B10.F03.22,"Discussion on ""Direct Current Corona"", Farwell",,,Correspondence,,eng,6 pages,,11/13/1914,"Peek, F. W. (Frank William), 1881-1933",,,[55969],In Copyright,,13366,
971ec045-0e4a-4368-b41b-0fc50be3d6aa,DigitalDocument,ZWU_SCA0319.B10.F03.23,Meeting to Determine if it is Desirable to Adopt the Sphere - Horn Gap for Lightning Arresters,,,Correspondence,,eng,5 pages,,1/8/1915,"Peek, F. W. (Frank William), 1881-1933",,,[55969],In Copyright,,13366,
66aa5849-9d21-4af4-9271-905dd974ec19,DigitalDocument,ZWU_SCA0319.B10.F03.24,Comparison of Calculated and Measured Corona Loss Curves,,,Correspondence,,eng,14 pages,1915-02,2/1/1915,"Peek, F. W. (Frank William), 1881-1933",,,[55969],In Copyright,,13366,
206b8e7c-9e2d-4647-9f35-33adba23f230,DigitalDocument,ZWU_SCA0319.B10.F03.25,"Dielectric Phenomena, talk before Research Laboratory",,,Correspondence,,eng,14 pages,,2/6/1915,"Peek, F. W. (Frank William), 1881-1933",,,[55969],In Copyright,,13366,
2ccfae08-99ea-4e89-bce1-e941303c765f,DigitalDocument,ZWU_SCA0319.B10.F03.26,"Letter from F. W. Peek to Lee Hagood, February 8, 1915",,,Correspondence,,eng,2 pages,,2/8/1915,"Peek, F. W. (Frank William), 1881-1933",,,[55969],In Copyright,,13366,
afcaeade-ea6b-46d7-bf75-0d20772a00d4,DigitalDocument,ZWU_SCA0319.B10.F03.27,"A.I.E.E. Discussion, New York, December 1914",,,Correspondence,,eng,5 pages,,12/11/1914,"Peek, F. W. (Frank William), 1881-1933",,,[55969],In Copyright,,13366,
2256f7f4-f68b-4296-a15a-ba74c0522640,DigitalDocument,ZWU_SCA0319.B10.F02.01,"Frank W. Peek, Jr. correspondence, discussions, papers and articles, Item 1",,,Correspondence,,eng,1 page,,1/11/1926,"Moody, Walter S.",,,[55969],In Copyright,,13366,
b34ba731-51e7-482d-a241-e4a880f003d9,DigitalDocument,ZWU_SCA0319.B10.F02.02,"Frank W. Peek, Jr. correspondence, discussions, papers and articles, Item 2",,,Correspondence,,eng,1 page,,1/22/1926,"Moody, Walter S.",,,[55969],In Copyright,,13366,
9956fa4e-567b-4efd-b676-0dcd6ef22a3a,DigitalDocument,ZWU_SCA0319.B10.F02.03,"Frank W. Peek, Jr. correspondence, discussions, papers and articles, Item 3",,,Correspondence,,eng,1 page,,1/22/1926,"Moody, Walter S.",,,[55969],In Copyright,,13366,
413dd134-bfd3-45db-9567-edab73117471,DigitalDocument,ZWU_SCA0319.B10.F02.04,"Frank W. Peek, Jr. correspondence, discussions, papers and articles, Item 4",,,Correspondence,,eng,2 pages,,1/19/1926,"Summerhayes, H. R.",,,[55969],In Copyright,,13366,
3acd71dc-f2eb-4f86-b234-c21990089fab,DigitalDocument,ZWU_SCA0319.B10.F02.05,"Frank W. Peek, Jr. correspondence, discussions, papers and articles, Item 5",,,Correspondence,,eng,1 page,,12/29/1925,Unknown,,,[55969],In Copyright,,13366,
e4e3238a-f79d-4078-ae44-9e3cf2a059e0,DigitalDocument,ZWU_SCA0319.B10.F02.06,"Frank W. Peek, Jr. correspondence, discussions, papers and articles, Item 6",,,Correspondence,,eng,1 page,,11/24/1925,"Moody, Walter S.",,,[55969],In Copyright,,13366,
fd51c264-48a4-416c-9d2e-262432f2b08b,DigitalDocument,ZWU_SCA0319.B10.F02.07,"Frank W. Peek, Jr. correspondence, discussions, papers and articles, Item 7",,,Correspondence,,eng,1 page,,11/5/1925,Pittsfield Eagle,,,[55969],In Copyright,,13366,
0bbdcad4-40ea-457a-a23b-6d697ca6de18,DigitalDocument,ZWU_SCA0319.B10.F02.08,"Frank W. Peek, Jr. correspondence, discussions, papers and articles, Item 8",,,Correspondence,,eng,1 page,,4/27/1925,"Insull, Joseph",,,[55969],In Copyright,,13366,
31f111ea-e92e-4897-9476-454dd533afd8,DigitalDocument,ZWU_SCA0319.B10.F02.09,"Frank W. Peek, Jr. correspondence, discussions, papers and articles, Item 9",,,Correspondence,,eng,2 pages,,1/29/1925,"Chesney, Cummings C.;Hughes, J. Lee",,,[55969],In Copyright,,13366,
282d242b-7282-447a-91b9-78e1bb74b87c,DigitalDocument,ZWU_SCA0319.B10.F02.10,"Frank W. Peek, Jr. correspondence, discussions, papers and articles, Item 10",,,Correspondence,,eng,1 page,,1/15/1925,"Moody, Walter S.",,,[55969],In Copyright,,13366,
3f8cef46-2a39-4ceb-b7cd-47a4b777d527,DigitalDocument,ZWU_SCA0319.B10.F02.11,"Frank W. Peek, Jr. correspondence, discussions, papers and articles, Item 11",,,Correspondence,,eng,1 page,,1/10/1925,"Deming, L. F.",,,[55969],In Copyright,,13366,
0a0a5225-3f62-472f-8fdb-a7fd7917a6de,DigitalDocument,ZWU_SCA0319.B10.F02.12,"Frank W. Peek, Jr. correspondence, discussions, papers and articles, Item 12",,,Correspondence,,eng,2 pages,,1/12/1925,General Electric Company,,,[55969],In Copyright,,13366,
98649747-ca18-4fe2-befb-778fa8d952dd,DigitalDocument,ZWU_SCA0319.B10.F02.13,"Frank W. Peek, Jr. correspondence, discussions, papers and articles, Item 13",,,Correspondence,,eng,1 page,,8/6/1924,"Faccioli, Giuseppe",,,[55969],In Copyright,,13366,
180c4c8a-09fa-4456-82e0-f326d8eff8b4,DigitalDocument,ZWU_SCA0319.B10.F02.14,"Frank W. Peek, Jr. correspondence, discussions, papers and articles, Item 14",,,Correspondence,,eng,1 page,,10/20/1923,"Dunlap, John H.",,,[55969],In Copyright,,13366,
5ba5c600-7f60-48c1-9d47-52d5a004daf6,DigitalDocument,ZWU_SCA0319.B10.F02.15,"Frank W. Peek, Jr. correspondence, discussions, papers and articles, Item 15",,,Correspondence,,eng,2 pages,1923-03,1/1/1923,Current News,,,[55969],In Copyright,,13366,
0185f823-3c5b-4829-a422-1cad3f45b43b,DigitalDocument,ZWU_SCA0319.B10.F02.16,"Frank W. Peek, Jr. correspondence, discussions, papers and articles, Item 16",,,Correspondence,,eng,1 page,,4/6/1921,"Chesney, Cummings C.",,,[55969],In Copyright,,13366,
1769087f-3869-4c7a-a210-9af40c7237b6,DigitalDocument,ZWU_SCA0319.B10.F02.17,"Frank W. Peek, Jr. correspondence, discussions, papers and articles, Item 17",,,Correspondence,,eng,1 page,1920-06-09;1920-06-10,6/10/1920,"Moody, Walter S.",,,[55969],In Copyright,,13366,
8a90f4cc-b7c2-4eff-8ff7-7000e8699c16,DigitalDocument,ZWU_SCA0319.B10.F02.18,"Frank W. Peek, Jr. correspondence, discussions, papers and articles, Item 18",,,Correspondence,,eng,1 page,,5/27/1920,"Moody, Walter S.",,,[55969],In Copyright,,13366,
dc30411c-171d-4b61-95b6-aad1ed65dfe0,DigitalDocument,ZWU_SCA0319.B10.F02.19,"Frank W. Peek, Jr. correspondence, discussions, papers and articles, Item 19",,,Correspondence,,eng,1 page,,5/10/1920,"Moody, Walter S.",,,[55969],In Copyright,,13366,
486c150d-3089-4dbb-83cb-a1d4c26c717f,DigitalDocument,ZWU_SCA0319.B10.F02.20,"Frank W. Peek, Jr. correspondence, discussions, papers and articles, Item 20",,,Correspondence,,eng,1 page,,4/29/1920,"Moody, Walter S.",,,[55969],In Copyright,,13366,
59896748-ea96-44f2-8f63-c574d9a031ce,DigitalDocument,ZWU_SCA0319.B10.F02.21,"Frank W. Peek, Jr. correspondence, discussions, papers and articles, Item 21",,,Correspondence,,eng,1 page,,2/16/1920,"Moody, Walter S.",,,[55969],In Copyright,,13366,
07ddc698-f6be-4057-9492-9e41092da50e,DigitalDocument,ZWU_SCA0319.B10.F02.22,"Frank W. Peek, Jr. correspondence, discussions, papers and articles, Item 22",,,Correspondence,,eng,1 page,,2/13/1920,"Moody, Walter S.",,,[55969],In Copyright,,13366,
c1957551-ca65-46b3-a633-05fcac133d37,DigitalDocument,ZWU_SCA0319.B10.F02.23,"Frank W. Peek, Jr. correspondence, discussions, papers and articles, Item 23",,,Correspondence,,eng,1 page,,2/13/1920,"Moody, Walter S.",,,[55969],In Copyright,,13366,
8fc858d3-fe40-4be8-897a-226b43e6affc,DigitalDocument,ZWU_SCA0319.B10.F02.24,"Frank W. Peek, Jr. correspondence, discussions, papers and articles, Item 24",,,Correspondence,,eng,1 page,,2/13/1920,"Moody, Walter S.",,,[55969],In Copyright,,13366,
9ffa23b2-5c9c-41c4-a90b-5cc0a4b9df14,DigitalDocument,ZWU_SCA0319.B10.F02.25,"Frank W. Peek, Jr. correspondence, discussions, papers and articles, Item 25",,,Correspondence,,eng,1 page,,2/16/1920,Unknown,,,[55969],In Copyright,,13366,
39a2d2e5-84c7-48a6-aea1-bb6afcdd6f6d,DigitalDocument,ZWU_SCA0319.B10.F02.26,"Frank W. Peek, Jr. correspondence, discussions, papers and articles, Item 26",,,Correspondence,,eng,1 page,,2/10/1920,"Blakely, C. R.",,,[55969],In Copyright,,13366,
d4b4d7d9-820b-481e-b227-640a6796645a,DigitalDocument,ZWU_SCA0319.B10.F02.27,"Frank W. Peek, Jr. correspondence, discussions, papers and articles, Item 27",,,Correspondence,,eng,1 page,1920-08,8/1/1920,Unknown,,,[55969],In Copyright,,13366,
6c6dbb5d-836b-4c08-9b48-035eb0ba7598,DigitalDocument,ZWU_SCA0319.B10.F02.28,"Frank W. Peek, Jr. correspondence, discussions, papers and articles, Item 28",,,Correspondence,,eng,1 page,,7/19/1917,"Moody, Walter S.",,,[55969],In Copyright,,13366,
fede3d13-1444-4253-915d-1831d82bdba4,DigitalDocument,ZWU_SCA0319.B10.F02.29,"Frank W. Peek, Jr. correspondence, discussions, papers and articles, Item 29",,,Correspondence,,eng,1 page,,10/7/1916,"Moody, Walter S.",,,[55969],In Copyright,,13366,
9db77be1-0672-40d6-b5ac-cf033bd70f53,DigitalDocument,ZWU_SCA0319.B10.F02.30,"Frank W. Peek, Jr. correspondence, discussions, papers and articles, Item 30",,,Correspondence,,eng,1 page,,8/29/1916,"Blakely, C. R.",,,[55969],In Copyright,,13366,
7c544cc7-c9f1-4ce4-b1d0-c4b4a4ad9571,DigitalDocument,ZWU_SCA0319.B10.F02.31,"Frank W. Peek, Jr. correspondence, discussions, papers and articles, Item 31",,,Correspondence,,eng,2 pages,,8/29/1916,"Moody, Walter S.",,,[55969],In Copyright,,13366,
008bea0d-ea87-4719-8d61-cbbc44abc2e3,DigitalDocument,ZWU_SCA0319.B10.F02.32,"Frank W. Peek, Jr. correspondence, discussions, papers and articles, Item 32",,,Correspondence,,eng,1 page,,8/4/1916,"Moody, Walter S.",,,[55969],In Copyright,,13366,
e8e72ef0-e0dc-495d-a7e2-060d7e7dd32b,DigitalDocument,ZWU_SCA0319.B10.F02.33,"Frank W. Peek, Jr. correspondence, discussions, papers and articles, Item 33",,,Correspondence,,eng,2 pages,,8/4/1916,"Moody, Walter S.",,,[55969],In Copyright,,13366,
0609dc56-2d96-46cb-b401-dc14c7cfd6f3,DigitalDocument,ZWU_SCA0319.B10.F02.34,"Frank W. Peek, Jr. correspondence, discussions, papers and articles, Item 34",,,Correspondence,,eng,1 page,,7/22/1916,"Moody, Walter S.",,,[55969],In Copyright,,13366,
e69d43bd-4722-4d82-a35d-d6d5b2224fca,DigitalDocument,ZWU_SCA0319.B10.F02.35,"Frank W. Peek, Jr. correspondence, discussions, papers and articles, Item 35",,,Correspondence,,eng,2 pages,,7/7/1916,"Moody, Walter S.",,,[55969],In Copyright,,13366,
9946415a-9922-478e-abc2-35bc48d81fae,DigitalDocument,ZWU_SCA0319.B10.F02.36,"Frank W. Peek, Jr. correspondence, discussions, papers and articles, Item 36",,,Correspondence,,eng,1 page,,12/23/1913,"Moody, Walter S.",,,[55969],In Copyright,,13366,
78c84ce8-a952-46f2-929b-c43c6285e864,DigitalDocument,ZWU_SCA0319.B10.F02.37,"Frank W. Peek, Jr. correspondence, discussions, papers and articles, Item 37",,,Correspondence,,eng,1 page,,5/27/1912,"Moody, Walter S.",,,[55969],In Copyright,,13366,
c764f9f9-b7c4-48ee-bf1c-2fe9d6fcb97e,DigitalDocument,ZWU_SCA0319.B10.F02.38,"Frank W. Peek, Jr. correspondence, discussions, papers and articles, Item 38",,,Correspondence,,eng,1 page,,5/25/1912,"Moody, Walter S.",,,[55969],In Copyright,,13366,
227a1021-8e9c-49d0-9bc8-9d1aaf3d2a77,DigitalDocument,ZWU_SCA0319.B10.F02.39,"Frank W. Peek, Jr. correspondence, discussions, papers and articles, Item 39",,,Correspondence,,eng,2 pages,1933-11-20;1933-10-18,10/18/1933,"Frank, Evelyn M.",,,[55969],In Copyright,,13366,
0ce9b301-f0d4-49ed-af5d-974acaa9f7d4,DigitalDocument,ZWU_SCA0319.B10.F02.40,"Frank W. Peek, Jr. correspondence, discussions, papers and articles, Item 40",,,Correspondence,,eng,1 page,1933,1/1/1933,Unknown,,,[55969],In Copyright,,13366,
5673d7a1-43fc-4292-830d-5cc6ac125d5a,DigitalDocument,ZWU_SCA0319.B10.F02.41,"Frank W. Peek, Jr. correspondence, discussions, papers and articles, Item 41",,,Correspondence,,eng,2 pages,1933-08,8/1/1933,General Electric Company,,,[55969],In Copyright,,13366,
87719524-b9ed-4999-b1e1-bbfbe6a60ffb,DigitalDocument,ZWU_SCA0319.B10.F02.42,"Frank W. Peek, Jr. correspondence, discussions, papers and articles, Item 42",,,Correspondence,,eng,1 page,1933,1/1/1933,"Flynn, John M.;Unknown",,,[55969],In Copyright,,13366,
6f14c08f-017c-4388-93df-60ed4eac1fda,DigitalDocument,ZWU_SCA0319.B10.F02.43,"Frank W. Peek, Jr. correspondence, discussions, papers and articles, Item 43",,,Correspondence,,eng,2 pages,,8/5/1933,Electrical World,,,[55969],In Copyright,,13366,
7dcda466-5743-4fc0-b4f2-98430ddfc2a1,DigitalDocument,ZWU_SCA0319.B10.F02.44,"Frank W. Peek, Jr. correspondence, discussions, papers and articles, Item 44",,,Correspondence,,eng,2 pages,,8/5/1933,Electrical World,,,[55969],In Copyright,,13366,
200b9913-5ec2-4d11-9e39-c7f8654e5a3e,DigitalDocument,ZWU_SCA0319.B10.F02.45,"Frank W. Peek, Jr. correspondence, discussions, papers and articles, Item 45",,,Correspondence,,eng,2 pages,,8/4/1933,"Palueff, K. K.",,,[55969],In Copyright,,13366,
74ca67de-077c-4c3e-9ea7-329a785777a3,DigitalDocument,ZWU_SCA0319.B10.F02.46,"Frank W. Peek, Jr. correspondence, discussions, papers and articles, Item 46",,,Correspondence,,eng,3 pages,1933-08-04;1933-08-02;1933-07-28,7/28/1933,"Wade, G. W.;Patterson, F. W.;Montreal Gazette",,,[55969],In Copyright,,13366,
3b797b9e-4041-43df-bef8-4ae36284b098,DigitalDocument,ZWU_SCA0319.B10.F02.47,"Frank W. Peek, Jr. correspondence, discussions, papers and articles, Item 47",,,Correspondence,,eng,1 page,,8/3/1933,"Brand, F. F.",,,[55969],In Copyright,,13366,
499c2b80-c423-461c-9956-abec7e589190,DigitalDocument,ZWU_SCA0319.B10.F02.48,"Frank W. Peek, Jr. correspondence, discussions, papers and articles, Item 48",,,Correspondence,,eng,1 page,,8/2/1933,"Brand, F. F.",,,[55969],In Copyright,,13366,
0db650c9-d298-40e8-b07a-54956a06b796,DigitalDocument,ZWU_SCA0319.B10.F02.56,"Frank W. Peek, Jr. correspondence, discussions, papers and articles, Item 56",,,Correspondence,,eng,1 page,,7/28/1933,New York Herald Tribune,,,[55969],In Copyright,,13366,
cfaa381e-0e8b-4af8-ae24-2e875a340812,DigitalDocument,ZWU_SCA0319.B17.01,The Bay Counties' Transmission,,,Scrapbooks,"Reprint of certain articles from 
The Journal Of Electricity, 
Power and Gas, whose content
include Natural Sources of 
Energy, Origins of the Bay 
Counties' System, etc.",eng,94 pages,,1/1/1902,Geo. P. Low,,The Journal Of Electricity Power And Gas,[55969],No Copyright - United States,,15540,
950a61cf-27c2-41cd-b167-06f3f56d4c9d,DigitalDocument,ZWU_SCA0319.B16,General Electric Nationwide Strike Scrapbook,,,Scrapbooks,,,270 pages,1969-1970,1/1/1969,Include description of contents,,,[55969],In Copyright,,15529,
bebc93d1-2428-4b94-9745-855ada845148,DigitalDocument,ZWU_SCA0319.B10.F01.01,Note regarding William Stanley Jr. (father) and Charles Scott,,,Correspondence,,eng,1 page,unknown,,Unknown,,,[55969],No Known Copyright,,13364,
f2b1521c-ffa6-4359-b78b-812e473c75ef,DigitalDocument,ZWU_SCA0319.B10.F01.02,"Scrapbook, William Stanley Jr. Ephemera",,,Scrapbooks,,eng,105 pages,unknown,,Unknown,,,[55969],No Known Copyright,,13364,
56eaee88-4d27-446d-adfd-2f24b4fcc795,DigitalDocument,ZWU_SCA0319.B10.F11.02,"Program, Centenary Celebration of the Founding of the Franklin Institute and the Inauguration Exercises of the Bartol Research Foundation",,,Correspondence,,eng,18 pages,1924,1/1/1924,Franklin Institute,,Ketterlinus,[55969],No Copyright - United States,,13404,
4f09a139-ed39-4f1f-80bb-c19dac1cf11f,DigitalDocument,ZWU_SCA0319.B09.F06.27,"Letter from [T. C. Martin] to William W. Stanley [the third], September 6, 1923",,,,,,1 page,,9/6/1923,"Martin, Thomas Commerford, 1856-1924",,,[55969],No Copyright - United States,,13344,
4c1e8ccc-b19b-4cca-b62d-f65b2cc1c672,DigitalDocument,ZWU_SCA0319.B08.F01.01,Stanley Ferrostat Vacuum Products Pamphlet,,,,,,2 pages,1913,1/1/1913,,,,[55969],No Copyright - United States,,13295,
62592bc9-09c4-4001-b287-52f6fec64d89,DigitalDocument,ZWU_SCA0319.B08.F01.02,Alternating-Current Develop-ment in America by William Stanley,,,,,,24 pages,1912,1/1/1912,"Stanley, William, 1858-1916",,J.B Lippincott Company,[55969],No Copyright - United States,,13295,
3525590c-cfac-45cd-8ecd-975075101ce8,DigitalDocument,ZWU_SCA0319.B08.F01.03,Notes of W.W. Stanley regarding Heating Device Work and Steel Vacuum Bottle work of William Stanley,,,,,,5 pages,1887-1913,1887-01-01,,,,[55969],No Copyright - United States,,13295,
306f9ad4-977e-4962-9747-c161309ea1b1,DigitalDocument,ZWU_SCA0319.B08.F01.04,"Technical Papers and Other Articles, 1887-1905",,,,,,124 pages,undated,,Stanley Family,,,[55969],No Known Copyright,,13295,
29105834-607c-459d-a2dc-5f26400faea8,DigitalDocument,ZWU_SCA0319.B08.F02.01,"Letter to the editor of the Berkshire Courier, July 28, 1911",,,,,,8 pages,,7/28/1911,"Stanley, William, 1858-1916",,,[55969],No Known Copyright,,13296,
df60c5d1-f7d8-4234-8bf3-381b9325a941,DigitalDocument,ZWU_SCA0319.B08.F02.02,"Opportunities of Life, Grammar School Address",,,,,,4 pages,,1912-08-00,"Stanley, William, 1858-1916",,,[55969],No Copyright - United States,,13296,
70077ecd-d80d-4fb9-b6e3-c6fd16e689a1,DigitalDocument,ZWU_SCA0319.B08.F03.01,"Niagara on Tap, draft",,,,,,39 pages,1916,1/1/1916,"Stanley, William, 1858-1916",,,[55969],No Known Copyright,,13297,
ad0004cc-fab6-483e-adf6-1ba642019811,DigitalDocument,ZWU_SCA0319.B08.F03.02,"The Development of Power at Niagara Falls, draft",,,,,,36 pages,1916,1/1/1916,"Stanley, William, 1858-1916",,,[55969],No Known Copyright,,13297,
b8d99a65-94c2-4eac-b3a9-c044c9124e25,DigitalDocument,ZWU_SCA0319.B08.F04.01,"Life of William Stanley, ""Fishing Shooting and Out-of Doors""",,,,,,28 pages,undated,,"Stanley, William, 1858-1916",,,[55969],No Known Copyright,,13298,
a8f8f0b7-520c-49f0-b037-d194a3688d9b,DigitalDocument,ZWU_SCA0319.B08.F04.02,"Life of William Stanley, ""Notes of William W. Stanley on Fishing & Shooting, and Out-of-Doors""",,,,,,6 pages,undated,,"Stanley, William, 1858-1916",,,[55969],No Known Copyright,,13298,
2d3db29d-9c61-4236-bfb3-75864e3f225e,DigitalDocument,ZWU_SCA0319.B08.F04.03,"Life of William Stanley, ""Miscellaneous Notes""",,,,,,2 pages,undated,,"Stanley, William, 1858-1916",,,[55969],No Known Copyright,,13298,
1f5d1215-937f-4547-9997-5ea59f348ace,DigitalDocument,ZWU_SCA0319.B08.F05,"Handwritten draft of ""The Life of William Stanley,"" by Thomas C. Martin",,,,,,374 pages,undated,,"Martin, Thomas Commerford, 1856-1924",Author,,[55969],In Copyright - United States,,13299,
73075142-5def-4536-a38c-62eb33915633,DigitalDocument,ZWU_SCA0319.B08.F06.01,"Sections of Typescript Draft of ""The Life of William Stanley"" by Thomas C. Martin, ""Stanley as Inventor and Manufacturer at Pittsfield""",,,,,,14 pages,undated,,"Martin, Thomas Commerford, 1856-1924",Author,,[55969],In Copyright - United States,,13300,
8866415c-33f0-4c98-b3d9-dfdcd13384a6,DigitalDocument,ZWU_SCA0319.B08.F06.02,"Sections of Typescript Draft of ""The Life of William Stanley"" by Thomas C. Martin, Untitled from Scientific and Industrial Information Bureau ",,,,,,21 pages,undated,,"Martin, Thomas Commerford, 1856-1924",Author,,[55969],In Copyright - United States,,13300,
30695b68-e3de-4515-aa9e-a4dd32bf8036,DigitalDocument,ZWU_SCA0319.B08.F06.03,"Sections of Typescript Draft of ""The Life of William Stanley"" by Thomas C. Martin, Untitled ",,,,,,5 pages,undated,,"Martin, Thomas Commerford, 1856-1924",Author,,[55969],In Copyright - United States,,13300,
96416400-66f1-4b46-a69a-ba9d826af513,DigitalDocument,ZWU_SCA0319.B08.F06.04,"Author's Notes on ""The Life of William Stanley"" Transcript by Thomas C. Martin",,,,,,2 pages,undated,,"Martin, Thomas Commerford, 1856-1924",Author,,[55969],In Copyright - United States,,13300,
a67d4c54-6926-4240-b2f6-111dce50ec58,DigitalDocument,ZWU_SCA0319.B08.F06.05,"Annotated Typescript Draft of ""The Life of William Stanley"" by Thomas C. Martin",,,,,,154 pages,undated,,"Martin, Thomas Commerford, 1856-1924",Author,,[55969],In Copyright - United States,,13300,
5b0fa487-e65a-4b0a-8442-a10e748bab0e,DigitalDocument,ZWU_SCA0319.B08.F07,"Printer's Typewritten Text of ""The Life of William Stanley"" by Thomas C. Martin with Handwritten Notes ",,,,,,99 pages,undated,,"Martin, Thomas Commerford, 1856-1924",Author,,[55969],In Copyright - United States,,13301,
eb390955-d590-49f4-a038-246dfebeb463,DigitalDocument,ZWU_SCA0319.B08.F08.01,"Typescript Draft of ""Associates with William Stanley"" by Cummings C. Chesney, Including ""Play Ball"" ",,,,,,17 pages,undated,,"Chesney, Cummings C.",Author,,[55969],In Copyright - United States,,13339,
8b9e8589-fda6-43f4-8422-934095a2d255,DigitalDocument,ZWU_SCA0319.B08.F08.02,"Typescript Draft of ""Associates with William Stanley"" by Cummings C. Chesney, Untitled ",,,,,,13 pages,undated,,"Chesney, Cummings C.",Author,,[55969],In Copyright - United States,,13339,
3c1e84e8-449c-4aae-beed-e2894ff1274b,DigitalDocument,ZWU_SCA0319.B08.F08.03,"Typescript Draft of ""Associates with William Stanley"" by Cummings C. Chesney, Untitled from Scientific and Industrial Information Bureau ",,,,,,30 pages,undated,,"Chesney, Cummings C.",Author,,[55969],In Copyright - United States,,13339,
449ff75a-f656-49df-962b-ec042013ff6e,DigitalDocument,ZWU_SCA0319.B09.F01.01,"Letter from William Stanley to Giuseppe Faccioli, December 26, 1909",,,,,,1 page,,12/26/1909,"Stanley, William, 1858-1916",,,[55969],No Copyright - United States,,13340,
b68fed0f-e37e-4429-85f5-3a6e397d559a,DigitalDocument,ZWU_SCA0319.B09.F01.02,"Letter from William Stanley to Giuseppe Faccioli, undated, copy",,,,,,2 pages,1909-1916,1/1/1909,"Stanley, William, 1858-1916",,,[55969],No Copyright - United States,,13340,
78757833-ea6b-47e0-a3ca-7f2aca6d1427,DigitalDocument,ZWU_SCA0319.B09.F01.03,"Letter from William Stanley to Giuseppe Faccioli, March 7, 1913, copy",,,,,,1 page,,3/7/1913,"Stanley, William, 1858-1916",,,[55969],No Copyright - United States,,13340,
596b3118-66f1-4b72-bf38-e49fb410359d,DigitalDocument,ZWU_SCA0319.B09.F01.04,"Letter from William Stanley to Giuseppe Faccioli, December 22, 1914, 2 copies",,,,,,2 pages,,12/22/1914,"Stanley, William, 1858-1916",,,[55969],No Copyright - United States,,13340,
9ffb5608-624c-4af2-af4c-dd0f116b26e9,DigitalDocument,ZWU_SCA0319.B09.F01.05,"Letter from William Stanley to his family, December 24, 1915, copy",,,,,,1 page,,12/24/1915,"Stanley, William, 1858-1916",,,[55969],No Copyright - United States,,13340,
f38a6a14-6801-47f6-b4b2-ec05313ca062,DigitalDocument,ZWU_SCA0319.B09.F02.03,"Letter from Philip Stevens to S. Sass, December 2, 1958",,,,,,1 page,,12/2/1958,"Stevens, Philip",,,[55969],In Copyright - United States,,13341,
4ae69472-e33d-4d6f-84d1-a500541acc61,DigitalDocument,ZWU_SCA0319.B09.F02.04,"Page 4 of draft of Stanley, W. entry to the ""National Cyclopedia of American Biography""",,,,,,1 page,1909-1940,1/1/1909,unknown,,,[55969],In Copyright - United States,,13341,
780b9ad3-4ea2-4d17-ab4e-481de1e3d864,DigitalDocument,ZWU_SCA0319.B09.F02.05,"Letter from Chris Knowlton to Jo, September 27, 1923",,,,,,1 page,,9/27/1923,"Knowlton, Chris",,,[55969],No Copyright - United States,,13341,
6f4c9167-92ff-403f-b987-a8eea59464a4,DigitalDocument,ZWU_SCA0319.B09.F02.06,"Envelope addressed to Dr. Samuel A. Eliot, Editor-in-chief, Biographical History of Massachusetts",,,,,,1 page,1909-1940,1/1/1909,unknown,,,[55969],No Copyright - United States,,13341,
4720805b-85f3-436e-86ce-81701c7ed032,DigitalDocument,ZWU_SCA0319.B09.F02.07,"Biographical History of Massachusetts, order for Photo-Steel Engraved Plate",,,,,,1 page,,1/1/1912,Biographical History of Massachusetts,,,[55969],No Copyright - United States,,13341,
f29a258d-3d13-4bcb-8140-ff6c8b3bc362,DigitalDocument,ZWU_SCA0319.B09.F02.08,"Biographical History of Massachusetts, Biography of William Stanley, draft",,,,,,4 pages,,1/1/1912,"Eliot, Samuel A. (Samuel Atkins), 1862-1950",edc,,[55969],No Copyright - United States,,13341,
b0d00d32-0e6f-41db-9664-6f31a32af039,DigitalDocument,ZWU_SCA0319.B09.F02.09,"Letter from Thomas N. James to William Stanley Jr., September 4, 1912",,,,,,1 page,,9/4/1912,"James, Thomas N.",,,[55969],No Copyright - United States,,13341,
38b3c4d7-e668-44fc-8150-fb0829483a9e,DigitalDocument,ZWU_SCA0319.B09.F02.10,"Letter from TN. James to William Stanley Jr., September 4, 1912",,,,,,1 page,,9/4/1912,"James, Thomas N.",,,[55969],No Copyright - United States,,13341,
698cf475-f61a-454c-836c-95350386715a,DigitalDocument,ZWU_SCA0319.B09.F02.11,"Letter from TN. James to Messrs. J. E. Purdy & Co., September 4, 1912",,,,,,1 page,,9/4/1912,"James, Thomas N.",,,[55969],No Copyright - United States,,13341,
9ca3ad5a-713d-40e4-89d0-37bbbc7fea62,DigitalDocument,ZWU_SCA0319.B09.F02.12,"Letter from TN. James to Pierce Studio, September 4, 1912",,,,,,1 page,,9/4/1912,"James, Thomas N.",,,[55969],No Copyright - United States,,13341,
05ab1ead-bbb7-4c19-b127-4d4e0012d988,DigitalDocument,ZWU_SCA0319.B09.F02.13,"Letter from TN. James to Pirie MacDonald, Photographer of Men, September 4, 1912",,,,,,1 page,,9/4/1912,"James, Thomas N.",,,[55969],No Copyright - United States,,13341,
954e430a-1896-47c9-9f7a-1d26cb1143a7,DigitalDocument,ZWU_SCA0319.B09.F02.14,"Letter from TN. James to E. Chickering, September 4, 1912",,,,,,1 page,,9/4/1912,"James, Thomas N.",,,[55969],No Copyright - United States,,13341,
481d2421-fd6b-411e-9414-115805703b91,DigitalDocument,ZWU_SCA0319.B09.F02.15,"Letter from TN. James to Garo Studio, September 4, 1912",,,,,,1 page,,9/4/1912,"James, Thomas N.",,,[55969],No Copyright - United States,,13341,
8e947f71-d204-488d-93b8-67f2602043e8,DigitalDocument,ZWU_SCA0319.B09.F02.16,"Letter from TN. James to Marceau Studio, September 4, 1912",,,,,,1 page,,9/4/1912,"James, Thomas N.",,,[55969],No Copyright - United States,,13341,
0588dd39-80ba-4597-8fb5-5cd4eef5bc58,DigitalDocument,ZWU_SCA0319.B09.F02.17,"Letter from TN. James to Pirie MacDonald, Photographer of Men, October 8, 1913",,,,,,1 page,,10/8/1913,"James, Thomas N.",,,[55969],No Copyright - United States,,13341,
191392a8-3816-4453-8c39-dfd2eef66a0a,DigitalDocument,ZWU_SCA0319.B09.F02.18,Envelope addressed to Mr. Thomas N. James,,,,,,1 page,1912-1913,1/1/1912,unknown,,,[55969],No Copyright - United States,,13341,
0985823e-c1b8-462d-b38d-3060e8320049,DigitalDocument,ZWU_SCA0319.B09.F02.19,"Information for the ""National Cyclopedia of American Biography"" for William Stanley Jr.",,,,,,3 pages,,11/28/1920,"Stanley, George C.",,,[55969],No Copyright - United States,,13341,
61569f73-0a1a-443c-9b76-99bc91347af3,DigitalDocument,ZWU_SCA0319.B09.F02.20,"Letter from Russell Radford to Mrs. William Stanley, June 1, 1916",,,,,,1 page,,6/1/1916,"Radford, Russell",,,[55969],No Copyright - United States,,13341,
68430e3b-91fc-4ec2-92f8-6a54dfdcd891,DigitalDocument,ZWU_SCA0319.B09.F02.21,"Letter from George Derby to William Stanley, October 25, 1913",,,,,,1 page,,10/25/1913,"Derby, George",,,[55969],No Copyright - United States,,13341,
5b5e2d1b-b3f1-4b51-8bdc-f69e71924677,DigitalDocument,ZWU_SCA0319.B09.F02.22,"Letter from Chas Parsons to Mr. Stanley, November 8, 1913",,,,,,1 page,,11/8/1913,"Parsons, Charles L.",,,[55969],No Copyright - United States,,13341,
8726f283-9ef0-437e-908b-7a1814688e11,DigitalDocument,ZWU_SCA0319.B09.F02.23,American Inventors pamphlet,,,,,,16 pages,1910-1920,1/1/1910,The National Cyclopedia of American Biography,,,[55969],In Copyright - United States,,13341,
bc7bbe8d-a549-43df-a283-d72569cf4961,DigitalDocument,ZWU_SCA0319.B09.F02.24,"Letter from Wm. Ten Eyck Hardenbrook to William Stanley, November 1, 1912",,,,,,1 page,,11/1/1912,"Hardenbrook, William Ten Eyck",,,[55969],No Copyright - United States,,13341,
d717692b-0320-4a36-b715-bd97280dfeb9,DigitalDocument,ZWU_SCA0319.B09.F02.25,"Letter from James T. White & Co. (per W.B. Kain) to William Stanley, March 10, 1914",,,,,,1 page,,3/10/1914,"James T. White & Co.;Kain, WB",,,[55969],No Copyright - United States,,13341,
ba3e0281-3e5b-4fd9-80e7-32432611493a,DigitalDocument,ZWU_SCA0319.B09.F02.26,"Partial list of those who have furnished portraits for ""Captains of Industry"" and Representative Americans",,,,,,1 page,,1/1/1914,"Hardenbrook, William Ten Eyck",,,[55969],No Copyright - United States,,13341,
c12dbe32-5214-4405-a9d2-2f932771b55b,DigitalDocument,ZWU_SCA0319.B09.F02.27,"Synopsis of ""Great American Industries, Captains of Industry and Representative Americans""",,,,,,1 page,,1/1/1914,"Hardenbrook, William Ten Eyck",,,[55969],No Copyright - United States,,13341,
b4dfc940-1ef5-4328-940a-ffb8f6b079fc,DigitalDocument,ZWU_SCA0319.B09.F02.28,"Letter from James T. White & Co. (per W.B. Kain) to William Stanley, February 4, 1914",,,,,,1 page,,1/1/1914,"James T. White & Co.;Kain, WB",,,[55969],No Copyright - United States,,13341,
1df2645a-3f27-4925-bf3f-d2021f6aedd5,DigitalDocument,ZWU_SCA0319.B09.F02.29,"Preliminary information regarding William Stanley for ""Biographical History of Massachusetts""",,,,,,2 pages,,6/10/1916,"Stanley, Lila;Biographical History of Massachusetts",,,[55969],No Copyright - United States,,13341,
6c9fdd09-ac4b-4f79-b785-ca653d8fbaaa,DigitalDocument,ZWU_SCA0319.B09.F02.30,"Preliminary information regarding William Stanley for ""Biographical History of Massachusetts"", copy",,,,,,4 pages,,8/17/1916,"Stanley, Lila;Biographical History of Massachusetts",,,[55969],No Copyright - United States,,13341,
e47f91c9-edc5-4dfe-9b56-66a6666f4985,DigitalDocument,ZWU_SCA0319.B09.F02.31,"Letter from George Derby to Lila Stanley, November 17, 1920",,,,,,4 pages,,11/17/1920,"Derby, George",,,[55969],No Copyright - United States,,13341,
76315e65-165b-44dc-a1a2-966de39d27be,DigitalDocument,ZWU_SCA0319.B09.F02.32,"Letter from George C. Stanley to Samuel Sass, December 7, 1958",,,,,,1 page,,12/7/1958,"Stanley, George C.",,,[55969],In Copyright - United States,,13341,
1357418c-1238-465d-9798-82ec52b21cce,DigitalDocument,ZWU_SCA0319.B09.F02.33,"""To William Stanley we acknowledge our debt"", General Electric Advertisement 300-35",,,,,,2 pages,,3/14/1936,General Electric Company,,,[55969],In Copyright - United States,,13341,
942426b8-d55a-42ed-b157-457dfa0ed5e4,DigitalDocument,ZWU_SCA0319.B09.F03.01,"Envelope with note ""Englewood Press"", May 20, 1916",,,,,,1 page,,5/20/1916,unknown,,,[55969],No Copyright - United States,,13342,
b09e110b-d82e-448a-b7c1-0d1f54b218b3,DigitalDocument,ZWU_SCA0319.B09.F03.02,"The Williston Bulletin, Volume 1, Number 4",,,,,,52 pages,,1916-07-00,Williston Seminary,,,[55969],No Copyright - United States,,13342,
349db537-50bd-4332-9806-a57cccfb1e11,DigitalDocument,ZWU_SCA0319.B09.F03.03,"William Stanley obituary, ""Electrical Review and Western Electrician""",,,,,,1 page,,5/20/1916,Electrical Review and Western Electrician,,,[55969],No Copyright - United States,,13342,
d02d85e5-1bb1-47d8-b595-39b4f242bca5,DigitalDocument,ZWU_SCA0319.B09.F03.04,"Letter from Bayard B. Snowden to William Stanley, August 19, 1912",,,,,,4 pages,,8/19/1912,"Snowden, Bayard B.",,,[55969],No Copyright - United States,,13342,
6a4cd173-a0a9-45eb-b40f-2184947edb53,DigitalDocument,ZWU_SCA0319.B09.F03.05,"William Stanley obituary, ""Current News""",,,,,,1 page,,1916-06-00,Current News,,,[55969],No Copyright - United States,,13342,
995fb16e-81e9-4adb-8bdd-6dd718ed00ef,DigitalDocument,ZWU_SCA0319.B09.F03.06,"William Stanley obituary, ""Berkshire Evening Eagle""",,,,,,1 page,,5/15/1916,Berkshire Evening Eagle,,,[55969],No Copyright - United States,,13342,
012c729d-6737-4c41-b92c-d8cd26a83b12,DigitalDocument,ZWU_SCA0319.B09.F03.07,"William Stanley obituaries, miscellaneous publications",,,,,,1 page,,1916-05-00,Springfield Republican;New York Times,,,[55969],No Copyright - United States,,13342,
6458c291-ac86-46d9-b7bf-779cdef32004,DigitalDocument,ZWU_SCA0319.B09.F03.08,"William Stanley obituary, ""The Berkshire Courier""",,,,,,2 pages,,5/18/1916,Berkshire Courier,,,[55969],No Copyright - United States,,13342,
44e157d8-16f4-40cf-b029-6f999e5a589c,DigitalDocument,ZWU_SCA0319.B09.F03.09,"William Stanley obituary, ""Springfield Union""",,,,,,1 page,,5/14/1916,Springfield Union,,,[55969],No Copyright - United States,,13342,
fe3fb2d3-7bcc-42b0-8184-59c5c4469e34,DigitalDocument,ZWU_SCA0319.B09.F03.10,"William Stanley obituary, ""Pittsfield Eagle""",,,,,,3 pages,,5/15/1916,Pittsfield Eagle,,,[55969],No Copyright - United States,,13342,
2dbafddb-a4ce-40ce-b8d7-7b31d0839d90,DigitalDocument,ZWU_SCA0319.B09.F03.11,"William Stanley obituary, ""Berkshire Evening Eagle"", copy 2",,,,,,3 pages,,5/15/1916,Berkshire Evening Eagle,,,[55969],No Copyright - United States,,13342,
19ce2a24-da0a-4a20-b048-6cd81d93a360,DigitalDocument,ZWU_SCA0319.B09.F03.12,"Mr. Stanley's Part in Pittsfield Life, ""Pittsfield Eagle""",,,,,,1 page,,5/15/1916,Pittsfield Eagle,,,[55969],No Copyright - United States,,13342,
19c97146-ade1-4961-9d59-e0c1d464b830,DigitalDocument,ZWU_SCA0319.B09.F03.13,"William Stanley, Noted Inventor, Passes Away, ""Berkshire Evening Eagle""",,,,,,1 page,,5/15/1916,Berkshire Evening Eagle,,,[55969],No Copyright - United States,,13342,
44094f1a-700c-40b6-ab49-3e401ec6a6f9,DigitalDocument,ZWU_SCA0319.B09.F03.14,"Draft of an obituary for William Stanley, typescript",,,,,,6 pages,1916-05,5/15/1916,Unknown,,,[55969],No Copyright - United States,,13342,
6fbea227-2dad-484a-b7b5-4f5a284a6cf6,DigitalDocument,ZWU_SCA0319.B09.F04.01,"Data for the Story of Electricity, submission compiled by Giuseppe Faccioli",,,,,,19 pages,,11/30/1918,"Faccioli, Giuseppe",,,[55969],No Copyright - United States,,13343,
da17e2da-9cde-4333-b226-67a0aae01f15,DigitalDocument,ZWU_SCA0319.B09.F04.02,"""My invention relates to improvements in Alternating-Current Dynamo Electric Machinery..."", clean draft 7/17",,,,,,17 pages,undated,,"Stanley, William, 1858-1916",,,[55969],No Copyright - United States,,13343,
09f188e6-e8dc-4874-9cd5-c2ee3f7ff4df,DigitalDocument,ZWU_SCA0319.B09.F05.01,"Letter from H. M. Byllesby to T. Commerford Martin, September 24, 1922",,,,,,5 pages,,9/24/1922,"Byllesby, H. M.",,,[55969],No Copyright - United States,,13343,
bbf9a051-5d68-4c02-8ef2-c1216f90ecb2,DigitalDocument,ZWU_SCA0319.B09.F05.02,"Ephemera, ""William Stanley, Father of the American Transformer""",,,,,,8 pages,,1/1/1923,Unknown,,,[55969],No Copyright - United States,,13344,
f2e07dc0-f07f-4d7b-a21c-e17927e88c2c,DigitalDocument,ZWU_SCA0319.B09.F05.03,"Letter from F. Darlington to T. C. Martin, June 1st 1923",,,,,,1 page,,6/1/1923,"Darlington, Frederick",,,[55969],No Copyright - United States,,13344,
f66dd4d8-0db7-48a5-97c7-7f038384df8b,DigitalDocument,ZWU_SCA0319.B09.F05.04,"Letter from R. N. Johnson to Thomas Martin, November 27, 1922",,,,,,3 pages,,11/27/1922,"Johnson, Robert Underwood",,,[55969],No Copyright - United States,,13344,
a1a30d45-f3c4-4068-ac8f-358904353f7a,DigitalDocument,ZWU_SCA0319.B09.F05.05,"Letter from F. Darlington to T. C. Martin, June 1st 1923",,,,,,1 page,,6/28/1923,"Darlington, Frederick",,,[55969],No Copyright - United States,,13344,
7ca0a60e-cc94-4bfa-a021-6e5eafeab0e7,DigitalDocument,ZWU_SCA0319.B09.F05.06,"Letter from Charles Terry to T. C. Martin, September 10, 1923",,,,,,1 page,,9/10/1923,"Terry, Charles A.",,,[55969],No Copyright - United States,,13344,
8d01b93a-0ab1-47e7-aeaa-f31b50bbe724,DigitalDocument,ZWU_SCA0319.B09.F05.07,"Letter from F. Darlington to T. C. Martin, September 12, 1923",,,,,,1 page,,9/12/1923,"Darlington, Frederick",,,[55969],No Copyright - United States,,13344,
35db9135-d3a6-4ab6-8d31-e7f0dd412319,DigitalDocument,ZWU_SCA0319.B09.F05.08,"Letter from F. Darlington to T. C. Martin, August 31, 1923",,,,,,1 page,,8/31/1923,"Darlington, Frederick",,,[55969],No Copyright - United States,,13344,
d76e8329-180b-4d65-a521-606694b2e186,DigitalDocument,ZWU_SCA0319.B09.F05.09,"Letter from F. Darlington to T. C. Martin, August 17, 1923",,,,,,1 page,,8/17/1923,"Darlington, Frederick",,,[55969],No Copyright - United States,,13344,
a364e701-0d44-4e60-9ace-4a5defd5b0d3,DigitalDocument,ZWU_SCA0319.B09.F05.10,"Letter from F. Darlington to T. C. Martin, September 5, 1923",,,,,,1 page,,9/5/1923,"Darlington, Frederick",,,[55969],No Copyright - United States,,13344,
e8744a61-b08e-4191-bdcc-96081f16c30b,DigitalDocument,ZWU_SCA0319.B09.F05.11,"Letter from [T. C. Martin] to Fred Darlington, September 8, 1923",,,,,,1 page,,9/8/1923,"Martin, Thomas Commerford, 1856-1924",,,[55969],No Copyright - United States,,13344,
249955dd-765f-4f7e-b0f6-8ab86f26038b,DigitalDocument,ZWU_SCA0319.B09.F05.12,"Letter from F. Darlington to T. C. Martin, July 10, 1923",,,,,,1 page,,7/10/1923,"Darlington, Frederick",,,[55969],No Copyright - United States,,13344,
8e3822e9-1eb8-49b7-9cde-18b96bb48d42,DigitalDocument,ZWU_SCA0319.B09.F05.13,Proposed illustrations for Stanley autobiography,,,,,,2 pages,,1/1/1923,"Martin, Thomas Commerford, 1856-1924",,,[55969],No Copyright - United States,,13344,
41226c0b-1f59-4b24-a27f-23bc471da1fb,DigitalDocument,ZWU_SCA0319.B09.F05.14,"John Forrest Kelly, obituary",,,,,,2 pages,,1/1/1922,Unknown,,,[55969],No Copyright - United States,,13344,
559f6fd1-6d64-4ff2-927b-b0e765299fb3,DigitalDocument,ZWU_SCA0319.B09.F05.15,Letter from [T. C. Martin] to Mr. Chesney,,,,,,2 pages,,10/11/1922,"Martin, Thomas Commerford, 1856-1924",,,[55969],No Copyright - United States,,13344,
a90ed6f4-947d-4d89-9c15-707d90d5a99b,DigitalDocument,ZWU_SCA0319.B09.F05.16,"Letter from C. C. Chesney to T. Commerford Martin, August 21, 1922",,,,,,1 page,,8/21/1922,"Chesney, Cummings C.",,,[55969],No Copyright - United States,,13344,
4cb21da7-9a88-4dbb-8f7f-10caa7084c41,DigitalDocument,ZWU_SCA0319.B09.F05.17,"Letter from C. C. Chesney to T. Commerford Martin, May 18, 1922",,,,,,1 page,,5/18/1922,"Chesney, Cummings C.",,,[55969],No Copyright - United States,,13344,
12852cc1-c309-4e4a-9af5-8f3a26531381,DigitalDocument,ZWU_SCA0319.B09.F05.18,"Letter from C. C. Chesney to T. Commerford Martin, June 15, 1922",,,,,,1 page,,6/15/1922,"Chesney, Cummings C.",,,[55969],No Copyright - United States,,13344,
61935da9-f9d9-4e95-b6af-caaa3b85044c,DigitalDocument,ZWU_SCA0319.B09.F05.19,"Letter from [T. C. Martin] to C. C. Chesney, December 10, 1923",,,,,,6 pages,,12/10/1923,"Martin, Thomas Commerford, 1856-1924",,,[55969],No Copyright - United States,,13344,
bcb1e379-ec85-40d0-8be1-3e1811825151,DigitalDocument,ZWU_SCA0319.B09.F05.20,"Letter from [T. C. Martin] to Leonard F. Stanley, November 20, 1923",,,,,,1 page,,11/20/1923,"Martin, Thomas Commerford, 1856-1924",,,[55969],No Copyright - United States,,13344,
b8a9b3a3-1d22-4c68-abad-615b36784c02,DigitalDocument,ZWU_SCA0319.B09.F05.21,"Letter from [T. C. Martin] to C. C. Chesney and G. Faccioli, December 4, 1923",,,,,,2 pages,,12/4/1923,"Martin, Thomas Commerford, 1856-1924",,,[55969],No Copyright - United States,,13344,
3d9e6d9f-9ec5-412a-9b53-f0ba30d228f4,DigitalDocument,ZWU_SCA0319.B09.F05.22,"Letter from C. C. Chesney to T. C. Martin, November 9, 1922",,,,,,21 pages,1922-11-09;1922-11,11/9/1922,"Chesney, Cummings C.",,,[55969],No Copyright - United States,,13344,
27493ffa-1b48-4c16-9c45-bdb06af16919,DigitalDocument,ZWU_SCA0319.B09.F05.23,"Letter from C. C. Chesney to T. C. Martin, November 6, 1922",,,,,,1 page,,11/6/1923,"Chesney, Cummings C.",,,[55969],No Copyright - United States,,13344,
25b6c27b-75f2-4f1b-b63e-97adac1e2f36,DigitalDocument,ZWU_SCA0319.B09.F05.24,"Letter from G. Faccioli to T. C. Martin, November 7, 1923",,,,,,2 pages,,11/7/1923,"Faccioli, Giuseppe",,,[55969],No Copyright - United States,,13344,
f0422902-20e9-4a94-9d0c-7148be709f5f,DigitalDocument,ZWU_SCA0319.B09.F05.25,"Letter from [T. C. Martin] to C. C. Chesney and G. Faccioli, November 11, 1923",,,,,,4 pages,,11/11/1923,"Martin, Thomas Commerford, 1856-1924",,,[55969],No Copyright - United States,,13344,
e75de970-cf0b-4317-bef2-170ae77d5a14,DigitalDocument,ZWU_SCA0319.B09.F05.26,"Letter from C. Stanley to T. C. Martin, August 6, 1923",,,,,,1 page,,8/6/1923,"Stanley, C.",,,[55969],No Copyright - United States,,13344,
e06d0ab3-24e0-40ec-b396-c7326a6f25af,DigitalDocument,ZWU_SCA0319.B09.F05.27,"Letter from G. Faccioli to T. C. Martin, November 16, 1923",,,,,,1 page,,11/16/1923,"Faccioli, Giuseppe",,,[55969],No Copyright - United States,,13344,
21c79686-d9e9-445d-9658-e9b3f36352a4,DigitalDocument,ZWU_SCA0319.B09.F05.28,"Letter from G. Faccioli to T. C. Martin, November 21, 1923",,,,,,1 page,,11/21/1923,"Faccioli, Giuseppe",,,[55969],No Copyright - United States,,13344,
ff51e2e0-cd70-48a1-a568-f653eb979502,DigitalDocument,ZWU_SCA0319.B09.F05.29,"Letter from G. Faccioli to T. C. Martin, July 10, 1923",,,,,,5 pages,,7/10/1923,"Faccioli, Giuseppe;Stanley, William 1858-1916",,,[55969],No Copyright - United States,,13344,
60edc81f-427f-4166-9daa-48038d9cd004,DigitalDocument,ZWU_SCA0319.B09.F05.30,"Letter from Charles A. Terry to T. C. Martin, November 29 1922",,,,,,1 page,,11/29/1922,"Terry, Charles A.",,,[55969],No Copyright - United States,,13344,
32d38234-56b7-4de2-ace0-0a34ea02de85,DigitalDocument,ZWU_SCA0319.B09.F05.31,"Letter from C. C. Chesney to T. C. Martin, September 24, 1923",,,,,,1 page,,9/24/1923,"Chesney, Cummings C.",,,[55969],No Copyright - United States,,13344,
63d3af8b-eb79-41ae-8944-d2ffad386791,DigitalDocument,ZWU_SCA0319.B09.F05.32,"Letter from G. Faccioli to T. C. Martin, July 16, 1923",,,,,,1 page,,7/16/1923,"Faccioli, Giuseppe",,,[55969],No Copyright - United States,,13344,
9b76240d-4ff7-45ca-91a2-9d3a3989c2e4,DigitalDocument,ZWU_SCA0319.B09.F05.33,"Letter from [T. C. Martin] to Henry Hine, July 12, 1923",,,,,,1 page,,7/12/1923,"Martin, Thomas Commerford, 1856-1924",,,[55969],No Copyright - United States,,13344,
f6c34f5c-112f-48dc-86d3-16de22ac3341,DigitalDocument,ZWU_SCA0319.B09.F05.34,"Letter from [T. C. Martin] to H. M. Byllesby, July 12, 1923",,,,,,1 page,,7/12/1923,"Martin, Thomas Commerford, 1856-1924",,,[55969],No Copyright - United States,,13344,
ab05b60e-27b3-4fd9-8467-cde4e0c79bb7,DigitalDocument,ZWU_SCA0319.B09.F05.35,"Letter from G. Faccioli to T. C. Martin, July 11, 1923",,,,,,1 page,,7/11/1923,"Faccioli, Giuseppe",,,[55969],No Copyright - United States,,13344,
4af80f09-1e96-43ec-bb72-acdf44237fb8,DigitalDocument,ZWU_SCA0319.B09.F05.36,"Letter from G. Faccioli per S. William to T. C. Martin, July 19, 1923",,,,,,1 page,,7/19/1923,"Williams, S.",,,[55969],No Copyright - United States,,13344,
edd59784-d639-402f-b3f2-c8bb2313aee4,DigitalDocument,ZWU_SCA0319.B09.F05.37,"Letter from G. Faccioli to T. C. Martin, July 9, 1923",,,,,,1 page,,7/9/1923,"Faccioli, Giuseppe",,,[55969],No Copyright - United States,,13344,
88dc4f9f-2963-4b63-81c6-f083454719b8,DigitalDocument,ZWU_SCA0319.B09.F05.38,"Letter from G. Faccioli to T. C. Martin, September 5, 1923",,,,,,1 page,,9/5/1923,"Faccioli, Giuseppe",,,[55969],No Copyright - United States,,13344,
6f49afa5-530a-4692-bdcd-3370dbf5a15f,DigitalDocument,ZWU_SCA0319.B09.F05.39,"Letter from G. Faccioli to T. C. Martin, August 21, 1923",,,,,,1 page,,8/21/1923,"Faccioli, Giuseppe",,,[55969],No Copyright - United States,,13344,
78ac4d87-3445-413f-ab21-df4fb2c0cc19,DigitalDocument,ZWU_SCA0319.B09.F05.40,"Letter from G. Faccioli to T. C. Martin, October 17, 1923",,,,,,3 pages,,10/17/1923,"Faccioli, Giuseppe",,,[55969],No Copyright - United States,,13344,
df420cc8-936f-4cf6-b3b2-4b8b34ad7d83,DigitalDocument,ZWU_SCA0319.B09.F05.41,"Letter from [T. C. Martin] to Dr. M.I. Pupin, October 8, 1923",,,,,,1 page,,10/8/1923,"Martin, Thomas Commerford, 1856-1924",,,[55969],No Copyright - United States,,13344,
1917bde9-57a4-44c6-90c3-e23525095138,DigitalDocument,ZWU_SCA0319.B09.F05.42,"Letter from C. C. Chesney to T. C. Martin, October 5, 1923",,,,,,1 page,,10/5/1923,"Chesney, Cummings C.",,,[55969],No Copyright - United States,,13344,
191b21db-9501-4cf8-a3d9-426e447090cb,DigitalDocument,ZWU_SCA0319.B09.F05.43,"Letter from C. C. Chesney to T. C. Martin, September 28, 1923",,,,,,1 page,,9/28/1923,"Chesney, Cummings C.",,,[55969],No Copyright - United States,,13344,
be0deece-5836-4a28-bca5-58a5948893d4,DigitalDocument,ZWU_SCA0319.B09.F05.44,"Letter from G. Faccioli to T. C. Martin, June 11, 1923",,,,,,1 page,,6/11/1923,"Faccioli, Giuseppe",,,[55969],No Copyright - United States,,13344,
305f1683-1edd-4f1a-9bf2-0012be7826a0,DigitalDocument,ZWU_SCA0319.B09.F05.45,"Letter from G. Faccioli to T. C. Martin, June 30, 1923",,,,,,1 page,,6/30/1923,"Faccioli, Giuseppe",,,[55969],No Copyright - United States,,13344,
6464eeb5-839a-4134-813a-26ac98543e6c,DigitalDocument,ZWU_SCA0319.B09.F05.46,"Letter from C. C. Chesney to T. C. Martin, August 3, 1923",,,,,,1 page,,8/3/1923,"Chesney, Cummings C.",,,[55969],No Copyright - United States,,13344,
7a783c64-f623-4f12-bf4d-4890e9fe8020,DigitalDocument,ZWU_SCA0319.B09.F05.47,"Letter from [T. C. Martin] to G. Faccioli, September 21, 1923",,,,,,1 page,,9/21/1923,"Martin, Thomas Commerford, 1856-1924",,,[55969],No Copyright - United States,,13344,
eec4599e-53c0-446c-9daa-a648449a6026,DigitalDocument,ZWU_SCA0319.B09.F05.48,"Letter from C. C. Chesney to T. C. Martin, September 27, 1923",,,,,,1 page,,9/27/1923,"Chesney, Cummings C.",,,[55969],No Copyright - United States,,13344,
41eccee2-70a6-4089-8564-5e475f0649f9,DigitalDocument,ZWU_SCA0319.B09.F05.49,"Letter from Charles Terry to T. C. Martin, September 21, 1923",,,,,,1 page,,9/21/1923,"Terry, Charles A.",,,[55969],No Copyright - United States,,13344,
50ae8730-d4ae-40da-b685-09e890c54f1e,DigitalDocument,ZWU_SCA0319.B09.F05.50,"Letter from G. Faccioli to T. C. Martin, September 24, 1923",,,,,,1 page,,9/24/1923,"Faccioli, Giuseppe",,,[55969],No Copyright - United States,,13344,
cfe32ff7-ff33-47e1-9027-b41baf6f8156,DigitalDocument,ZWU_SCA0319.B09.F05.51,"Letter from [T. C. Martin] to C. C. Chesney, September 20, 1923",,,,,,1 page,,9/20/1923,"Martin, Thomas Commerford, 1856-1924",,,[55969],No Copyright - United States,,13344,
12b98de6-c02b-458d-bba8-2cc6471eebc2,DigitalDocument,ZWU_SCA0319.B09.F05.52,"Letter from C. C. Chesney to T. C. Martin, December 19, 1922, with enclosure",,,,,,3 pages,1922-12-19;1922-12-15,12/15/1922,"Chesney, Cummings C.;Ballard, H. N.",,,[55969],No Copyright - United States,,13344,
da15ae58-d2bd-47c7-9858-b05842f37d8c,DigitalDocument,ZWU_SCA0319.B09.F05.53,"Letter from C. C. Chesney to T. C. Martin, December 19, 1922, regarding introduction and chapter 8 of Stanley book",,,,,,1 page,,12/19/1922,"Chesney, Cummings C.",,,[55969],No Copyright - United States,,13344,
98a4a55a-97b2-4d78-bbb5-a8e999a37bc9,DigitalDocument,ZWU_SCA0319.B09.F05.54,"Letter from C. C. Chesney to T. C. Martin, December 19, 1922, regarding Boltwood and Pittsfield",,,,,,1 page,,12/19/1922,"Chesney, Cummings C.",,,[55969],No Copyright - United States,,13344,
a6dd36e8-4ce5-474e-b931-3101007800b3,DigitalDocument,ZWU_SCA0319.B09.F05.55,"Letter from G. Faccioli to T. C. Martin, January 15, 1923",,,,,,1 page,,1/15/1923,"Faccioli, Giuseppe",,,[55969],No Copyright - United States,,13344,
b8f86579-8dd3-48e4-bc5e-11838c43c04a,DigitalDocument,ZWU_SCA0319.B09.F05.56,"Letter from G. Faccioli to T. C. Martin, April 25, 1923",,,,,,1 page,,4/25/1923,"Faccioli, Giuseppe",,,[55969],No Copyright - United States,,13344,
e1be484d-1e08-4278-980a-d1006b6835e9,DigitalDocument,ZWU_SCA0319.B09.F05.57,"Memo of shipment, 3 books on patents",,,,,,1 page,,12/4/1922,General Electric Company,,,[55969],No Copyright - United States,,13344,
4a9479cc-5cae-44f9-8231-a1fb7a252300,DigitalDocument,ZWU_SCA0319.B09.F05.58,"Letter from C. C. Chesney to T. C. Martin, January 9, 1923, with enclosure",,,,,,3 pages,,1/9/1923,"Chesney, Cummings C.",,,[55969],No Copyright - United States,,13344,
253f0ea4-e7af-4d64-8c50-2ebef378abf4,DigitalDocument,ZWU_SCA0319.B09.F05.59,"Letter from G. Faccioli to T. C. Martin, November 27, 1922",,,,,,1 page,,11/27/1922,"Faccioli, Giuseppe",,,[55969],No Copyright - United States,,13344,
e6eaea72-424c-416d-a8ce-adc77fae2221,DigitalDocument,ZWU_SCA0319.B09.F05.60,"Letter from C. C. Chesney to T. C. Martin, December 13, 1922",,,,,,1 page,,12/13/1922,"Chesney, Cummings C.",,,[55969],No Copyright - United States,,13344,
0d6f4b82-5b59-41fa-9bd2-516ecbc97554,DigitalDocument,ZWU_SCA0319.B09.F05.61,"Letter from G. Faccioli to T. C. Martin, December 11, 1922",,,,,,1 page,,12/11/1922,"Faccioli, Giuseppe",,,[55969],No Copyright - United States,,13344,
7b8dc98c-f521-469c-8d3f-e0182409005c,DigitalDocument,ZWU_SCA0319.B09.F05.62,"Letter from C. C. Chesney to T. C. Martin, December 30, 1922",,,,,,1 page,,12/30/1922,"Chesney, Cummings C.",,,[55969],No Copyright - United States,,13344,
87f3db17-7403-4aed-943d-9aab78b3a744,DigitalDocument,ZWU_SCA0319.B09.F05.63,"Letter from C. C. Chesney to T. C. Martin, January 2, 1923",,,,,,1 page,,1/2/1923,"Chesney, Cummings C.",,,[55969],No Copyright - United States,,13344,
613d6d37-f0d0-4092-9ab3-2b32374cb908,DigitalDocument,ZWU_SCA0319.B09.F05.64,"Letter from H. H. Ballard to T. C. Martin, December 1, 1922",,,,,,1 page,,12/1/1922,"Ballard, H. H.",,,[55969],No Copyright - United States,,13344,
d02c729f-1099-4ff8-b6fc-a34a4549ebd9,DigitalDocument,ZWU_SCA0319.B09.F05.65,"Letter from A. E. Kennelly to Martin, January 3, 1923",,,,,,1 page,,1/3/1923,"Kennelly, A. E.",,,[55969],No Copyright - United States,,13344,
a750873d-4623-4856-b3a1-3b87993668f7,DigitalDocument,ZWU_SCA0319.B09.F05.66,"Letter from C. C. Chesney to Waldemar Kaempffert, December 7, 1922",,,,,,1 page,,12/7/1922,"Chesney, Cummings C.",,,[55969],No Copyright - United States,,13344,
eaac7f5e-d08a-4253-9dd2-443dd815d7ad,DigitalDocument,ZWU_SCA0319.B09.F05.67,Table of contents draft for Life of William Stanley manuscript,,,,,,2 pages,1922-1924,1/1/1922,"Martin, Thomas Commerford, 1856-1924",,,[55969],No Copyright - United States,,13344,
9aff1c82-2d4e-44ca-aeb9-b3ab0ccb15d4,DigitalDocument,ZWU_SCA0319.B09.F05.68,"Letter from C. C. Chesney to T. C. Martin, December 4, 1922",,,,,,1 page,,12/4/1922,"Chesney, Cummings C.",,,[55969],No Copyright - United States,,13344,
4d02b62e-895a-4fd1-aac4-699ef2a2469a,DigitalDocument,ZWU_SCA0319.B09.F05.69,"Letter from Waldemar Kaempffert to T. C. Martin, December 1, 1922",,,,,,1 page,,12/1/1922,"Kaempffert, Waldemar",,,[55969],No Copyright - United States,,13344,
7f848532-d9b2-498d-87de-54326746775e,DigitalDocument,ZWU_SCA0319.B09.F05.70,"Letter from H. H. Ballard to T. C. Martin, December 5, 1922",,,,,,1 page,,12/5/1922,"Ballard, H. H.",,,[55969],No Copyright - United States,,13344,
910379cc-2937-42b9-b6c4-3b2c8ba7f2cd,DigitalDocument,ZWU_SCA0319.B09.F05.71,"Letter from G. Faccioli to T. C. Martin, December 4, 1922",,,,,,1 page,,12/4/1922,"Faccioli, Giuseppe",,,[55969],No Copyright - United States,,13344,
b85a11fa-4ffe-48ca-8964-ca0483cd5607,DigitalDocument,ZWU_SCA0319.B09.F05.72,"Letter from John J. Carty to T. C. Martin, December 5, 1922 and copy",,,,,,3 pages,,12/5/1922,"Carty, John J.",,,[55969],No Copyright - United States,,13344,
c8ba9bb3-004b-4c08-9dc3-4bf2846e2215,DigitalDocument,ZWU_SCA0319.B09.F05.73,"Excerpt from Smith's ""History of Pittsfield"", pages 241-242",,,,,,2 pages,1869,1869-01-01,"Smith, J. E. A.",,,[55969],No Copyright - United States,,13344,
7fb7b661-0775-4f49-aaf4-5793c4835c77,DigitalDocument,ZWU_SCA0319.B09.F05.74,"Letter from [T. C. Martin] to C. A. Terry, November 27, 1922",,,,,,1 page,,11/27/1922,"Martin, Thomas Commerford, 1856-1924",,,[55969],No Copyright - United States,,13344,
902494dc-9e6b-4552-a369-0eafb005e3dd,DigitalDocument,ZWU_SCA0319.B09.F05.75,"Letter from H. H. Ballard, to C. C. Chesney, November 14, 1922",,,,,,2 pages,,11/22/1922,"Ballard, H. H.",,,[55969],No Copyright - United States,,13344,
517b4ce9-c258-4648-8878-466463ec44a4,DigitalDocument,ZWU_SCA0319.B09.F05.76,"Letter from C. C. Chesney to T. C. Martin, November 17, 1922",,,,,,1 page,,11/17/1922,"Chesney, Cummings C.",,,[55969],No Copyright - United States,,13344,
fb449c22-e78f-41a1-8170-9aeb40974785,DigitalDocument,ZWU_SCA0319.B09.F05.77,"Letter from T. C. Martin to C. C. Chesney, November 13, 1922",,,,,,1 page,,11/13/1922,"Martin, Thomas Commerford, 1856-1924",,,[55969],No Copyright - United States,,13344,
d964ac6d-02aa-49cd-b930-6b1abb0a1c62,DigitalDocument,ZWU_SCA0319.B09.F05.78,"Letter from C. C. Chesney to T. C. Martin, November 13, 1922",,,,,,1 page,,11/13/1922,"Chesney, Cummings C.",,,[55969],No Copyright - United States,,13344,
48155bfc-7f0c-4e0b-aafb-bc9e909495fa,DigitalDocument,ZWU_SCA0319.B09.F05.79,"Letter from G. Faccioli to T. C. Martin, November 15, 1922",,,,,,1 page,,11/15/1922,"Faccioli, Giuseppe",,,[55969],No Copyright - United States,,13344,
cff266d7-3631-465c-947a-22904e02c6fe,DigitalDocument,ZWU_SCA0319.B09.F05.80,"Letter from Philip Torchio to T. C. Martin, November 16, 1922",,,,,,1 page,,11/16/1922,"Torchio, Philip",,,[55969],No Copyright - United States,,13344,
d3b49570-b316-41fe-89e1-9c02b66ef842,DigitalDocument,ZWU_SCA0319.B09.F05.81,"Letter from C. C. Chesney to T. C. Martin, November 13, 1922, with enclosures",,,,,,3 pages,1922-11-06;1922-11-08;1922-11-13,11/6/1922,"Chesney, Cummings C.;Darlington, Frederick;Gossler, Philip G.",,,[55969],No Copyright - United States,,13344,
fa7559ec-a2fe-47de-9c84-e8cc1694dd15,DigitalDocument,ZWU_SCA0319.B09.F05.82,"Letter from F. Darlington to T. C. Martin, November 13, 1922",,,,,,1 page,,11/13/1922,"Darlington, Frederick",,,[55969],No Copyright - United States,,13344,
efc3bec4-4bb6-4f40-8400-c0e20cafec40,DigitalDocument,ZWU_SCA0319.B09.F05.83,"Letter from C. C. Chesney to T. C. Martin, October 30, 1922",,,,,,1 page,,10/30/1922,"Chesney, Cummings C.",,,[55969],No Copyright - United States,,13344,
855e4e3d-d59d-419f-bfbd-afc2743f03aa,DigitalDocument,ZWU_SCA0319.B09.F05.84,"News Bulletin, H. M. Byllesby and Company, August 31, 1922",,,,,,2 pages,,8/31/1922,H. M. Byllesby and Company,,,[55969],No Copyright - United States,,13344,
fcb1a41f-1fe4-437c-af52-36b1255a47e0,DigitalDocument,ZWU_SCA0319.B09.F05.85,"Letter from [T. C. Martin] to C. C. Chesney, October 11, 1922",,,,,,4 pages,,10/11/1922,"Martin, Thomas Commerford, 1856-1924",,,[55969],No Copyright - United States,,13344,
a0330eb5-d768-46d9-97ca-f6487d1bdbe3,DigitalDocument,ZWU_SCA0319.B09.F05.86,"Letter from C. C. Chesney to T. C. Martin, October 2, 1922",,,,,,1 page,,10/2/1922,"Chesney, Cummings C.",,,[55969],No Copyright - United States,,13344,
8315a7b3-ca53-4fb5-9942-cee6f5043773,DigitalDocument,ZWU_SCA0319.B09.F05.87,"""Current News"", Pittsfield Works, Volume 9, Number 8, April 1922",,,,,,12 pages,1922-04,4/1/1922,"General Electric Company, Pittsfield Works",,,[55969],No Copyright - United States,,13344,
eae72583-2997-4517-b109-74f4d73e4c1f,DigitalDocument,ZWU_SCA0319.B09.F06.01,"Letter from F. Darlington to T. C. Martin, April 14, 1924",,,,,,1 page,,4/24/1924,"Darlington, Frederick",,,[55969],No Copyright - United States,,13344,
dbaac621-6a36-4ec8-88ba-0d8980f436e1,DigitalDocument,ZWU_SCA0319.B09.F06.02,"Letter from H. Stanley to T. C. Martin, April 11, 1924",,,,,,1 page,,4/11/1924,"Stanley, Harold",,,[55969],No Copyright - United States,,13344,
598a8d97-5149-4f62-9ad5-2b880bd62049,DigitalDocument,ZWU_SCA0319.B09.F06.03,"Letter from president of electrical society to G. Faccioli, March 28, 1924",,,,,,1 page,,3/24/1924,,,,[55969],No Copyright - United States,,13344,
d542e5c5-c9d9-4137-a68a-b7a7fed2b00b,DigitalDocument,ZWU_SCA0319.B09.F06.04,"Letter from S. W. Ashe to T. C. Martin, January 28, 1924",,,,,,2 pages,,1/28/1924,"Ashe, S. W.",,,[55969],No Copyright - United States,,13344,
596f716c-d998-41cf-a5ea-8a7909b4a42f,DigitalDocument,ZWU_SCA0319.B09.F06.05,"Letter from Wm. C. Root to S. W. Ashe, January 11, 1924",,,,,,1 page,,1/11/1924,"Root, William C.",,,[55969],No Copyright - United States,,13344,
dc39eede-ba1d-4143-be31-fa416013fc77,DigitalDocument,ZWU_SCA0319.B09.F06.06,"Letter from C. C. Chesney to T. C. Martin, January 2, 1924, publisher inquiries",,,,,,1 page,,1/2/1924,"Chesney, Cummings C.",,,[55969],No Copyright - United States,,13344,
6f373bba-53d8-4ffe-bb45-3543b4447362,DigitalDocument,ZWU_SCA0319.B09.F06.07,"Letter from C. C. Chesney to T. C. Martin, January 2, 1924, chapters 10, 11 and 12",,,,,,1 page,,1/2/1924,"Chesney, Cummings C.",,,[55969],No Copyright - United States,,13344,
d44b7681-8ab2-48f3-b4aa-0540129d2a44,DigitalDocument,ZWU_SCA0319.B09.F06.08,"Letter from [T. C. Martin] to G. Faccioli, January 2, 1924",,,,,,1 page,,1/2/1924,"Martin, Thomas Commerford, 1856-1924",,,[55969],No Copyright - United States,,13344,
e9e4be41-0eb2-4ae1-ad66-f615e2504a94,DigitalDocument,ZWU_SCA0319.B09.F06.09,"Letter from [T. C. Martin] to C.C. Chesney, January 1, 1924",,,,,,1 page,,1/1/1924,"Martin, Thomas Commerford, 1856-1924",,,[55969],No Copyright - United States,,13344,
26005773-2831-4679-a242-76289e63f550,DigitalDocument,ZWU_SCA0319.B09.F06.10,"Letter from C. C. Chesney to T. C. Martin, December 21, 1923",,,,,,1 page,,12/21/1923,"Chesney, Cummings C.",,,[55969],No Copyright - United States,,13344,
be9a6163-6711-41ab-999f-12c00ece763a,DigitalDocument,ZWU_SCA0319.B09.F06.11,"Letter from G. Faccioli to T. C. Martin, December 31, 1923",,,,,,1 page,,12/31/1923,"Faccioli, Giuseppe",,,[55969],No Copyright - United States,,13344,
f64507e6-bf6f-49ba-b8eb-e433dc18b256,DigitalDocument,ZWU_SCA0319.B09.F06.12,"Letter from S. W. Ashe to T. C. Martin, December 21, 1923",,,,,,1 page,,12/21/1923,"Ashe, S. W.",,,[55969],No Copyright - United States,,13344,
b1be621d-5185-413d-982c-665b86d45674,DigitalDocument,ZWU_SCA0319.B09.F06.13,"Letter from [T. C. Martin] to C. C. Chesney, December 19, 1923",,,,,,1 page,,12/19/1923,"Martin, Thomas Commerford, 1856-1924",,,[55969],No Copyright - United States,,13344,
f70f18d6-0484-40b7-9792-d323e38c8755,DigitalDocument,ZWU_SCA0319.B09.F06.14,"Letter from [T. C. Martin] to C. C. Chesney, December 17, 1923",,,,,,1 page,,12/17/1923,"Martin, Thomas Commerford, 1856-1924",,,[55969],No Copyright - United States,,13344,
246bd431-33f2-4ebe-9c5b-6111f15a07ef,DigitalDocument,ZWU_SCA0319.B09.F06.15,"Letter from [T. C. Martin] to C. C. Chesney, December 16, 1923",,,,,,1 page,,12/16/1923,"Martin, Thomas Commerford, 1856-1924",,,[55969],No Copyright - United States,,13344,
561d6e6f-4b12-4669-8a9c-e81531682432,DigitalDocument,ZWU_SCA0319.B09.F06.16,"Letter from [T. C. Martin] to C. C. Chesney, December 13, 1923",,,,,,1 page,,12/13/1923,"Martin, Thomas Commerford, 1856-1924",,,[55969],No Copyright - United States,,13344,
e90c4da3-2611-4295-a37e-8dd8dab889ee,DigitalDocument,ZWU_SCA0319.B09.F06.17,"Letter from [T. C. Martin] to C. C. Chesney, December 10, 1923",,,,,,2 pages,,12/10/1923,"Martin, Thomas Commerford, 1856-1924",,,[55969],No Copyright - United States,,13344,
ec1e8757-9144-41e2-a472-cbac59c63bdc,DigitalDocument,ZWU_SCA0319.B09.F06.18,"Letter from G. Faccioli to T. C. Martin, December 10, 1923",,,,,,1 page,,12/10/1923,"Faccioli, Giuseppe",,,[55969],No Copyright - United States,,13344,
bfc06765-7209-4112-a650-cf455ed0d169,DigitalDocument,ZWU_SCA0319.B09.F06.19,"Letter from C. C. Chesney to T. C. Martin, December 10, 1923",,,,,,1 page,,12/10/1923,"Chesney, Cummings C.",,,[55969],No Copyright - United States,,13344,
05369248-eb6d-414f-a1e7-c793271c7885,DigitalDocument,ZWU_SCA0319.B09.F06.20,"Letter from [T. C. Martin] to C. C. Chesney, December 8, 1923",,,,,,1 page,,12/8/1923,"Martin, Thomas Commerford, 1856-1924",,,[55969],No Copyright - United States,,13344,
c7ef205f-63cf-4050-97e5-fcb2c6424288,DigitalDocument,ZWU_SCA0319.B09.F06.21,"Letter from [T. C. Martin] to C. C. Chesney, December 6, 1923",,,,,,1 page,,12/6/1923,"Martin, Thomas Commerford, 1856-1924",,,[55969],No Copyright - United States,,13344,
11c2904e-881e-4857-b8b5-c8ef20902335,DigitalDocument,ZWU_SCA0319.B09.F06.22,"Letter from S. W. Ashe to T. C. Martin, December 5, 1923",,,,,,3 pages,,12/5/1923,"Ashe, S. W.",,,[55969],No Copyright - United States,,13344,
e5496ee4-80e8-4081-818d-fd1167652d43,DigitalDocument,ZWU_SCA0319.B09.F06.23,"Letter from C. C. Chesney to T. C. Martin, December 4, 1923",,,,,,2 pages,,12/4/1923,"Chesney, Cummings C.",,,[55969],No Copyright - United States,,13344,
a91e788a-b0cb-4a4d-a12c-393383c351c3,DigitalDocument,ZWU_SCA0319.B09.F06.24,"Letter from C. C. Chesney to T. C. Martin, November 15, 1923",,,,,,1 page,,11/15/1923,"Chesney, Cummings C.",,,[55969],No Copyright - United States,,13344,
dd3e4af6-d512-4028-9e2e-495ab68a83b0,DigitalDocument,ZWU_SCA0319.B09.F06.25,"Letter from S.W. Ashe to T. C. Martin, October 26, 1923",,,,,,2 pages,,10/26/1923,"Ashe, S. W.",,,[55969],No Copyright - United States,,13344,
825cd316-3424-4d24-9a8c-f1a17bbfd48a,DigitalDocument,ZWU_SCA0319.B09.F06.26,"Letter from [T. C. Martin] to G. Faccioli, October 4, 1923",,,,,,1 page,,10/4/1923,"Martin, Thomas Commerford, 1856-1924",,,[55969],No Copyright - United States,,13344,
ce4e4837-7942-4e4a-aaa6-3427362269bf,DigitalDocument,ZWU_SCA0319.B09.F06.28,"Letter from William W. Stanley [III] to T. C. Martin, August 31, 1923",,,,,,3 pages,,8/31/1923,"Stanley, William W.",,,[55969],No Copyright - United States,,13344,
e51c65df-419a-4d1f-b2da-4b8c6a531783,DigitalDocument,ZWU_SCA0319.B09.F06.29,"Letter from G. Faccioli to T. C. Martin, August 14, 1923",,,,,,2 pages,,8/14/1923,"Faccioli, Giuseppe",,,[55969],No Copyright - United States,,13344,
09d482d1-a17f-40b3-b4ac-4dcf2bb8c807,DigitalDocument,ZWU_SCA0319.B09.F06.30,"Letter from C. C. Chesney to T. C. Martin, August 10, 1923",,,,,,1 page,,8/10/1923,"Chesney, Cummings C.",,,[55969],No Copyright - United States,,13344,
f85679da-c371-4868-9b83-236b25551bc0,DigitalDocument,ZWU_SCA0319.B09.F06.31,"Letter from William W. Stanley [III] to T. C. Martin, August 9, 1923",,,,,,3 pages,,8/9/1923,"Stanley, William W.",,,[55969],No Copyright - United States,,13344,
9d7f1a01-a804-4728-b2f1-a2a4141cd6fe,DigitalDocument,ZWU_SCA0319.B09.F06.32,"Letter from William W. Stanley [III] to T. C. Martin, August 5, 1923",,,,,,7 pages,,8/5/1923,"Stanley, William W.",,,[55969],No Copyright - United States,,13344,
03966a78-7392-4d25-9a00-b476fd99fe03,DigitalDocument,ZWU_SCA0319.B09.F06.33,"Letter from William W. Stanley [III] to T. C. Martin, July 19, 1923",,,,,,7 pages,,7/19/1923,"Stanley, William W.",,,[55969],No Copyright - United States,,13344,
3b1c3114-ae77-4cac-a17c-2de467a8ee87,DigitalDocument,ZWU_SCA0319.B09.F06.34,"Letter from G. Faccioli to T. C. Martin, July 2, 1923",,,,,,1 page,,7/2/1923,"Faccioli, Giuseppe",,,[55969],No Copyright - United States,,13344,
a5ccc344-be3d-484f-a130-521c62577234,DigitalDocument,ZWU_SCA0319.B09.F06.35,"Letter from [T. C. Martin] to G. Faccioli, June 22, 1923",,,,,,3 pages,,6/22/1923,"Faccioli, Giuseppe",,,[55969],No Copyright - United States,,13344,
d26493a3-c8d8-4c93-928d-e8dc822fd07c,DigitalDocument,ZWU_SCA0319.B09.F06.36,"Letter from William W. Stanley [III] to G. Faccioli, June 14, 1923",,,,,,2 pages,,6/14/1923,"Stanley, William W.",,,[55969],No Copyright - United States,,13344,
4e5bc7b6-42be-4c57-903b-86cf6ff54070,DigitalDocument,ZWU_SCA0319.B09.F06.37,"Letter from H. E. Farrer to T. C. Martin, May 29, 1923",,,,,,2 pages,,5/29/1923,"Farrer, H. E.",,,[55969],No Copyright - United States,,13344,
034ff86d-29aa-4e63-8d0f-2e0f3a0c4961,DigitalDocument,ZWU_SCA0319.B09.F06.38,"Letter from C. F. Scott to T. C. Martin, December 20, 1922",,,,,,1 page,,12/20/1922,"Scott, Charles F.",,,[55969],No Copyright - United States,,13344,
0d5075b9-b5b7-43ff-838f-d8c4f25923a8,DigitalDocument,ZWU_SCA0319.B09.F06.39,"Letter from C. C. Chesney to T.C. Martin, December 4, 1922",,,,,,2 pages,,12/4/1922,"Chesney, Cummings C.",,,[55969],No Copyright - United States,,13344,
e9f13629-be2b-4847-ab21-9cbb9aeac0d4,DigitalDocument,ZWU_SCA0319.B09.F06.40,"Letter from G. Faccioli to T. C. Martin, October 30, 1922",,,,,,1 page,,10/30/1922,"Faccioli, Giuseppe",,,[55969],No Copyright - United States,,13344,
4795a869-a2c3-4695-9d3b-1cd84515c4f1,DigitalDocument,ZWU_SCA0319.B09.F06.41,"Letter from Ray D. Lillibridge to T. C. Martin, October 30, 1922",,,,,,1 page,,10/30/1922,"Lillibridge, Ray D.",,,[55969],No Copyright - United States,,13344,
5fcbbd54-99a9-4bfe-a583-31f4a85ed9e3,DigitalDocument,ZWU_SCA0319.B09.F06.42,"Memorandum of general matters I think are probably covered in detailed notes, written by a child of Stanley",,,,,,2 pages,1920-1930,1/1/1920,unknown,,,[55969],No Copyright - United States,,13344,
bcf7592a-60ff-46ec-b775-2569301f3dc2,DigitalDocument,ZWU_SCA0319.B09.F06.43,"Letter from T. C. Martin to C. C. Chesney, undated",,,,,,3 pages,1924,1/1/1924,"Martin, Thomas Commerford, 1856-1924",,,[55969],No Copyright - United States,,13344,
33485779-10a2-4076-9f92-3cd0b9ce2a54,DigitalDocument,ZWU_SCA0319.B09.F06.44,"Proposed illustrations for Stanley autobiography, copy 2",,,,,,2 pages,1924,1/1/1924,"Martin, Thomas Commerford, 1856-1924",,,[55969],No Copyright - United States,,13344,
958bd27a-1e30-4d03-8748-369a188fdff1,DigitalDocument,ZWU_SCA0319.B09.F06.45,"Letter from [T. C. Martin] to C. C. Chesney, undated 2",,,,,,8 pages,1924,1/1/1924,"Martin, Thomas Commerford, 1856-1924",,,[55969],No Copyright - United States,,13344,
0c6f9e65-ad0b-4b5f-a498-5b5d09368a8f,DigitalDocument,ZWU_SCA0319.B09.F07.05,"Letter from Paul Moore to Harold Stanley, April 14, 1953",,,,,,2 pages,,4/14/1953,"Moore, Paul",,,[55969],In Copyright - United States,,13345,
fc52bd7f-2717-4120-b89f-c2e644b2f0d9,DigitalDocument,ZWU_SCA0319.B09.F07.06,"Letter from [Harold Stanley] to Paul Moore, April 20, 1953",,,,,,1 page,,4/20/1953,"Stanley, Harold",,,[55969],In Copyright - United States,,13345,
392a8a45-b4a0-4d4e-870d-4094c9576a38,DigitalDocument,ZWU_SCA0319.B09.F07.07,"""A Great Berkshire Inventor Is Given a New Appraisal"", article from the Berkshire Evening Eagle",,,,,,1 page,,8/23/1952,"Hendricks, A.B.",,,[55969],In Copyright - United States,,13345,
02313209-811d-4c7c-9456-568c145ede1c,DigitalDocument,ZWU_SCA0319.B09.F08.01,"Biographical articles and brochures, Item 1",,,,,,2 pages,,8/1/1973,Electrical World,,,[55969],In Copyright - United States,,13346,
4c01e356-5929-4297-85b9-d3b5529a2d87,DigitalDocument,ZWU_SCA0319.B09.F08.02,"Biographical articles and brochures, Item 2",,,,,,8 pages,1953,1/1/1953,Berkshire Museum,,,[55969],In Copyright - United States,,13346,
1bb0f6d3-584c-4d67-b33c-93498a0db92e,DigitalDocument,ZWU_SCA0319.B09.F08.03,"Biographical articles and brochures, Item 3",,,,,,60 pages,,5/18/1974,Great Barrington Rotary Club,,,[55969],In Copyright - United States,,13346,
54bdfd51-362e-4ca8-972c-456cf4a3b908,DigitalDocument,ZWU_SCA0319.B09.F08.05,"Biographical articles and brochures, Item 5",,,,,,1 page,,1974-05,Great Barrington Rotary Club,,,[55969],In Copyright - United States,,13346,
d682842b-e031-4056-8038-5ef12673e335,DigitalDocument,ZWU_SCA0319.B09.F08.06,"Biographical articles and brochures, Item 6",,,,,,2 pages,,1974-05,Great Barrington Rotary Club,,,[55969],In Copyright - United States,,13346,
cc49beea-ca35-4456-8a99-38a5d2052b02,DigitalDocument,ZWU_SCA0319.B09.F08.07,"Biographical articles and brochures, Item 7",,,,,,1 page,,12/19/1915,Evening Telegraph,,,[55969],No Copyright - United States,,13346,
c7584e7c-b758-46d2-b452-f6ce818fa27e,DigitalDocument,ZWU_SCA0319.B09.F08.08,"Biographical articles and brochures, Item 8",,,,,,1 page,,5/20/1974,The Berkshire Evening Eagle,,,[55969],In Copyright - United States,,13346,
0a6bc5c0-d6f2-404c-91fe-c39b6be394f5,DigitalDocument,ZWU_SCA0319.B09.F08.09,"Biographical articles and brochures, Item 9",,,,,,1 page,undated,,unknown,,,[55969],In Copyright - United States,,13346,
2e00a19f-59ea-477b-9c0e-6e153ece34ce,DigitalDocument,ZWU_SCA0319.B09.F08.10,"Biographical articles and brochures, Item 10, photocopy",,,,,,1 page,,5/11/1972,The Berkshire Courier,,,[55969],In Copyright - United States,,13346,
5686d177-447b-4040-a5d3-6d669710c25a,DigitalDocument,ZWU_SCA0319.B09.F09.17,"Letter from C. P. Steinmetz to C. C. Chesney, May 21, 1912, copy",,,,,,3 pages,,5/21/1912,"Steinmetz, Charles Proteus",,,[55969],No Copyright - United States,,13346,
f77ca48b-2982-4007-9f7e-93299d00a109,DigitalDocument,ZWU_SCA0319.B09.F09.18,"Letter from C. C. Chesney to C. P. Steinmetz, May 23, 1912, copy",,,,,,1 page,,5/23/1912,"Chesney, Cummings C.",,,[55969],No Copyright - United States,,13346,
2bed42c2-96e0-4ed3-9d3a-b7598c28c0d4,DigitalDocument,ZWU_SCA0319.B09.F09.19,Program for Fiftieth Anniversary of the Establishment of the Alternating-Current System in America,,,,,,6 pages,,3/20/1936,American Institute of Electrical Engineers,,,[55969],In Copyright - United States,,13346,
21a8b36b-0a33-46e6-af90-9e909cd7caeb,DigitalDocument,ZWU_SCA0319.B09.F09.20,"The Columbia Mills - Pioneers in Textile Electrification in the South, including images",,,,,,14 pages,1920-1930,1/1/1920,"Havens, B. S.",,,[55969],No Known Copyright,,13346,
bb9d6815-5d92-4378-b73b-e348044f66f2,DigitalDocument,ZWU_SCA0319.B09.F10.01,William Stanley Jr. portrait,,,,,,1 page,1850-1916,1850-01-01,Unknown,,,[55969],No Copyright - United States,,15512,
b26a9d83-b229-4c6a-97ff-c6bb1bbc6d18,DigitalDocument,ZWU_SCA0319.B09.F11.01,"Articles of Agreement between William Stanley, Jr. and George Westinghouse, Jr., December 24, 1886-1888, copy",,,,,,9 pages,,,Unknown,,,[55969],No Copyright - United States,,15928,
1b84f0be-3fc8-476d-b0fe-f4ee817c60f4,DigitalDocument,ZWU_SCA0319.B09.F11.02,"Correspondence regarding Stanley and Westinghouse contract between Chas. F. Scott and William Stanley, Jr., Item 2",,,,,,2 pages,,10/1/1915,"Stanley, William, 1858-1916",,,[55969],No Copyright - United States,,15928,
e28f2c37-cef2-4c9e-9e7b-a5ff43fd2b02,DigitalDocument,ZWU_SCA0319.B09.F11.03,"Correspondence regarding Stanley and Westinghouse contract between Chas. F. Scott and William Stanley, Jr., Item 3",,,,,,1 page,,10/4/1915,"Stanley, William, 1858-1916",,,[55969],No Copyright - United States,,15928,
45afc7d1-6a6d-409f-a735-86b7f2a1a365,DigitalDocument,ZWU_SCA0319.B09.F11.04,"Correspondence regarding Stanley and Westinghouse contract between Chas. F. Scott and William Stanley, Jr., Item 4",,,,,,2 pages,,10/6/1915,"Scott, Charles F.",,,[55969],No Copyright - United States,,15928,
87533ff1-e5f9-4557-a84b-baa221879a81,DigitalDocument,ZWU_SCA0319.B09.F11.05,"Correspondence regarding Stanley and Westinghouse contract between Chas. F. Scott and William Stanley, Jr., Item 5",,,,,,1 page,,10/8/1915,"Scott, Charles F.",,,[55969],No Copyright - United States,,15928,
2f93cc59-127e-4d68-a885-008845d633e7,DigitalDocument,ZWU_SCA0319.B09.F11.06,"Correspondence regarding Stanley and Westinghouse contract between Chas. F. Scott and William Stanley, Jr., Item 6",,,,,,1 page,,11/2/1915,"Stanley, William, 1858-1916",,,[55969],No Copyright - United States,,15928,
0131fdba-3dd7-424f-b14d-2068204e46e8,DigitalDocument,ZWU_SCA0319.B09.F11.07,"Correspondence regarding Stanley and Westinghouse contract between Chas. F. Scott and William Stanley, Jr., Item 7",,,,,,1 page,,11/16/1915,"Stanley, William, 1858-1916",,,[55969],No Copyright - United States,,15928,
efeedfe8-cc55-47fc-b6fe-63ea98ac8ce3,DigitalDocument,ZWU_SCA0319.B09.F11.08,"Correspondence regarding Stanley and Westinghouse contract between Chas. F. Scott and William Stanley, Jr., Item 8",,,,,,1 page,,12/18/1915,"Stanley, William, 1858-1916",,,[55969],No Copyright - United States,,15928,
acbe4a44-6ce0-41e7-983c-1957237649b1,DigitalDocument,ZWU_SCA0319.B09.F11.09,"Correspondence regarding Stanley and Westinghouse contract between Chas. F. Scott and William Stanley, Jr., Item 9",,,,,,7 pages,,10/7/1915,"Stanley, William, 1858-1916",,,[55969],No Copyright - United States,,15928,
543b91c5-5bac-405f-890e-5319ba93c220,DigitalDocument,ZWU_SCA0319.B07.F07.14,"Letter from Mr. Stanley to Hugh Russel Fraser, December 18, 1952",,,,,,1 page,,12/18/1952,"Fraser, Hugh Russell",,,[55969],In Copyright,,13282,"Box 7, Folder 7, Item 14"
28842563-24f4-4fef-920b-ae1a31f9f181,DigitalDocument,ZWU_SCA0319.B07.F07.07,"Letter from Mr. Stanley to Laurence Hawkins, April 8, 1952",,,,,,1 page,,4/8/1952,"Hawkins, Laurence A.",,,[55969],In Copyright,,13282,"Box 7, Folder 7, Item 7"
b357c329-3224-4e06-a6fe-81025ad601b2,DigitalDocument,ZWU_SCA0319.B07.F07.02,"Letter from Laurence Hawkins to Mr. Stanley, April 9,1952",,,,,,2 pages,,4/9/1952,"Hawkins, Laurence A.",Sender,,[55969],In Copyright,,13282,"Box 7, Folder 7, Item 2"
09d3d00f-1048-451a-9ad5-5e65cc47eaec,DigitalDocument,ZWU_SCA0319.B07.F07.15,"Letter from Harold Stanley to George Stanley, December 16, 1952",,,,,,1 page,,12/16/1952,"Stanley, Harold",Sender,,[55969],In Copyright,,13282,"Box 7, Item 7, Item 15"
598a33a0-c65c-41db-b63f-26445ddbc349,DigitalDocument,ZWU_SCA0319.B07.F07.11,"Letter from George C. Stanley to Unnamed, January 6, 1953",,,,,,1 page,,1/6/1953,"Stanley, George C.",Sender,,[55969],In Copyright,,13282,"Box 7, Folder 7, Item 11"
02c4344a-782c-4dac-b58f-f74e0b7fa992,DigitalDocument,ZWU_SCA0319.B07.F07.03,"Copy of Letter from Hugh Russell Fraser to Mr. Harold Stanley, December 8, 1952",,,,,,2 pages,,12/8/1952,"Fraser, Hugh Russell",Sender,,[55969],In Copyright,,13282,"Box 7, Folder 7, Item 3"
3ad08ec9-2051-441f-aaa3-0afce2f5b8e4,DigitalDocument,ZWU_SCA0319.B05.F12.01,"Letter from S. T. Dodd to C. C. Chesney, March 26, 1903",,,,,,11 pages,,3/26/1903,"Dodd, S. T.",Sender,,[55969],No Copyright - United States,,13253,Box 5 Folder 12 Item 1
ccd7bb3e-ee68-4382-9186-0e7cf7f6115a,DigitalDocument,ZWU_SCA0319.B07.F07.08,"Letter from Harold to George C. Stanley, January 12, 1953",,,,,,1 page,,1/12/1953,"Stanley, Harold",Sender,,[55969],In Copyright,,13282,"Box 7, Folder 7, Item 8"
8b39e557-0cb3-45cc-8563-4f2c26ed8fd2,DigitalDocument,ZWU_SCA0319.B07.F07.13,"Letter from Laurence A. Hawkins to Mr. Stanley, December 21, 1952",,,,,,1 page,,12/21/1952,"Hawkins, Laurence A.",Sender,,[55969],In Copyright,,13282,"Box 7, Folder 7, Item 13"
04b4dfc9-4736-4c62-a1a1-0f0bf39f783a,DigitalDocument,ZWU_SCA0319.B07.F07.12,"Copy of Letter from Laurence A. Hawkins to Mr. Stanley, December 21, 1952",,,,,,1 page,,12/21/1952,"Hawkins, Laurence A.",Sender,,[55969],In Copyright,,13282,"Box 7, Folder 7, Item 12 "
81f80bbb-13a4-483a-8961-2ac201a09454,DigitalDocument,ZWU_SCA0319.B07.F07.10,"""Edison Expressed Regret"" by George C. Stanley Clipping, Untitled Newspaper",,,,,,1 page,undated,,"Stanley, George C.",,,[55969],Copyright Undetermined,,13282,"Box 7, Foider 7, Item 10"
0f649792-5e63-4a5a-b5d1-63d598b5132b,DigitalDocument,ZWU_SCA0319.B07.F07.09,"Letter from George C. Stanley to James King, December 1, 1958",,,,,,1 page,,12/1/1958,"Stanley, George C.",Sender,,[55969],In Copyright,,13282,"Box 7, Folder 7, Item 9"
4f7d8b4e-0bec-4606-82f9-f8f1b0130134,DigitalDocument,ZWU_SCA0319.B07.F07.06,"Paper on Early History of G.E Pittsfield Works, S. Sass, February 20,1963",,,,,,5 pages,,2/20/1963,"Sass, S.",,,[55969],In Copyright,,13282,"Box 7, Folder 7, Item 6"
c6018044-679e-449e-80d7-3b1ca3ed98d5,DigitalDocument,ZWU_SCA0319.B07.F07.05,"Transcript of Speech on William Stanley - Pittsfield Industrialist and Inventor for Thursday Evening Club, November 11,1975",,,,,,16 pages,,11/11/1975,,,,[55969],In Copyright,,13282,"Box 7, Folder 7, Item 5"
8df72bc8-c2bf-4892-9725-d88f0936fd7e,DigitalDocument,ZWU_SCA0319.B07.F07.04,"Letter from Hugh Russell Fraser to Mr. Stanley, December 15, 1952",,,,,,3 pages,,12/15/1952,"Fraser, Hugh Russell",Sender,,[55969],In Copyright,,13282,"Box 7, Folder 7, Item 4"
23c157d1-9d03-47d6-a7c8-240b8d865da5,DigitalDocument,ZWU_SCA0319.B07.F07.01,"Draft on Induction Meter, Untitled, Undated ",,,,,,10 pages,undated,,,,,[55969],Copyright Undetermined,,13282,"Box 7, Folder 7, Item 1 "
9c40e4ae-172d-4818-a86b-736a1358676e,DigitalDocument,ZWU_SCA0319.B07.F06.03,"Memorandum of Agreement, July 7, 1890",,,,,,8 pages,,1890-07-07,,,,[55969],No Copyright - United States,,13281,"Box 7, Folder 6, Item 3"
07dd32ac-95b2-4021-9494-0c275b04bfcc,DigitalDocument,ZWU_SCA0319.B07.F06.01,"Transcript of Westinghouse Electric & Manufacturing Company vs. Stanley Instrument Company, patents Nos .511559, 511560",,,,,,5 pages,,2/4/1903,,,,[55969],No Copyright - United States,,13281,"Box 7, Folder 6, Item 1 "
3532c791-7829-4440-a4f1-6687d6437718,DigitalDocument,ZWU_SCA0319.B07.F05.03,"Westinghouse Electric & Manufacturing Company et. al. vs. Frederick C. Sutter, Robert V. Bingay and Harry G. Steele, trading under the name of Pittsburg Transformer Co, Complainants' Reply Affidavits Re Infringement, United States Circuit Court",,,,,,68 pages,,9/19/1908,,,,[55969],No Copyright - United States,,13281,"Box 7, Folder 5, Item 3"
2757d09a-3c2a-4a48-9950-589cf92e871a,DigitalDocument,ZWU_SCA0319.B07.F05.02,"Westinghouse Electric & Manufacturing Company vs. Electric Appliance Company In Equity No. 27,066, Brief and Argument for Defendant, Circuit Court of the United States ",,,,,,88 pages,undated,,,,,[55969],Copyright Undetermined,,13281,"Box 7, Folder 5, Item 2 "
78b0445d-41e4-4793-a136-713373684975,DigitalDocument,ZWU_SCA0319.B07.F05.01,"Westinghouse Electric & Manufacturing Co. vs. Montgomery Electric Light & Power Co., Brief for Complainant-Appellee, United States Court of Appeals for the Second Circuit ",,,,,,126 pages,undated,,,,,[55969],Copyright Undetermined,,13281,"Box 7, Folder 5, Item 1"
80a02450-29e3-444e-870e-538a3cd391b9,DigitalDocument,ZWU_SCA0319.B07.F04.08,"Opinion - Court of Appeals on Final Hearing, Self-Regulating Transformer Case, Stanley Patent No. 469,809",,,,Title transcribed from document.,,28 pages,,4/30/1907,,,,[55969],No Copyright - United States,,13280,"Box 7, Folder 4, Item 8"
b59a3d76-bca8-4217-a378-e56942f50028,DigitalDocument,ZWU_SCA0319.B07.F04.07,"Wagner Transformers, Westinghouse Electric & Manufacturing Co. vs. Montgomery Light & Power Co. Opinion, Involving Stanley Patent No. 469,809, United States Court of Appeals for the Second Circuit",,,,Title transcribed from document.,,8 pages,,5/3/1905,,,,[55969],No Copyright - United States,,13280,"Box 7, Folder 4, Item 7"
e715b758-384d-4732-9d2a-6660391a503b,DigitalDocument,ZWU_SCA0319.B07.F04.06,"Method of and Means for Generating and Distributing Alternating Current, Stanley vs. Raymond Intf. Nos. 24,165 & 24,630, In the United States Patent Office Interferences",,,,Title transcribed from document.,,20 pages,1905-1906,1/1/1905,,,,[55969],No Copyright - United States,,13280,"Box 7, Folder 4, Item 6"
43340944-4f06-4db7-a187-27b39c2e3544,DigitalDocument,ZWU_SCA0319.B07.F04.05,"Stanley Electric Mfg. Co.'s ""AO"" and ""G"" Transformers, Non-infringement of Stanley Transformer Patent No. 469,809",,,,Title transcribed from document.,,8 pages,,11/21/1962,,,,[55969],No Copyright - United States,,13280,"Box 7, Folder 4, Item 5"
39bbbe92-73a8-4b5f-bbc9-bddde1041b57,DigitalDocument,ZWU_SCA0319.B07.F04.04,"Circuit Count of the United States, District of Massachusetts in Equity, No. 1461",,,,,,8 pages,,5/12/1902,,,,[55969],No Copyright - United States,,13280,"Box 7, Folder 4, Item 4"
3a69f7c9-0405-4cdb-861a-f5d9d4165aa4,DigitalDocument,ZWU_SCA0319.B07.F04.03,Materials Relating to Westinghouse Electric Manufacturing Company Suit Against Stanley Electric Manufacturing Company on Patent Infringement,,,,,,36 pages,1901-1902,,,,,[55969],No Copyright - United States,,13280,"Box 7, Folder 4, Item 3"
0e8a5c0b-ca2f-4220-b204-b33ce6c2fe23,DigitalDocument,ZWU_SCA0319.B07.F04.02,Recent Transformer Litigation and S.K.C. Type A.O. (OIL) Lighting Transformers,,,,,,16 pages,1902,1/1/1902,"Stanley Electric Manufacturing Company (Pittsfield, Mass.)",,"Bartlett & Company, The Orr Press, New York",[55969],No Copyright - United States,,13280,"Box 7, Folder 4, Item 2"
1726bdf9-3b71-4034-a720-5d4f747e19e0,DigitalDocument,ZWU_SCA0319.B07.F04.01,"Department of the Interior, United States Patent Office, Interferences Nos. 24,165 & 24,650, William Stanley vs. Edward B. Raymond, Testimony for Stanley",,,,,,344 pages,,4/20/1905,,,,[55969],No Copyright - United States,,13280,"Box 7, Folder 4, Item 1 "
b80f86de-bc1f-4d95-8c40-ec869207115e,DigitalDocument,ZWU_SCA0319.B07.F03,"Electric Power Transmission Patents, Tesla Polyphase System, Compliments of Westinghouse Electric & Manufacturing Co. ",,,,,,262 pages,1891-1893,1891-01-01,,,,[55969],No Copyright - United States,,13279,"Box 7, Folder 3 "
ca03088e-8797-4d7d-a30f-ffe40adb89e7,DigitalDocument,ZWU_SCA0319.B07.F02.26,"Letter from Pennie, Davis, and Goldsborough to William Stanley Jr., September 23, 1911",,,,,,2 pages,,9/23/1911,"Pennie, Davis, and Goldsborough",Sender,,[55969],No Copyright - United States,,13278,"Box 7, Folder 2, Item 26"
5376d67c-6373-4894-b4f2-818adcd61353,DigitalDocument,ZWU_SCA0319.B07.F02.24,"Letter from Pennie, Davis, and Goldsborough to William Stanley Jr., September 23, 1911",,,,,,2 pages,,9/23/1911,"Pennie, Davis, and Goldsborough",Sender,,[55969],No Copyright - United States,,13278,"Box 7, Folder 2, Item 24"
de287fa0-db9f-471a-9636-534cdcb86325,DigitalDocument,ZWU_SCA0319.B07.F02.24.14,"Letter from Pennie, Davis, and Goldsborough to William Stanley Jr., September 23, 1911",,,,,,2 pages,,9/23/1911,"Pennie, Davis, and Goldsborough",Sender,,[55969],No Copyright - United States,,13278,"Box 7, Folder 2, Item 25"
169e0840-77df-4810-bfe6-79e393be7cdb,DigitalDocument,ZWU_SCA0319.B07.F02.23,"Brevets D'invention, Official National de la Propriete Industrielle, Patent No. 34213",,,,"Translated from French to English, Patents of Invention, National Office of Industrial Property. Packet containing his declaration of request for patent.",,2 pages,,9/14/1911,,,,[55969],No Copyright - United States,,13278,"Box 7, Folder 2, Item 23"
18dd55c9-112b-4492-9304-633191f68f34,DigitalDocument,ZWU_SCA0319.B07.F02.22,"20 M, Kasse des Kaiserlichen Patentamts",,,,"Document is in German for the "" of the Imperial Patent Office.""",,2 pages,,9/4/1911,,,,[55969],No Copyright - United States,,13278,"Box 7, Folder 2, Item 22 "
bb252c83-86f3-4083-90c6-392120e0d469,DigitalDocument,ZWU_SCA0319.B07.F02.20,"Compounding Alternating Current Circuits, Patent No. 946,829",,,,,,4 pages,,1/18/1910,,,,[55969],No Copyright - United States,,13278,"Box 7, Folder 2, Item 20"
2a7ae4bd-2397-4eeb-bb5c-6e29642e8269,DigitalDocument,ZWU_SCA0319.B07.F02.19,"Alternating Current Meter, Patent No. 941,469",,,,,,8 pages,,11/30/1909,,,,[55969],No Copyright - United States,,13278,"Box 7, Folder 2, Item 19"
536c9f79-7833-454e-a540-eb157305edd4,DigitalDocument,ZWU_SCA0319.B07.F02.18,"Electric Meter, Patent No. 941,468",,,,,,8 pages,,11/30/1909,,,,[55969],No Copyright - United States,,13278,"Box 7, Folder 2, Item 18"
65fa8e48-c1af-4fe1-a14b-29bb8f0e7e71,DigitalDocument,ZWU_SCA0319.B07.F02.17,"Alternating Current Apparatus, Patent No. 941,467",,,,,,10 pages,,11/30/1909,,,,[55969],No Copyright - United States,,13278,"Box 7, Folder 2, Item 17"
ccd2fa9e-9f0f-4536-8eff-81459ccb726e,DigitalDocument,ZWU_SCA0319.B07.F02.16,"Meter, Patent No. 850,687",,,,,,6 pages,,4/16/1907,,,,[55969],No Copyright - United States,,13278,"Box 7, Folder 2, Item 16"
edf52be9-51ed-4d4c-bbd9-2f4fd9cf8c17,DigitalDocument,ZWU_SCA0319.B07.F02.15,"Dynamo Electric Machine, Patent No. 838,144",,,,,,8 pages,,12/11/1906,,,,[55969],No Copyright - United States,,13278,"Box 7, Folder 2, Item 15"
dbc323dd-4f09-4c37-86c6-44f40e4d6021,DigitalDocument,ZWU_SCA0319.B07.F02.14,"Dynamo Electric Machine, Patent No.    822,697 ",,,,,,10 pages,,6/5/1906,,,,[55969],No Copyright - United States,,13278,"Box 7, Folder 2, Item 14"
6dcf067f-875a-4f1d-82d8-c330a21f6ba7,DigitalDocument,ZWU_SCA0319.B07.F02.13,"Method of Generating Alternating Currents, Patent No. 821,838",,,,,,4 pages,,5/29/1906,,,,[55969],No Copyright - United States,,13278,"Box 7, Folder 2, Item 13"
b1779b57-6a9f-4ba6-9e21-047a6c95dcd6,DigitalDocument,ZWU_SCA0319.B07.F02.12,"Dynamo-Electric Apparatus, Patent No. 821,837",,,,,,4 pages,,5/29/1906,,,,[55969],No Copyright - United States,,13278,"Box 7, Folder 2, Item 12"
825a7d66-90c9-4e14-9e83-4fcb629039e6,DigitalDocument,ZWU_SCA0319.B07.F02.11,"Method of Transmitting Power by Electric Currents, Patent No. 819,028 ",,,,,,10 pages,,4/24/1906,,,,[55969],No Copyright - United States,,13278,"Box 7, Folder 2, Item 11"
a3a03d63-1345-4ecc-b91b-9adb650a4f81,DigitalDocument,ZWU_SCA0319.B07.F02.10,"Means for Transmitting Power by Electric Currents, Patent No. 818,715",,,,,,10 pages,,4/24/1906,,,,[55969],No Copyright - United States,,13278,"Box 7, Folder 2, Item 10 "
6a1f4d5b-3a6c-4bbc-bdb0-7c8acfd55386,DigitalDocument,ZWU_SCA0319.B07.F02.09,"Means and Method of Transmitting Power, Patent No. 817,998 ",,,,,,6 pages,,4/17/1906,,,,[55969],No Copyright - United States,,13278,"Box 7, Folder 2, Item 9 "
4f2ded73-b240-4d0e-9f73-cb7552a8ebe4,DigitalDocument,ZWU_SCA0319.B07.F02.08,"Electrical Generator, Patent No. 816,192",,,,,,12 pages,,3/27/1906,,,,[55969],No Copyright - United States,,13278,"Box 7, Folder 2, Item 8 "
894615d0-3e74-450f-8050-ef3ec82916e5,DigitalDocument,ZWU_SCA0319.B07.F02.07,"Generating Low Frequency Currents, Patent No. 783,708",,,,,,9 pages,,2/28/1905,,,,[55969],No Copyright - United States,,13278,"Box 7, Folder 2, Item 7"
5979a140-2ece-4116-9b64-bc3a1cca906d,DigitalDocument,ZWU_SCA0319.B07.F02.06,"Electric Heat-Storage System, Patent No. 1161,748",,,,,,6 pages,,11/23/1915,,,,[55969],No Copyright - United States,,13278,"Box 7, Folder 2, Item 6"
1635aeea-a0c7-44f2-838b-2b76345c5639,DigitalDocument,ZWU_SCA0319.B07.F02.05,"Electric Heater, Patent No. 1,027,291",,,,,,7 pages,,5/21/1912,,,,[55969],No Copyright - United States,,13278,"Box 7, Folder 2, Item 5"
9242e071-1e87-4c08-bdbe-30cc4012ca55,DigitalDocument,ZWU_SCA0319.B07.F02.04,"Storage Stove, Patent No. 1,025,843",,,,,,14 pages,,5/7/1912,,,,[55969],No Copyright - United States,,13278,"Box 7, Folder 2, Item 4"
76359255-b19d-43b9-800e-a577541a5cc1,DigitalDocument,ZWU_SCA0319.B07.F02.03,"Electric Heating Device,  Patent No. 1,046,887",,,,,,14 pages,,12/12/1912,,,,[55969],No Copyright - United States,,13278,"Box 7, Folder 2, Item 3"
f8566e09-2a82-42db-9797-e20f00d923f2,DigitalDocument,ZWU_SCA0319.B07.F02.02,"Electric Heater, Patent No. 1,046,888",,,,,,6 pages,,12/10/1912,,,,[55969],No Copyright - United States,,13278,"Box 7, Folder 2, Item 2"
f8e22c19-61ad-483f-bc61-dc5d44a3522c,DigitalDocument,ZWU_SCA0319.B07.F02.01,"Heating Device, Patent No. 1,044,284",,,,,,6 pages,,11/12/1912,,,,[55969],No Copyright - United States,,13278,"Box 7, Folder 2, Item 1 "
e1763986-6f05-4b3a-aebf-f871f53264d1,DigitalDocument,ZWU_SCA0319.B07.F01.14,"Patent No. 178,772, Untitled Draft ",,,,,,12 pages,,10/27/1903,,,,[55969],No Copyright - United States,,13278,"Box 7, Folder 1, Item 14"
cf32cceb-27ff-45f0-872b-e29aa0356e0b,DigitalDocument,ZWU_SCA0319.B07.F01.13,"Patent No. Unknown, Untitled Drafts ",,,,,,14 pages,,12/28/1903,,,,[55969],No Copyright - United States,,13278,"Box 7, Folder 1, Item 13"
cdef62e4-9134-47ac-a447-5bf40b490e97,DigitalDocument,ZWU_SCA0319.B07.F01.12,"Patent No. 194,023, Untitled Draft ",,,,,,13 pages,,2/17/1904,,,,[55969],No Copyright - United States,,13278,"Box 7, Folder 1, Item 12"
13296b83-792e-4abf-9705-b63afaf72893,DigitalDocument,ZWU_SCA0319.B07.F01.11,Untitled Drawings of Electrical Machines,,,,,,7 pages,undated,,,,,[55969],Copyright Undetermined,,13278,"Box 7, Folder 1, Item 11"
c3e5f611-da1e-4b56-9bab-19ce7eac2526,DigitalDocument,ZWU_SCA0319.B07.F01.10,"Patent No. Unknown, Annotated Untitled Draft ",,,,,,3 pages,,12/26/1903,,,,[55969],No Copyright - United States,,13278,"Box 7, Folder 1, Item 10"
4be61696-6ff9-49e4-a2be-360702854557,DigitalDocument,ZWU_SCA0319.B07.F01.09,"Power Transmission, Patent No. 767,778",,,,,,4 pages,,8/16/1904,,,,[55969],No Copyright - United States,,13278,"Box 7, Folder 1, Item 9"
a3432b6e-5c16-47cc-988d-ac120fa2738e,DigitalDocument,ZWU_SCA0319.B07.F01.08,"Electrical Generation and Distribution, Patent No. 712,614 ",,,,,,6 pages,,11/4/1902,,,,[55969],No Copyright - United States,,13278,"Box 7, Folder 1, Item 8"
24e72688-c27b-4ed0-9ec0-8460d1dd41b0,DigitalDocument,ZWU_SCA0319.B07.F01.07,"Alternating-Current Dynamo-Electric Machine and System of Distribution, Patent No. 712,613",,,,,,4 pages,,4/6/1902,,,,[55969],No Copyright - United States,,13278,"Box 7, Folder 1, Item 7"
26b657d0-6083-40aa-9613-021f4f05f125,DigitalDocument,ZWU_SCA0319.B07.F01.06,"Patent No. Unknown, Untitled Draft ",,,,,,10 pages,undated,,,,,[55969],Copyright Undetermined,,13278,"Box 7, Folder 1, Item 6"
9472119f-b4bb-41c6-bf93-30a2c295af08,DigitalDocument,ZWU_SCA0319.B07.F01.05,"Patent No. 189,838, Untitled ",,,,,,11 pages,,1/20/1904,,,,[55969],No Copyright - United States,,13278,"Box 7, Folder 1, Item 5"
5735c19f-cded-46b2-a5d4-a00b8778b8f7,DigitalDocument,ZWU_SCA0319.B07.F01.04,"Alternating Current Dynamo Electric Machine and System of Distribution, Patent No. 712,613",,,,,,2 pages,,11/4/1902,,,,[55969],No Copyright - United States,,13278,"Box 7, Folder 1, Item 4"
41ccd23e-2a8c-4035-92b2-a1654efc7462,DigitalDocument,ZWU_SCA0319.B07.F01.03,"Means for Transmitting Power by Electric Currents, Patent No. 818,415",,,,,,18 pages,,4/24/1906,,,,[55969],No Copyright - United States,,13278,"Box 7, Folder 1, Item 3"
a9f0eded-f32e-4d73-8254-d548f6417e90,DigitalDocument,ZWU_SCA0319.B07.F01.02,"Methods of Transmitting Power by Electric Currents, Patent No. 819,028",,,,,,20 pages,,4/24/1906,,,,[55969],No Copyright - United States,,13278,"Box 7, Folder 1, Item 2"
99d79028-bfae-43ee-93db-59537e4c3dcb,DigitalDocument,ZWU_SCA0319.B07.F01.01,"Means and Methods of Transmitting Power, Patent No. 817,998",,,,,,12 pages,,4/17/1906,,,,[55969],No Copyright - United States,,13278,"Box 7, Folder 1, Item 1 "
48bbe82c-0b43-45d3-bcbd-5989ca346fd0,DigitalDocument,ZWU_SCA0319.B06.F06,White River Development in the Puget Sound District of the State of Washington,,,,,,30 pages,1912,1/1/1912,,,"Stone and Webster Engineering Corporation (Boston, Mass)",[55969],No Copyright - United States,,13277,"Box 6, Folder 6"
e425d4b1-211b-460e-81c1-eb6ee986e529,DigitalDocument,ZWU_SCA0319.B06.F05.02,Power Plants of the Pacific Coast,,,,,,31 pages,,1/15/1902,"F.A.C Perrine, D.Sc. (Pittsfield, Mass)",,Transactions of the New York Electrical Society,[55969],No Copyright - United States,,13276,"Box 6, Folder 5, Item 2"
18469e49-e2e4-4cd3-b36e-6c6a491e70e9,DigitalDocument,ZWU_SCA0319.B06.F05.01,"Success in Long Distance Power Transmission, Printed from Technology Quarterly, Vol. XV, No. 2",,,,"Transcribed on cover ""A paper read before the 220th Meeting of the New York Electrical Society on Jan. 15, 1902 by F.A.C. Perrine, D.SC.""",,16 pages,883,6/1/1902,"F.A.C Perrine, D.Sc. (Pittsfield, Mass)",,,[55969],No Copyright - United States,,13276,"Box 6, Folder 5, Item 1 "
29a196e9-72b5-403a-afc4-652a6522f0a6,DigitalDocument,ZWU_SCA0319.B06.F04.02,Apparatus for Transmission of Light and Power,,,,,,75 pages,undated,,"The Royal Electric Co. (Montreal, Canada)",,,[55969],Copyright Undetermined,,13275,"Box 6, Folder 4, Item 2"
d30e52dc-9762-4f55-88b2-151488f42135,DigitalDocument,ZWU_SCA0319.B06.F04.01,The Influence of Electricity on the Development of Water Powers,,,,"""C.C Chesney"" transcribed on front cover. ",,16 pages,1903,1/1/1903,"F.A.C Perrine, D., Sc. (Pittsfield, Mass)",,"Press of E.L Barry (Waltham, Mass)",[55969],No Copyright - United States,,13275,"Box 6, Folder 4, Item 1 "
1a2877f5-5aa6-4b44-a2e3-27424fce6855,DigitalDocument,ZWU_SCA0319.B06.F03,Index to S.K.C Bulletins,,,,,,2 pages,,,,,,[55969],Copyright Undetermined,,13274,"Box 6, Folder 3"
9ea2d5d0-08c7-4538-bf7e-d3eaa776981a,DigitalDocument,ZWU_SCA0319.B06.F02.Sheet.10,General Incandescent Arc Light Co. Sheet No. 10,,,,,,2 pages,1706,1/1/1904,"General Incandescent Light Company (New York, NY)",,,[55969],No Copyright - United States,,13269,"Box 6, Folder 2,Sheet 10"
40a2643f-9b57-47ca-9309-db98380faeb7,DigitalDocument,ZWU_SCA0319.B06.F02.Bull.94,General Incandescent Arc Light Co. Bulletin No. 94,,,,,,9 pages,654,1/1/1901,"General Incandescent Light Company (New York, NY)",,,[55969],No Copyright - United States,,13269,"Box 6, Folder 2, Bulletin 94"
a5d5214a-05c8-4d4f-8f16-bb4dc720b5d8,DigitalDocument,ZWU_SCA0319.B06.F02.Bull.85,General Incandescent Arc Light Co. Bulletin No. 85,,,,,,8 pages,1797,1/1/1904,"General Incandescent Light Company (New York, NY)",,,[55969],No Copyright - United States,,13269,"Box 6, Folder 2, Bulletin 85"
984e5852-87c1-479c-b5d1-06131c01d454,DigitalDocument,ZWU_SCA0319.B06.F02.Bull.81,General Incandescent Arc Light Co. Bulletin No. 81,,,,,,12 pages,1828,1/1/1905,"General Incandescent Light Company (New York, NY)",,,[55969],No Copyright - United States,,13269,"Box 6, Folder 2, Bulletin 81"
b1c9fe3e-f37a-412d-b6f3-e364818ac60a,DigitalDocument,ZWU_SCA0319.B06.F02.Bull.78,General Incandescent Arc Light Co. Bulletin No. 78,,,,,,8 pages,1736,1/1/1904,"General Incandescent Light Company (New York, NY)",,,[55969],No Copyright - United States,,13269,"Box 6, Folder 2, Bulletin 78"
431d69d4-4e7d-478e-b9bd-4e8aeecb68ec,DigitalDocument,ZWU_SCA0319.B06.F02.Bull.70,General Incandescent Arc Light Co. Bulletin No. 70,,,,,,2 pages,1583,1/1/1904,"General Incandescent Light Company (New York, NY)",,,[55969],No Copyright - United States,,13269,"Box 6, Folder 2, Bulletin 70"
3f4930fd-8a2c-4221-909a-dc92fedead73,DigitalDocument,ZWU_SCA0319.B06.F02.Bull.66b,General Incandescent Arc Light Co. Bulletin No. 6,,,,,,16 pages,1828,1/1/1905,"General Incandescent Light Company (New York, NY)",,,[55969],No Copyright - United States,,13269,"Box 6, Folder 2, Bulletin 66"
f30a3205-9438-49ff-9a74-2218a327aeaf,DigitalDocument,ZWU_SCA0319.B06.F02.Bull.66,Paragon Fan and Motor Co. Bulletin No. 66,,,,,,4 pages,1340,1/1/1903,"General Incandescent Light Company (New York, NY)",,,[55969],No Copyright - United States,,13269,"Box 6, Folder 2, Bulletin 66"
176377f5-40d2-4e46-a978-cb7d72d25659,DigitalDocument,ZWU_SCA0319.B06.F02.Bull.51,General Incandescent Arc Light Co. Bulletin No. 51,,,,,,8 pages,625,1/1/1901,"General Incandescent Light Company (New York, NY)",,,[55969],No Copyright - United States,,13269,"Box 6, Folder 2, Bulletin 51"
b3a5e33e-fae1-4b85-87c5-fc652e076f59,DigitalDocument,ZWU_SCA0319.B06.F02.Bull.5,General Incandescent Arc Light Co. Bulletin No. 5,,,,,,20 pages,1736,1/1/1904,"General Incandescent Light Company (New York, NY)",,,[55969],No Copyright - United States,,13269,"Box 6, Folder 2, Bulletin 5"
2a3e21cb-3228-4c7a-89a0-740a4d997ab4,DigitalDocument,ZWU_SCA0319.B06.F02.Bull.477,General Incandescent Arc Light Co. Bulletin No. 477,,,,,,2 pages,1767,1/1/1904,"General Incandescent Light Company (New York, NY)",,,[55969],No Copyright - United States,,13269,"Box 6, Folder 2, Bulletin 477"
9471f500-8deb-417b-aa13-29994b6d7ec1,DigitalDocument,ZWU_SCA0319.B06.F02.Bull.469,General Incandescent Arc Light Co. Bulletin No. 469,,,,,,2 pages,1797,1/1/1904,"General Incandescent Light Company (New York, NY)",,,[55969],No Copyright - United States,,13269,"Box 6, Folder 2, Bulletin 469"
a7fa95c9-06b4-43fd-bc13-1d7b2396c403,DigitalDocument,ZWU_SCA0319.B06.F02.Bull.464,General Incandescent Arc Light Co. Bulletin No. 464,,,,,,8 pages,1583,1/1/1904,"General Incandescent Light Company (New York, NY)",,,[55969],No Copyright - United States,,13269,"Box 6, Folder 2, Bulletin 464"
1b6f4bc4-471f-414b-8f81-af5f6ef09a1d,DigitalDocument,ZWU_SCA0319.B06.F02.Bull.462,General Incandescent Arc Light Co. Bulletin No. 462,,,,,,4 pages,1887,1/1/1905,"General Incandescent Light Company (New York, NY)",,,[55969],No Copyright - United States,,13269,"Box 6, Folder 2, Bulletin 462"
ae2349de-b751-4941-9ccd-3df3fa7c214b,DigitalDocument,ZWU_SCA0319.B06.F02.Bull.460,General Incandescent Arc Light Co. Bulletin No. 460,,,,,,8 pages,1828,1/1/1905,"General Incandescent Light Company (New York, NY)",,,[55969],No Copyright - United States,,13269,"Box 6, Folder 2, Bulletin 460"
fda73026-6e16-4535-8cb4-2d0570fc48a3,DigitalDocument,ZWU_SCA0319.B06.F02.Bull.452,General Incandescent Arc Light Co. Bulletin No. 452,,,,,,4 pages,1644,1/1/1904,"General Incandescent Light Company (New York, NY)",,,[55969],No Copyright - United States,,13269,"Box 6, Folder 2, Bulletin 452"
3b312b7b-dd80-424a-9fd3-d77edec5edd0,DigitalDocument,ZWU_SCA0319.B06.F02.Bull.419,General Incandescent Arc Light Co. Bulletin No. 419,,,,,,2 pages,1797,1/1/1904,"General Incandescent Light Company (New York, NY)",,,[55969],No Copyright - United States,,13269,"Box 6, Folder 2, Bulletin 419"
1df624cd-68ae-4666-b6aa-7c85bc3eb33d,DigitalDocument,ZWU_SCA0319.B06.F02.Bull.409,General Incandescent Arc Light Co. Bulletin No. 409,,,,,,20 pages,2071,1/1/1905,"General Incandescent Light Company (New York, NY)",,,[55969],No Copyright - United States,,13269,"Box 6, Folder 2, Bulletin 409"
b233ff88-e870-438f-9927-07b960cfb5d3,DigitalDocument,ZWU_SCA0319.B06.F02.Bull.390,General Incandescent Arc Light Co. Bulletin No. 390,,,,,,4 pages,1340,1/1/1903,"General Incandescent Light Company (New York, NY)",,,[55969],No Copyright - United States,,13269,"Box 6, Folder 2, Bulletin 390"
5d3fb164-246b-4cdf-abff-225d9c00fd25,DigitalDocument,ZWU_SCA0319.B06.F02.Bull.39,General Incandescent Arc Light Co. Bulletin No. 39,,,,,,4 pages,1828,1/1/1905,"General Incandescent Light Company (New York, NY)",,,[55969],No Copyright - United States,,13269,"Box 6, Folder 2, Bulletin 39"
d3d2d09e-65ce-4178-ae34-f060e32a1b2c,DigitalDocument,ZWU_SCA0319.B06.F02.Bull.371,General Incandescent Arc Light Co. Bulletin No. 371,,,,,,2 pages,1828,1/1/1905,"General Incandescent Light Company (New York, NY)",,,[55969],No Copyright - United States,,13269,"Box 6, Folder 2, Bulletin 371"
249bc322-f29b-4c4a-895d-a41d426ce6ac,DigitalDocument,ZWU_SCA0319.B06.F02.Bull.364,Paragon Fan and Motor Co. Bulletin No. 364,,,,,,12 pages,1340,1/1/1903,"General Incandescent Light Company (New York, NY)",,,[55969],No Copyright - United States,,13269,"Box 6, Folder 2, Bulletin 364"
368ce696-fcfc-4b72-b018-717b14884aeb,DigitalDocument,ZWU_SCA0319.B06.F02.Bull.362,General Incandescent Arc Light Co. Bulletin No. 362,,,,,,8 pages,1522,1/1/1904,"General Incandescent Light Company (New York, NY)",,,[55969],No Copyright - United States,,13269,"Box 6, Folder 2, Bulletin 362"
2f2d1ae0-862e-40c0-bc56-613ebb92417d,DigitalDocument,ZWU_SCA0319.B06.F02.Bull.360,General Incandescent Arc Light Co. Bulletin No. 360,,,,,,4 pages,1553,1/1/1904,"General Incandescent Light Company (New York, NY)",,,[55969],No Copyright - United States,,13269,"Box 6, Folder 2, Bulletin 360"
73a5c08a-8bc1-448f-b125-1d566c29b870,DigitalDocument,ZWU_SCA0319.B06.F02.Bull.340.2,General Incandescent Arc Light Co. Bulletin No. 340,,,,,,16 pages,1706,1/1/1904,"General Incandescent Light Company (New York, NY)",,,[55969],No Copyright - United States,,13269,"Box 6, Folder 2, Bulletin 340"
f2e3d24d-dc51-4726-85a0-3c5a024f3b22,DigitalDocument,ZWU_SCA0319.B06.F02.Bull.340,The Chicago Rheostat Co. Bulletin No. 340,,,,,,16 pages,1462,1/1/1904,"General Incandescent Light Company (New York, NY)",,,[55969],No Copyright - United States,,13269,"Box 6, Folder 2, Bulletin 340"
b59b4b0a-5dd3-433b-a76e-345f0c2b5e9c,DigitalDocument,ZWU_SCA0319.B06.F02.Bull.335,General Incandescent Arc Light Co. Bulletin No. 335,,,,,,24 pages,1431,1/1/1903,"General Incandescent Light Company (New York, NY)",,,[55969],No Copyright - United States,,13269,"Box 6, Folder 2, Bulletin 335"
e984b4f3-7571-4dd7-baea-62c63f433409,DigitalDocument,ZWU_SCA0319.B06.F02.Bull.293,General Incandescent Arc Light Co. Bulletin No. 293,,,,,,12 pages,1797,1/1/1904,"General Incandescent Light Company (New York, NY)",,,[55969],No Copyright - United States,,13269,"Box 6, Folder 2, Bulletin 293"
69c0618d-7b23-4caf-aa8a-2228a40bed66,DigitalDocument,ZWU_SCA0319.B06.F02.Bull.282,General Incandescent Arc Light Co. Bulletin No. 282,,,,,,7 pages,1309,1/1/1903,"General Incandescent Light Company (New York, NY)",,,[55969],No Copyright - United States,,13269,"Box 6, Folder 2, Bulletin 282"
e423f964-56a5-4110-8779-1c424639d002,DigitalDocument,ZWU_SCA0319.B06.F02.Bull.28,General Incandescent Arc Light Co. Bulletin No. 282,,,,,,16 pages,1887,1/1/1905,"General Incandescent Light Company (New York, NY)",,,[55969],No Copyright - United States,,13269,"Box 6, Folder 2, Bulletin 282"
0d1a7ba7-e555-495d-881a-6d6a047edb73,DigitalDocument,ZWU_SCA0319.B06.F02.Bull.272,General Incandescent Arc Light Co. Bulletin No. 272,,,,,,7 pages,1128,1/1/1903,"General Incandescent Light Company (New York, NY)",,,[55969],No Copyright - United States,,13269,"Box 6, Folder 2, Bulletin 272"
d91b9476-c098-465c-b94e-aa6a1f812c55,DigitalDocument,ZWU_SCA0319.B06.F02.Bull.268,General Incandescent Arc Light Co. Bulletin No. 268,,,,,,4 pages,1644,1/1/1904,"General Incandescent Light Company (New York, NY)",,,[55969],No Copyright - United States,,13269,"Box 6, Folder 2, Bulletin 268"
4ec19137-749b-4952-b5bb-a44c142ae7ac,DigitalDocument,ZWU_SCA0319.B06.F02.Bull.262D,"General Incandescent Arc Light Co. Bulletin No. 262, D.",,,,,,4 pages,1217,1/1/1903,"General Incandescent Light Company (New York, NY)",,,[55969],No Copyright - United States,,13269,"Box 6, Folder 2, Bulletin 262, D."
aa1efab5-a1a5-4d8d-8be1-29332ae871d8,DigitalDocument,ZWU_SCA0319.B06.F02.Bull.262,Paragon Fan and Motor Co. Bulletin No. 262,,,,,,8 pages,1097,1/1/1903,"General Incandescent Light Company (New York, NY)",,,[55969],No Copyright - United States,,13269,"Box 6, Folder 2, Bulletin 262"
4b09ff5c-8f2e-4b2b-b096-1a10a8c09dbc,DigitalDocument,ZWU_SCA0319.B06.F02.Bull.261,General Incandescent Arc Light Co. Bulletin No. 261,,,,,,4 pages,1553,1/1/1904,"General Incandescent Light Company (New York, NY)",,,[55969],No Copyright - United States,,13269,"Box 6, Folder 2, Bulletin 261"
6c28ec5e-33cb-4bd6-9df7-53bd466f9db8,DigitalDocument,ZWU_SCA0319.B06.F02.Bull.253,General Incandescent Arc Light Co. Bulletin No. 253,,,,,,4 pages,1401,1/1/1903,"General Incandescent Light Company (New York, NY)",,,[55969],No Copyright - United States,,13269,"Box 6, Folder 2, Bulletin 253"
8551fec6-2cd0-461d-b6da-11f54f5103a5,DigitalDocument,ZWU_SCA0319.B06.F02.Bull.252,General Incandescent Arc Light Co. Bulletin No. 252,,,,,,10 pages,1370,1/1/1903,"General Incandescent Light Company (New York, NY)",,,[55969],No Copyright - United States,,13269,"Box 6, Folder 2, Bulletin 252"
6af121c7-f492-4246-9e8e-cadda7c640ac,DigitalDocument,ZWU_SCA0319.B06.F02.Bull.240,The Chicago Rheostat Co. Bulletin No. 240,,,,,,16 pages,866,1/1/1902,"General Incandescent Light Company (New York, NY)",,,[55969],No Copyright - United States,,13269,"Box 6, Folder 2, Bulletin 240"
4e464170-25e1-4ba4-9c03-cd2e12be1093,DigitalDocument,ZWU_SCA0319.B06.F02.Bull.200,General Incandescent Arc Light Co. Bulletin No. 200,,,,,,2 pages,1005,1/1/1902,"General Incandescent Light Company (New York, NY)",,,[55969],No Copyright - United States,,13269,"Box 6, Folder 2, Bulletin 200"
7c5eb19a-ed57-4cdf-accb-d0a253895dac,DigitalDocument,ZWU_SCA0319.B06.F02.Bull.191,General Incandescent Arc Light Co. Bulletin No. 191,,,,,,8 pages,1019,1/1/1902,"General Incandescent Light Company (New York, NY)",,,[55969],No Copyright - United States,,13269,"Box 6, Folder 2, Bulletin 191"
eff2b28d-055e-41f2-8cac-a152f37dd6d5,DigitalDocument,ZWU_SCA0319.B06.F02.Bull.190,General Incandescent Arc Light Co. Bulletin No. 190,,,,,,6 pages,671,1/1/1901,"General Incandescent Light Company (New York, NY)",,,[55969],No Copyright - United States,,13269,"Box 6, Folder 2, Bulletin 190"
91896415-bb8d-4d0f-876a-6ab99ce079c2,DigitalDocument,ZWU_SCA0319.B06.F02.Bull.175,General Incandescent Arc Light Co. Bulletin No. 175,,,,,,4 pages,1036,1/1/1902,"General Incandescent Light Company (New York, NY)",,,[55969],No Copyright - United States,,13269,"Box 6, Folder 2, Bulletin 175"
e27c2c4c-1a1a-40f1-8e28-c196653e936e,DigitalDocument,ZWU_SCA0319.B06.F02.Bull.174,General Incandescent Arc Light Co. Bulletin No. 174,,,,,,8 pages,1248,1/1/1903,"General Incandescent Light Company (New York, NY)",,,[55969],No Copyright - United States,,13269,"Box 6, Folder 2, Bulletin 174"
29ad801f-6036-4e03-a5a1-c4c592433334,DigitalDocument,ZWU_SCA0319.B06.F02.Bull.173,General Incandescent Arc Light Co. Bulletin No. 173,,,,,,8 pages,1066,1/1/1902,"General Incandescent Light Company (New York, NY)",,,[55969],No Copyright - United States,,13269,"Box 6, Folder 2, Bulletin 173"
7daf36dc-ea4b-4b12-ab91-5a0963900995,DigitalDocument,ZWU_SCA0319.B06.F02.Bull.166,General Incandescent Arc Light Co. Sheet No. 166,,,,,,2 pages,1522,1/1/1904,"General Incandescent Light Company (New York, NY)",,,[55969],No Copyright - United States,,13269,"Box 6, Folder 2, Sheet 166"
8493e45f-17f5-495a-bbe4-f92f872c74ff,DigitalDocument,ZWU_SCA0319.B06.F02.Bull.165,Paragon Fan and Motor Co. Bulletin No. 165,,,,,,8 pages,1128,1/1/1903,"General Incandescent Light Company (New York, NY)",,,[55969],No Copyright - United States,,13269,"Box 6, Folder 2, Bulletin 165"
ca1201bf-1f8a-4ee0-8b34-deb9c670f9bc,DigitalDocument,ZWU_SCA0319.B06.F02.Bull.164,Paragon Fan and Motor Co. Bulletin No. 164,,,,,,12 pages,914,1/1/1902,"General Incandescent Light Company (New York, NY)",,,[55969],No Copyright - United States,,13269,"Box 6, Folder 2, Bulletin 164"
71d955b2-8ef0-447d-a36f-67bdff05f56c,DigitalDocument,ZWU_SCA0319.B06.F02.Bull.161,Paragon Fan and Motor Co. Bulletin No. 161,,,,,,16 pages,761,1/1/1902,"General Incandescent Light Company (New York, NY)",,,[55969],No Copyright - United States,,13269,"Box 6, Folder 2, Bulletin 161"
9892234c-4165-4e2c-b511-a49b84e99a4c,DigitalDocument,ZWU_SCA0319.B06.F02.Bull.155,General Incandescent Arc Light Co. Bulletin No. 155,,,,,,6 pages,777,1/1/1902,"General Incandescent Light Company (New York, NY)",,,[55969],No Copyright - United States,,13269,"Box 6, Folder 2, Bulletin 155"
535806bd-01fc-4062-b411-250ff41014b9,DigitalDocument,ZWU_SCA0319.B06.F02.Bull.154,General Incandescent Arc Light Co. Bulletin No. 154,,,,,,8 pages,1005,1/1/1902,"General Incandescent Light Company (New York, NY)",,,[55969],No Copyright - United States,,13269,"Box 6, Folder 2, Bulletin 154"
1942ea62-19b7-400d-96f9-87b843e48a07,DigitalDocument,ZWU_SCA0319.B06.F02.Bull.152,General Incandescent Arc Light Co. Bulletin No. 152,,,,,,18 pages,715,1/1/1901,"General Incandescent Light Company (New York, NY)",,,[55969],No Copyright - United States,,13269,"Box 6, Folder 2, Bulletin 152"
48b7e5cd-ba78-4aee-8a21-f8fb35ce96c2,DigitalDocument,ZWU_SCA0319.B06.F02.Bull.12,General Incandescent Arc Light Co. Bulletin No. 12,,,,,,12 pages,1675,1/1/1904,"General Incandescent Light Company (New York, NY)",,,[55969],No Copyright - United States,,13269,"Box 6, Folder 2, Bulletin 12"
a753f7d2-e451-4721-b13a-4379ab1356b5,DigitalDocument,ZWU_SCA0319.B06.F02.Bull.101,General Incandescent Arc Light Co. Bulletin No. 101,,,,,,8 pages,1828,1/1/1905,"General Incandescent Light Company (New York, NY)",,,[55969],No Copyright - United States,,13269,"Box 6, Folder 2, Bulletin 101"
16eb1ff7-dd89-4ecc-8234-749015cc3f60,DigitalDocument,ZWU_SCA0319.B06.F01.Sheet.67,General Incandescent Arc Light Co. Sheet No. 67,,,,,,2 pages,1706,9/1/1904,"General Incandescent Light Company (New York, NY)",,,[55969],No Copyright - United States,,13269,"Box 6, Folder 1, Sheet 67"
9e833536-4877-4aea-99bc-b445e65fe116,DigitalDocument,ZWU_SCA0319.B06.F01.Sheet.564,"General Incandescent Arc Light Co. Sheet No. 564
",,,,,,2 pages,1675,8/1/1904,"General Incandescent Light Company (New York, NY)",,,[55969],No Copyright - United States,,13269,"Box 6, Folder 1, Sheet 564"
9e8b627b-6d9e-4fb1-a02b-637b240df810,DigitalDocument,ZWU_SCA0319.B06.F01.Sheet.14,"General Incandescent Arc Light Co., Sheet No. 14 ",,,,,,2 pages,1675,8/1/1904,"General Incandescent Light Company (New York, NY)",,,[55969],No Copyright - United States,,13269,"Box 6, Folder 1, Sheet 14 "
3c8c9d70-b915-480c-aaa2-5b840d65109d,DigitalDocument,ZWU_SCA0319.B06.F01.Bull.95,General Incandescent Arc Light Co. Bulletin No.95,,,,,,2 pages,1583,5/1/1904,"General Incandescent Light Company (New York, NY)",,,[55969],No Copyright - United States,,13269,"Box 6, Folder 1, Bulletin 95"
80ee44cb-7a2d-4f49-b540-a5ef53078dbd,DigitalDocument,ZWU_SCA0319.B06.F01.Bull.92,General Incandescent Arc Light Co. Bulletin No. 92,,,,,,8 pages,1614,6/1/1904,"General Incandescent Light Company (New York, NY)",,,[55969],No Copyright - United States,,13269,"Box 6, Folder 1, Bulletin 92"
03975401-31ce-4845-89a3-e03eadf936fb,DigitalDocument,ZWU_SCA0319.B06.F01.Bull.79,General Incandescent Arc Light Co. Bulletin No. 79,,,,,,16 pages,1767,11/1/1904,"General Incandescent Light Company (New York, NY)",,,[55969],No Copyright - United States,,13269,"Box 6, Folder 1, Bulletin 79"
7f93afce-493a-4853-ad86-e499317c8232,DigitalDocument,ZWU_SCA0319.B06.F01.Bull.76,General Incandescent Arc Light Co. Bulletin No. 76,,,,,,16 pages,1706,9/1/1904,"General Incandescent Light Company (New York, NY)",,,[55969],No Copyright - United States,,13269,"Box 6, Folder 1, Bulletin 76"
ec2f98e5-fa52-4436-b24e-4c9e4872e2b0,DigitalDocument,ZWU_SCA0319.B06.F01.Bull.59,General Incandescent Arc Light Co. Bulletin No. 59,,,,,,4 pages,1614,6/1/1904,"General Incandescent Light Company (New York, NY)",,,[55969],No Copyright - United States,,13269,"Box 6, Folder 1, Bulletin 59"
edefb199-f797-4a6a-b7c9-047a30ce48e8,DigitalDocument,ZWU_SCA0319.B06.F01.Bull.490,General Incandescent Arc Light Co. Bulletin No. 490,,,,,,4 pages,1614,6/1/1904,"General Incandescent Light Company (New York, NY)",,,[55969],No Copyright - United States,,13269,"Box 6, Folder 1, Bulletin 490"
568fde91-4dcc-4fb1-ba5c-8deadb61d7a8,DigitalDocument,ZWU_SCA0319.B06.F01.Bull.49,General Incandescent Arc Light Co. Bulletin No. 49,,,,,,12 pages,1675,8/1/1904,"General Incandescent Light Company (New York, NY)",,,[55969],No Copyright - United States,,13269,"Box 6, Folder 1, Bulletin 49"
5d9ec9d7-b754-4447-b7c3-648ca19c79c6,DigitalDocument,ZWU_SCA0319.B06.F01.Bull.463,General Incandescent Arc Light Co. Bulletin No. 463,,,,,,8 pages,1553,4/1/1904,"General Incandescent Light Company (New York, NY)",,,[55969],No Copyright - United States,,13269,"Box 6, Folder 1, Bulletin 463"
51ff2a86-10cb-4d8d-9c82-43a2cdf3f7a1,DigitalDocument,ZWU_SCA0319.B06.F01.Bull.4,General Incandescent Arc Light Co. Bulletin No. 4,,,,,,8 pages,1583,5/1/1904,"General Incandescent Light Company (New York, NY)",,,[55969],No Copyright - United States,,13269,"Box 6, Folder 1, Bulletin 4"
85b301ec-dad0-4e14-845f-817e5d3ac3a8,DigitalDocument,ZWU_SCA0319.B06.F01.Bull.383,General Incandescent Arc Light Co. Bulletin No. 383,,,,,,12 pages,1340,9/1/1903,"General Incandescent Light Company (New York, NY)",,,[55969],No Copyright - United States,,13269,"Box 6, Folder 1, Bulletin 383"
2bcc9780-b212-408b-9dc4-218b44041ff9,DigitalDocument,ZWU_SCA0319.B06.F01.Bull.382,General Incandescent Arc Light Co. Bulletin No. 382,,,,,,12 pages,1553,4/1/1904,"General Incandescent Light Company (New York, NY)",,,[55969],No Copyright - United States,,13269,"Box 6, Folder 1, Bulletin 382"
00a0966f-b771-450c-9373-ad86b36ec570,DigitalDocument,ZWU_SCA0319.B06.F01.Bull.377,General Incandescent Arc Light Co. Bulletin No. 377,,,,,,2 pages,1370,10/1/1903,"General Incandescent Light Company (New York, NY)",,,[55969],No Copyright - United States,,13269,"Box 6, Folder 1, Bulletin 377"
07204604-1a3a-46ce-8ed8-0ffd77a6b15d,DigitalDocument,ZWU_SCA0319.B06.F01.Bull.372,General Incandescent Arc Light Co. Bulletin No. 372,,,,,,11 pages,1675,8/1/1904,"General Incandescent Light Company (New York, NY)",,,[55969],No Copyright - United States,,13269,"Box 6, Folder 1, Bulletin 372"
d55a7643-e2ce-4eec-b8bc-fbfbf45116d3,DigitalDocument,ZWU_SCA0319.B06.F01.Bull.369,General Incandescent Arc Light Co. Bulletin No. 369,,,,,,2 pages,1431,12/1/1903,"General Incandescent Light Company (New York, NY)",,,[55969],No Copyright - United States,,13269,"Box 6, Folder 1, Bulletin 369"
e96974dc-34cf-4cdc-82c5-df1de301fc6f,DigitalDocument,ZWU_SCA0319.B06.F01.Bull.358,General Incandescent Arc Light Co. Bulletin No. 358,,,,,,12 pages,1097,1/1/1903,"General Incandescent Light Company (New York, NY)",,,[55969],No Copyright - United States,,13269,"Box 6, Folder 1, Bulletin 358"
8333f5a4-7543-41cb-9e69-4ff503591ece,DigitalDocument,ZWU_SCA0319.B06.F01.Bull.352,General Incandescent Arc Light Co. Bulletin No. 352,,,,,,21 pages,1644,7/1/1904,"General Incandescent Light Company (New York, NY)",,,[55969],No Copyright - United States,,13269,"Box 6, Folder 1, Bulletin 352"
7dca7023-e665-4504-8f83-72795cd432a1,DigitalDocument,ZWU_SCA0319.B06.F01.Bull.333,General Incandescent Arc Light Co. Bulletin No. 333,,,,,,4 pages,1462,1/1/1904,"General Incandescent Light Company (New York, NY)",,,[55969],No Copyright - United States,,13269,"Box 6, Folder 1, Bulletin 333"
f0e2d6ba-4422-40a6-9e1c-9179798cdd03,DigitalDocument,ZWU_SCA0319.B06.F01.Bull.332,General Incandescent Arc Light Co. Bulletin No. 332,,,,,,2 pages,1370,10/1/1903,"General Incandescent Light Company (New York, NY)",,,[55969],No Copyright - United States,,13269,"Box 6, Folder 1, Bulletin 332"
a57a1089-1884-4490-9a77-9788e84a50e4,DigitalDocument,ZWU_SCA0319.B06.F01.Bull.327,General Incandescent Arc Light Co. Bulletin No. 327,,,,,,2 pages,1401,11/1/1903,"General Incandescent Light Company (New York, NY)",,,[55969],No Copyright - United States,,13269,"Box 6, Folder 1, Bulletin 327"
51fcb638-c348-40d4-a17c-90f3a15b271c,DigitalDocument,ZWU_SCA0319.B06.F01.Bull.324,General Incandescent Arc Light Co. Bulletin No. 324,,,,,,12 pages,1553,4/2/1904,"General Incandescent Light Company (New York, NY)",,,[55969],No Copyright - United States,,13269,"Box 6, Folder 1, Bulletin 324"
4231106e-854a-4d5b-ab63-d2e95d706342,DigitalDocument,ZWU_SCA0319.B06.F01.Bull.319,General Incandescent Arc Light Co. Bulletin No. 319,,,,,,2 pages,1401,11/1/1903,"General Incandescent Light Company (New York, NY)",,,[55969],No Copyright - United States,,13269,"Box 6, Folder 1, Bulletin 319"
dd1099db-3f25-4f0c-85f9-3b42db69e7bc,DigitalDocument,ZWU_SCA0319.B06.F01.Bull.313,General Incandescent Arc Light Co. Bulletin No. 313,,,,,,8 pages,1462,1/1/1904,"General Incandescent Light Company (New York, NY)",,,[55969],No Copyright - United States,,13269,"Box 6, Folder 1, Bulletin 313"
462ec1b2-f084-4612-923f-4cf6e4794809,DigitalDocument,ZWU_SCA0319.B06.F01.Bull.309,General Incandescent Arc Light Co. Bulletin No. 309,,,,,,8 pages,1401,11/1/1903,"General Incandescent Light Company (New York, NY)",,,[55969],No Copyright - United States,,13269,"Box 6, Folder 1, Bulletin 309"
75fd5822-11ab-4dce-8ca8-9c8e81af604d,DigitalDocument,ZWU_SCA0319.B06.F01.Bull.302,General Incandescent Arc Light Co. Bulletin No. 302,,,,,,4 pages,1522,3/1/1904,"General Incandescent Light Company (New York, NY)",,,[55969],No Copyright - United States,,13269,"Box 6, Folder 1, Bulletin 302"
ae15ee17-b3fe-4a16-b7f2-d42ab0e913df,DigitalDocument,ZWU_SCA0319.B06.F01.Bull.300,General Incandescent Arc Light Co. Bulletin No. 300,,,,,,2 pages,1370,10/1/1903,"General Incandescent Light Company (New York, NY)",,,[55969],No Copyright - United States,,13269,"Box 6, Folder 1, Bulletin 300"
153c1799-1512-4fa5-bd3e-44941e32609b,DigitalDocument,ZWU_SCA0319.B06.F01.Bull.3,General Incandescent Arc Light Co. Bulletin No. 3,,,,,,8 pages,1522,3/1/1904,"General Incandescent Light Company (New York, NY)",,,[55969],No Copyright - United States,,13269,"Box 6, Folder 1, Bulletin 3"
2c2690ca-0eba-4f65-8e5a-a9d290176641,DigitalDocument,ZWU_SCA0319.B06.F01.Bull.291,General Incandescent Arc Light Co. Bulletin No. 291,,,,,,8 pages,1614,6/1/1904,"General Incandescent Light Company (New York, NY)",,,[55969],No Copyright - United States,,13269,"Box 6, Folder 1, Bulletin 291"
e7202905-cd28-4001-a320-8fb954fd66d8,DigitalDocument,ZWU_SCA0319.B06.F01.Bull.275,General Incandescent Arc Light Co. Bulletin No. 275,,,,,,12 pages,1797,12/1/1904,"General Incandescent Light Company (New York, NY)",,,[55969],No Copyright - United States,,13269,"Box 6, Folder 1, Bulletin 275"
6577d632-50ed-4096-84b6-3c101157a2a7,DigitalDocument,ZWU_SCA0319.B06.F01.Bull.274,General Incandescent Arc Light Co. Bulletin No. 274,,,,,,12 pages,1797,12/1/1904,"General Incandescent Light Company (New York, NY)",,,[55969],No Copyright - United States,,13269,"Box 6, Folder 1, Bulletin 274"
95cf732e-c713-4937-9ea0-087d8bc4971f,DigitalDocument,ZWU_SCA0319.B06.F01.Bull.273,General Incandescent Arc Light Co. Bulletin No. 273,,,,,,12 pages,1767,11/1/1904,"General Incandescent Light Company (New York, NY)",,,[55969],No Copyright - United States,,13269,"Box 6, Folder 1, Bulletin 273"
0a574eb1-6b40-40f3-8630-56454009bfa2,DigitalDocument,ZWU_SCA0319.B06.F01.Bull.271,General Incandescent Arc Light Co. Bulletin No. 271,,,,,,4 pages,1097,1/1/1903,"General Incandescent Light Company (New York, NY)",,,[55969],No Copyright - United States,,13269,"Box 6, Folder 1, Bulletin 271"
61437df5-2b49-4a87-8ac1-6378c59fab0e,DigitalDocument,ZWU_SCA0319.B06.F01.Bull.256,General Incandescent Arc Light Co. Bulletin No. 256,,,,,,4 pages,1553,4/1/1904,"General Incandescent Light Company (New York, NY)",,,[55969],No Copyright - United States,,13269,"Box 6, Folder 1, Bulletin 256"
120335e1-a985-4819-b0d9-adfe759b7212,DigitalDocument,ZWU_SCA0319.B06.F01.Bull.255,General Incandescent Arc Light Co. Bulletin No. 255,,,,,,4 pages,1553,4/1/1904,"General Incandescent Light Company (New York, NY)",,,[55969],No Copyright - United States,,13269,"Box 6, Folder 1, Bulletin 255"
0b2e48ac-98dd-4dc3-921a-da71cb12b2ec,DigitalDocument,ZWU_SCA0319.B06.F01.Bull.254,General Incandescent Arc Light Co. Bulletin No. 254,,,,,,4 pages,1553,4/1/1904,"General Incandescent Light Company (New York, NY)",,,[55969],No Copyright - United States,,13269,"Box 6, Folder 1, Bulletin 254"
80dd8bf5-8fff-4d00-8b35-4897cf42c702,DigitalDocument,ZWU_SCA0319.B06.F01.Bull.23,General Incandescent Arc Light Co. Bulletin No. 23,,,,,,2 pages,1614,6/1/1904,"General Incandescent Light Company (New York, NY)",,,[55969],No Copyright - United States,,13269,"Box 6, Folder 1, Bulletin 23"
062f5de4-b404-4e1c-b2ef-c2f22ef769d4,DigitalDocument,ZWU_SCA0319.B06.F01.Bull.194,General Incandescent Arc Light Co. Bulletin No. 194,,,,,,8 pages,1583,5/1/1904,"General Incandescent Light Company (New York, NY)",,,[55969],No Copyright - United States,,13269,"Box 6, Folder 1, Bulletin 194"
92ed1218-c697-404a-8ed1-f8f2360f0cc1,DigitalDocument,ZWU_SCA0319.B06.F01.Bull.193,General Incandescent Arc Light Co. Bulletin No. 193,,,,,,8 pages,1066,12/1/1902,"General Incandescent Light Company (New York, NY)",,,[55969],No Copyright - United States,,13269,"Box 6, Folder 1, Bulletin 193"
1b0c3b90-d05c-469b-86fd-5802fb79d2ab,DigitalDocument,ZWU_SCA0319.B06.F01.Bull.18,General Incandescent Arc Light Co. Bulletin No. 18,,,,,,4 pages,1675,8/1/1904,"General Incandescent Light Company (New York, NY)",,,[55969],No Copyright - United States,,13269,"Box 6, Folder 1, Bulletin, 18"
545e5cc8-e1b2-49ad-b92c-77c9ec9b8a50,DigitalDocument,ZWU_SCA0319.B06.F01.Bull.153,General Incandescent Arc Light Co. Bulletin No. 153,,,,,,20 pages,1217,5/1/1903,"General Incandescent Light Company (New York, NY)",,,[55969],No Copyright - United States,,13269,"Box 6, Folder 1, Bulletin 153"
ae1d1d26-64a1-41b9-a29b-8ea236b03991,DigitalDocument,ZWU_SCA0319.B06.F01.Bull.151,General Incandescent Arc Light Co. Bulletin No. 151,,,,,,8 pages,1583,5/1/1904,"General Incandescent Light Company (New York, NY)",,,[55969],No Copyright - United States,,13269,"Box 6, Folder 1, Bulletin 151"
63fc335e-8d63-4bc2-a791-882267a391ee,DigitalDocument,ZWU_SCA0319.B06.F01.Bull.150,General Incandescent Arc Light Co. Bulletin No. 150,,,,,,16 pages,1097,1/1/1903,"General Incandescent Light Company (New York, NY)",,,[55969],No Copyright - United States,,13269,"Box 6, Folder 1, Bulletin 150"
29174c1d-3c2f-445c-99db-d1c7b482ed4a,DigitalDocument,ZWU_SCA0319.B06.F01.Bull.115,General Incandescent Arc Light Co. Bulletin No. 115,,,,,,7 pages,1553,4/1/1904,"General Incandescent Light Company (New York, NY)",,,[55969],No Copyright - United States,,13269,"Box 6, Folder 1, Bulletin 115"
f0d5d630-52ba-45cd-ab8f-36bb5dbfae99,DigitalDocument,ZWU_SCA0319.B06.F01.Bull.107,General Incandescent Arc Light Co. Bulletin No. 107,,,,,,24 pages,1644,7/1/1904,"General Incandescent Light Company (New York, NY)",,,[55969],No Copyright - United States,,13269,"Box 6, Folder 1, Bulletin 107"
04d06c59-aef2-4d22-b050-01763a9e8c84,DigitalDocument,ZWU_SCA0319.B06.F01.01,General Incandescent Arc Light Company Send for G.I Bulletins with notations,,,,,,4 pages,1903-1904,1/1/1903,"General Incandescent Light Company (New York, NY)",,"Press of Cowan & Ditmars, New York",[55969],No Copyright - United States,,13269,"Box 6, Folder 1, Item 1 "
d28079e6-044d-46ca-90ef-c2f7374fc87a,DigitalDocument,ZWU_SCA0319.B06.10,"Stanley Patents, 345,057 to 726,837",,,,,,1040 pages,1886 - 1903,1886-01-01,,,,[55969],No Copyright - United States,,13273,"Box 6, Item 10"
c212d990-1627-449c-9f8b-1c9fb3d43bfa,DigitalDocument,ZWU_SCA0319.B06.09,"G.I Patents No. 302,883 to 732,672",,,,,,560 pages,1884-1903,1884-01-01,General Electric Company. Pittsfield Laboratory,,,[55969],No Known Copyright.,,13272,"Box 6, Item 9"
9f1cab91-5342-472b-910d-69e896b487db,DigitalDocument,ZWU_SCA0319.B06.08,"U.S Electric Transformer Patents, from 5,507 to 436,200",,,,,,718 pages,1848-1890,1848-01-01,"Stanley, William, 1858-1916 ",,,[55969],No Copyright - United States,,13271,"Box 6, Item 8"
a02c29a8-b803-444f-9f97-08a880f81641,DigitalDocument,ZWU_SCA0319.B06.07,"Patents of Westinghouse Electric Co. from April 15, 1879 to December 31, 1888., Vol. 1",,,,,,1131 pages,"April 15, 1879 - December 31, 1888",1879-01-01,"Westinghouse Electric Co. 9 Pittsburgh, PA",,,[55969],No Copyright - United States,,13270,"Box 6, Item 7"
a1f04aa0-6d0c-4f04-b7b4-dea512f5e2ae,DigitalDocument,ZWU_SCA0319.B05.F19,Addresses and Papers of Cummings C. Chesney,,,,,,95 pages,1907-1938,1/1/1907,,,,[55969],Copyright Undetermined,,13400,Box 5 Folder 19
35574ead-000e-4013-aecd-9798cd916f36,DigitalDocument,ZWU_SCA0319.B05.F18.02,"Sterling Arc Lamp Company Catalog, February 13, 1902",,,,,,14 pages,,2/13/1902,"Stanley Electric Manufacturing Company (Pittsfield, Mass.)",,,[55969],No Copyright - United States,,13259,Box 5 Folder 18 Item 2
098d72b5-57a0-4222-ad21-652d2f272cec,DigitalDocument,ZWU_SCA0319.B05.F18.01,"Lamp & Transformer Department's Circular Letter #26, May 7, 1906",,,,,,7 pages,,5/7/1906,"Stanley Electric Manufacturing Company (Pittsfield, Mass.)",,,[55969],No Copyright - United States,,13259,Box 5 Folder 18 Item 1
3227a0e3-ab86-494f-8c97-3756a1a94243,DigitalDocument,ZWU_SCA0319.B05.F17,"Report of Findings and Recommendations Concerning Commercial Departments for Stanley G.I Electric Co.., June 18, 1906",,,,,,70 pages,,6/18/1906,"Williams, Stephen T.",,,[55969],No Copyright - United States,,13258,Box 5 Folder 17
63b00285-f52d-475f-b91c-2c6efcd689e0,DigitalDocument,ZWU_SCA0319.B05.F16.05,"List of Companies Operating S.K.C Apparatus, February 1, 1906",,,,,,4 pages,,2/1/1906,"Stanley Electric Manufacturing Company (Pittsfield, Mass.)",,,[55969],No Copyright - United States,,13257,Box 5 Folder 16 Item 5
ed5aea5f-74df-4ee9-8077-f958f7f7cc2c,DigitalDocument,ZWU_SCA0319.B05.F16.04,"List of Companies Operating S.K.C Apparatus, January 1, 1905",,,,,,4 pages,,1/1/1905,"Stanley Electric Manufacturing Company (Pittsfield, Mass.)",,,[55969],No Copyright - United States,,13257,Box 5 Folder 16 Item 4
5e1f0ee9-6a8e-453e-a7a3-0ea80f785a55,DigitalDocument,ZWU_SCA0319.B05.F16.03,"List of Companies Operating S.K.C Apparatus, January 1,1904",,,,,,8 pages,,1/1/1904,"Stanley Electric Manufacturing Company (Pittsfield, Mass.)",,,[55969],No Copyright - United States,,13257,Box 5 Folder 16 Item 3
7cdb1780-dbc3-40bd-8ff8-f08d5c96d704,DigitalDocument,ZWU_SCA0319.B05.F16.02,"List of Companies Operating S.K.C Apparatus, January 1, 1902",,,,,,20 pages,,1/1/1902,"Stanley Electric Manufacturing Company (Pittsfield, Mass.)",,,[55969],No Copyright - United States,,13257,Box 5 Folder 16 Item 2
43760a36-4131-4685-9e4a-0a73cf3b4ef8,DigitalDocument,ZWU_SCA0319.B05.F16.01,"List of Companies Operating S.K.C Apparatus, April 1, 1901",,,,,,17 pages,,4/1/1901,"Stanley Electric Manufacturing Company (Pittsfield, Mass.)",,,[55969],No Copyright - United States,,13257,Box 5 Folder 16 Item 1
cab7797c-f096-40e9-8210-2e0948aeb12f,DigitalDocument,ZWU_SCA0319.B05.F15,Notice from J.E. Cutter Regarding Clerical Accuracy and Satisfactory Routines,,,,,,5 pages,,3/19/1905,"Stanley Electric Manufacturing Company (Pittsfield, Mass.)",,,[55969],No Copyright - United States,,13256,Box 5 Folder 15
fa535b46-acb9-41f7-81a2-771b0c3baf23,DigitalDocument,ZWU_SCA0319.B05.F14.53,500 H.P. - 220 R.P.M.,,,,,,2 pages,1900-1905,1/1/1900,"Stanley Electric Manufacturing Company (Pittsfield, Mass.)",,,[55969],No Copyright - United States,,13255,Box 5 Folder 14 Item 53
df30b889-dc54-4357-9697-c92276437834,DigitalDocument,ZWU_SCA0319.B05.F14.52,150 H.P. - 600 R.P.M.,,,,,,2 pages,1900-1905,1/1/1900,"Stanley Electric Manufacturing Company (Pittsfield, Mass.)",,,[55969],No Copyright - United States,,13255,Box 5 Folder 14 Item 52
c689daaa-7412-4bfb-b2d5-0743d7fbaa00,DigitalDocument,ZWU_SCA0319.B05.F14.51,PHOTO NO. 520,,,,,,2 pages,1900-1905,5/22/1905,"Stanley Electric Manufacturing Company (Pittsfield, Mass.)",,,[55969],No Copyright - United States,,13255,Box 5 Folder 14 Item 51
55ede2ec-7c09-4441-8e6d-f86b977f640c,DigitalDocument,ZWU_SCA0319.B05.F14.50,PHOTO NO. 529,,,,,,1 page,1900-1905,5/22/1905,"Stanley Electric Manufacturing Company (Pittsfield, Mass.)",,,[55969],No Copyright - United States,,13255,Box 5 Folder 14 Item 50
a177a22b-597a-4fe0-8aa0-9a69578c4b19,DigitalDocument,ZWU_SCA0319.B05.F14.49,PHOTO NO. 540,,,,,,1 page,1900-1905,5/22/1905,"Stanley Electric Manufacturing Company (Pittsfield, Mass.)",,,[55969],No Copyright - United States,,13255,Box 5 Folder 14 Item 49
cc45cf15-fecc-4f8b-ba90-5ea043eb8090,DigitalDocument,ZWU_SCA0319.B05.F14.48,PHOTO NO. 548,,,,,,1 page,1900-1905,3/9/1904,"Stanley Electric Manufacturing Company (Pittsfield, Mass.)",,,[55969],No Copyright - United States,,13255,Box 5 Folder 14 Item 48
25cb95ff-b54c-4c51-a9ad-c72a5d03f020,DigitalDocument,ZWU_SCA0319.B05.F14.47,PHOTO NO. 551,,,,,,1 page,1900-1905,3/10/1904,"Stanley Electric Manufacturing Company (Pittsfield, Mass.)",,,[55969],No Copyright - United States,,13255,Box 5 Folder 14 Item 47
aaf24e8c-402b-4b9b-ac36-2dc35d45c1b3,DigitalDocument,ZWU_SCA0319.B05.F14.46,PHOTO NO. 656,,,,,,1 page,1900-1905,5/22/1905,"Stanley Electric Manufacturing Company (Pittsfield, Mass.)",,,[55969],No Copyright - United States,,13255,Box 5 Folder 14 Item 46
1def2803-326b-40d6-b76c-bc1dbf4536fc,DigitalDocument,ZWU_SCA0319.B05.F14.45,#120 Field complete Photo 1044.,,,,,,1 page,1900-1905,5/22/1905,"Stanley Electric Manufacturing Company (Pittsfield, Mass.)",,,[55969],No Copyright - United States,,13255,Box 5 Folder 14 Item 45
7a84d1a3-b586-4f24-87e4-9966ded68b03,DigitalDocument,ZWU_SCA0319.B05.F14.44,#8 IND. ALTERNATOR- REMOVABLE POLE PIECE. PHOTO. #1693,,,,,,1 page,1900-1905,1/1/1900,"Stanley Electric Manufacturing Company (Pittsfield, Mass.)",,,[55969],No Copyright - United States,,13255,Box 5 Folder 14 Item 44
642c96f4-899a-43fa-950d-a20b4f503a6d,DigitalDocument,ZWU_SCA0319.B05.F14.43,PHOTO NO. 550,,,,,,1 page,1900-1905,3/9/1904,"Stanley Electric Manufacturing Company (Pittsfield, Mass.)",,,[55969],No Copyright - United States,,13255,Box 5 Folder 14 Item 43
bdf27879-37b6-497b-82a9-bcfcbb736877,DigitalDocument,ZWU_SCA0319.B05.F14.42,#120 R. F. Alt. on Testing Floor Photo 1045.,,,,,,1 page,1900-1905,5/22/1905,"Stanley Electric Manufacturing Company (Pittsfield, Mass.)",,,[55969],No Copyright - United States,,13255,Box 5 Folder 14 Item 42
cc5f034c-7e47-40d0-aeaf-ef6e2e93d3cf,DigitalDocument,ZWU_SCA0319.B05.F14.41,"California Gas & El. Corporation, Electra, Cal.",,,,,,1 page,1900-1905,1/1/1900,"Stanley Electric Manufacturing Company (Pittsfield, Mass.)",,,[55969],No Copyright - United States,,13255,Box 5 Folder 14 Item 41
95cbf163-892f-4e75-bbb0-59c8dceb1f6d,DigitalDocument,ZWU_SCA0319.B05.F14.40,"Montgomery Lt. & Waterpower Co., Tallassee, Ala., 40",,,,,,1 page,1900-1905,1/1/1900,"Stanley Electric Manufacturing Company (Pittsfield, Mass.)",,,[55969],No Copyright - United States,,13255,Box 5 Folder 14 Item 40
367da93e-a11b-47de-802b-38fbd13f3f9b,DigitalDocument,ZWU_SCA0319.B05.F14.39,#37 Ind. Alt. Photo 1043,,,,,,1 page,1900-1905,1/1/1900,"Stanley Electric Manufacturing Company (Pittsfield, Mass.)",,,[55969],No Copyright - United States,,13255,Box 5 Folder 14 Item 39
5338b13c-e2bf-4d3c-855d-8af5dc777777,DigitalDocument,ZWU_SCA0319.B05.F14.38,"Michigan Lake Superior Pr. Co., Sault Ste. Marie, Mich., 38",,,,,,1 page,1900-1905,1/1/1900,"Stanley Electric Manufacturing Company (Pittsfield, Mass.)",,,[55969],No Copyright - United States,,13255,Box 5 Folder 14 Item 38
556e83bb-69fb-4834-8438-fb06d1b98eaa,DigitalDocument,ZWU_SCA0319.B05.F14.37,"Michigan Lake Superior Pr. Co., Sault Ste. Marie, Mich., 37",,,,,,1 page,1900-1905,1/1/1900,"Stanley Electric Manufacturing Company (Pittsfield, Mass.)",,,[55969],No Copyright - United States,,13255,Box 5 Folder 14 Item 37
026750b1-0711-428d-a3d2-41671626e289,DigitalDocument,ZWU_SCA0319.B05.F14.36,"York Haven Water & Pr. Co., York, Pa., 36",,,,,,1 page,1900-1905,1/1/1900,"Stanley Electric Manufacturing Company (Pittsfield, Mass.)",,,[55969],No Copyright - United States,,13255,Box 5 Folder 14 Item 36
b91011d9-5086-48d7-9fca-07570abacd14,DigitalDocument,ZWU_SCA0319.B05.F14.35,"York Haven Water & Pr. Co., York, Pa., 35",,,,,,1 page,1900-1905,1/1/1900,"Stanley Electric Manufacturing Company (Pittsfield, Mass.)",,,[55969],No Copyright - United States,,13255,Box 5 Folder 14 Item 35
9a87db5f-6246-4fcb-9104-76786c68593a,DigitalDocument,ZWU_SCA0319.B05.F14.34,"Pacific Electric Ry. Co., Los Angeles, Cal., 34",,,,,,1 page,1900-1905,1/1/1900,"Stanley Electric Manufacturing Company (Pittsfield, Mass.)",,,[55969],No Copyright - United States,,13255,Box 5 Folder 14 Item 34
9410f5af-fb83-458a-a6fd-2ea25eed2e16,DigitalDocument,ZWU_SCA0319.B05.F14.33,"Brookline Gas Lt. Co., Allston, Mass.",,,,,,1 page,1900-1905,1/1/1900,"Stanley Electric Manufacturing Company (Pittsfield, Mass.)",,,[55969],No Copyright - United States,,13255,Box 5 Folder 14 Item 33
e961d67d-1e7d-40dc-aa7c-5c2f5bbbf1d8,DigitalDocument,ZWU_SCA0319.B05.F14.32,"2 - 1000 K.W. S.K.C. Generators, Cataract Power Co., Hamilton, Ont.",,,,,,1 page,1900-1905,1/1/1900,"Stanley Electric Manufacturing Company (Pittsfield, Mass.)",,,[55969],No Copyright - United States,,13255,Box 5 Folder 14 Item 32
0f88e26c-500e-4e65-af58-f3d08d259d89,DigitalDocument,ZWU_SCA0319.B05.F14.31,"Pittsburg Reduction Co., Niagara Falls, N.Y. 2000 K.W. ""Transformer"" Photo. 1222.",,,,,,1 page,1900-1905,1/1/1900,"Stanley Electric Manufacturing Company (Pittsfield, Mass.)",,,[55969],No Copyright - United States,,13255,Box 5 Folder 14 Item 31
4125c82f-4696-480c-ba7e-41ee24bdf16a,DigitalDocument,ZWU_SCA0319.B05.F14.30,"York Haven Water & Pr. Co., York, Pa., 30",,,,,,1 page,1900-1905,1/1/1900,"Stanley Electric Manufacturing Company (Pittsfield, Mass.)",,,[55969],No Copyright - United States,,13255,Box 5 Folder 14 Item 30
22c32207-8854-40ab-906c-415e5c20db00,DigitalDocument,ZWU_SCA0319.B05.F14.29,"Michigan Lake Superior Pr. Co., Sault Ste.Marie,Mich.",,,,,,1 page,1900-1905,1/1/1900,"Stanley Electric Manufacturing Company (Pittsfield, Mass.)",,,[55969],No Copyright - United States,,13255,Box 5 Folder 14 Item 29
7e2a1b5e-b205-4009-a5b0-48199bc2dfdc,DigitalDocument,ZWU_SCA0319.B05.F14.28,"Pittsburg Reduction Co., Niagara Falls, N.Y. 2000 K.W. ""Transformer"" Photo. 1224.",,,,,,1 page,1900-1905,1/1/1900,"Stanley Electric Manufacturing Company (Pittsfield, Mass.)",,,[55969],No Copyright - United States,,13255,Box 5 Folder 14 Item 28
12654fb2-6c00-4190-a0b8-7f1702c46411,DigitalDocument,ZWU_SCA0319.B05.F14.27,"Montgomery Lt. & Waterpower Co., Tallassee, Ala.",,,,,,1 page,1900-1905,1/1/1900,"Stanley Electric Manufacturing Company (Pittsfield, Mass.)",,,[55969],No Copyright - United States,,13255,Box 5 Folder 14 Item 27
54149edd-c168-4e12-b76b-50f3de5af997,DigitalDocument,ZWU_SCA0319.B05.F14.26,"4 - 2000 K.W. S.K.C. Generators, Chambly M'f'g Co., Richelieu, Que.",,,,,,1 page,1900-1905,1/1/1900,"Stanley Electric Manufacturing Company (Pittsfield, Mass.)",,,[55969],No Copyright - United States,,13255,Box 5 Folder 14 Item 26
cfefdeb7-62b3-4371-8b01-83e08d842722,DigitalDocument,ZWU_SCA0319.B05.F14.25,"Pacific Electric Ry. Co., Los Angeles, Cal.",,,,,,1 page,1900-1905,1/1/1900,"Stanley Electric Manufacturing Company (Pittsfield, Mass.)",,,[55969],No Copyright - United States,,13255,Box 5 Folder 14 Item 25
c7828e58-dbd9-44d5-bf19-86cb3b9a2fde,DigitalDocument,ZWU_SCA0319.B05.F14.24,"New York Edison Co., Booster Set.",,,,,,1 page,1900-1905,1/1/1900,"Stanley Electric Manufacturing Company (Pittsfield, Mass.)",,,[55969],No Copyright - United States,,13255,Box 5 Folder 14 Item 24
c8ce9fdc-7105-4913-8e41-9b7c33bc0f2f,DigitalDocument,ZWU_SCA0319.B05.F14.23,#120 R. F. Alt. on Testing Floor Photo 1046,,,,,,1 page,1900-1905,1/1/1900,"Stanley Electric Manufacturing Company (Pittsfield, Mass.)",,,[55969],No Copyright - United States,,13255,Box 5 Folder 14 Item 23
34037eaa-1d6f-44f3-990f-4b3c2133e7d9,DigitalDocument,ZWU_SCA0319.B05.F14.22,An early alternating current central station.,,,,,,2 pages,,3/16/1905,"Stanley Electric Manufacturing Company (Pittsfield, Mass.)",,,[55969],No Copyright - United States,,13255,Box 5 Folder 14 Item 22
c891f440-0fe9-481f-826c-883cf2b9bcd9,DigitalDocument,ZWU_SCA0319.B05.F14.21,"York Haven Water & Pr. Co., York, Pa., 21",,,,,,1 page,1900-1905,1/1/1900,"Stanley Electric Manufacturing Company (Pittsfield, Mass.)",,,[55969],No Copyright - United States,,13255,Box 5 Folder 14 Item 21
a849dc09-4f13-476e-8f82-f80d905b7790,DigitalDocument,ZWU_SCA0319.B05.F14.20,"Phillipine Govt. Exhibit, St. Louis., 20",,,,,,1 page,1900-1905,1/1/1900,"Stanley Electric Manufacturing Company (Pittsfield, Mass.)",,,[55969],No Copyright - United States,,13255,Box 5 Folder 14 Item 20
359daeb1-4683-471d-b479-6fda6e8cefdd,DigitalDocument,ZWU_SCA0319.B05.F14.19,"Public Service Corporation, Trenton, N.J.",,,,,,1 page,1900-1905,1/1/1900,"Stanley Electric Manufacturing Company (Pittsfield, Mass.)",,,[55969],No Copyright - United States,,13255,Box 5 Folder 14 Item 19
864396e6-13e8-45b6-9e1b-f1b453d06190,DigitalDocument,ZWU_SCA0319.B05.F14.18,"Phillipine Govt. Exhibit, St. Louis., 18",,,,,,1 page,1900-1905,1/1/1900,"Stanley Electric Manufacturing Company (Pittsfield, Mass.)",,,[55969],No Copyright - United States,,13255,Box 5 Folder 14 Item 18
63240c84-4ba6-4f20-8528-f883d2d8d500,DigitalDocument,ZWU_SCA0319.B05.F14.17,#139 Field on Testing Shaft Photo. 1176,,,,,,1 page,1900-1905,1/1/1900,"Stanley Electric Manufacturing Company (Pittsfield, Mass.)",,,[55969],No Copyright - United States,,13255,Box 5 Folder 14 Item 17
f7f8982a-d0a7-4af1-a40d-9c1c2f9f20ee,DigitalDocument,ZWU_SCA0319.B05.F14.16,"York Haven Water & Pr. Co., York, Pa.",,,,,,1 page,1900-1905,1/1/1900,"Stanley Electric Manufacturing Company (Pittsfield, Mass.)",,,[55969],No Copyright - United States,,13255,Box 5 Folder 14 Item 16
c7416b5c-c346-4014-9d08-b47c6b785e5d,DigitalDocument,ZWU_SCA0319.B05.F14.15,#139 Field Coils Photo. 1175.,,,,,,1 page,1900-1905,1/1/1900,"Stanley Electric Manufacturing Company (Pittsfield, Mass.)",,,[55969],No Copyright - United States,,13255,Box 5 Folder 14 Item 15
ffb8abc2-2875-4f7b-ab36-aef61f1408ee,DigitalDocument,ZWU_SCA0319.B05.F14.14,"Phillipine Govt. Exhibit, St. Louis.",,,,,,1 page,1900-1905,1/1/1900,"Stanley Electric Manufacturing Company (Pittsfield, Mass.)",,,[55969],No Copyright - United States,,13255,Box 5 Folder 14 Item 14
ed153130-a9f8-4dd1-a7a6-195aa440e073,DigitalDocument,ZWU_SCA0319.B05.F14.13,"New York Edison Co., Waterside Station., 13",,,,,,3 pages,1900-1905,1/1/1900,"Stanley Electric Manufacturing Company (Pittsfield, Mass.)",,,[55969],No Copyright - United States,,13255,Box 5 Folder 14 Item 13
9515de36-4133-4196-8c65-f0cad5c42f7d,DigitalDocument,ZWU_SCA0319.B05.F14.12,"New York Edison Co., Waterside Station., 12",,,,,,1 page,1900-1905,1/1/1900,"Stanley Electric Manufacturing Company (Pittsfield, Mass.)",,,[55969],No Copyright - United States,,13255,Box 5 Folder 14 Item 12
44a40078-6054-493b-9e73-c21c02fc82bd,DigitalDocument,ZWU_SCA0319.B05.F14.11,"Detroit Municipal Plant, 11",,,,,,1 page,1900-1905,1/1/1900,"Stanley Electric Manufacturing Company (Pittsfield, Mass.)",,,[55969],No Copyright - United States,,13255,Box 5 Folder 14 Item 11
9beb9082-1163-4343-8722-17d1081e78c0,DigitalDocument,ZWU_SCA0319.B05.F14.10,Detroit Municipal Plant,,,,,,1 page,1900-1905,1/1/1900,"Stanley Electric Manufacturing Company (Pittsfield, Mass.)",,,[55969],No Copyright - United States,,13255,Box 5 Folder 14 Item 10
f28cda73-5cf6-4669-be4f-48ee5c759481,DigitalDocument,ZWU_SCA0319.B05.F14.09,"Pittsburg Reduction Co., Niagara Falls, N.Y. 2000 K.W. ""Transformer"" Photo. 1220.",,,,,,1 page,1900-1905,1/1/1900,"Stanley Electric Manufacturing Company (Pittsfield, Mass.)",,,[55969],No Copyright - United States,,13255,Box 5 Folder 14 Item 09
b8830c4e-ca49-401a-8f32-471af156cf47,DigitalDocument,ZWU_SCA0319.B05.F14.08,"100 h.p. Induction Motor, Oakland, Me.",,,,,,1 page,1900-1905,1/1/1900,"Stanley Electric Manufacturing Company (Pittsfield, Mass.)",,,[55969],No Copyright - United States,,13255,Box 5 Folder 14 Item 08
362d46c2-5220-4499-8d53-e5d550605abb,DigitalDocument,ZWU_SCA0319.B05.F14.07,"Inductor, split for removing coils.",,,,,,1 page,1900-1905,1/1/1900,"Stanley Electric Manufacturing Company (Pittsfield, Mass.)",,,[55969],No Copyright - United States,,13255,Box 5 Folder 14 Item 07
c8355302-cb25-4e1b-a9ef-ee6d97f85df8,DigitalDocument,ZWU_SCA0319.B05.F14.06,Inductor Type 41,,,,,,1 page,1900-1905,1/1/1900,"Stanley Electric Manufacturing Company (Pittsfield, Mass.)",,,[55969],No Copyright - United States,,13255,Box 5 Folder 14 Item 06
69f95d15-2c40-42a0-9a9e-13041d305d11,DigitalDocument,ZWU_SCA0319.B05.F14.05,Inductor Type 32.,,,,,,1 page,1900-1905,1/1/1900,"Stanley Electric Manufacturing Company (Pittsfield, Mass.)",,,[55969],No Copyright - United States,,13255,Box 5 Folder 14 Item 05
239701d7-be2c-48da-8f15-3338bf7dfedd,DigitalDocument,ZWU_SCA0319.B05.F14.04,"Union Gas & Electric Co., Waterville, Me.",,,,,,1 page,1900-1905,1/1/1900,"Stanley Electric Manufacturing Company (Pittsfield, Mass.)",,,[55969],No Copyright - United States,,13255,Box 5 Folder 14 Item 04
78408c3b-9eb3-41c0-bf0e-e97e2a029c63,DigitalDocument,ZWU_SCA0319.B05.F14.03,"New York Edison Co., Waterside Station., 03",,,,,,1 page,1900-1905,1/1/1900,"Stanley Electric Manufacturing Company (Pittsfield, Mass.)",,,[55969],No Copyright - United States,,13255,Box 5 Folder 14 Item 03
7bda43e2-3448-4646-953a-733dab04f42d,DigitalDocument,ZWU_SCA0319.B05.F14.02,"New York Edison Co., Waterside Station., 02",,,,,,1 page,1900-1905,1/1/1900,"Stanley Electric Manufacturing Company (Pittsfield, Mass.)",,,[55969],No Copyright - United States,,13255,Box 5 Folder 14 Item 02
9f17d143-4af4-4621-a57f-dfcc419fb90c,DigitalDocument,ZWU_SCA0319.B05.F14.01,#118 R.F Alternator On Testing Floor. (833),,,,,,1 page,1900-1905,1/1/1900,"Stanley Electric Manufacturing Company (Pittsfield, Mass.)",,,[55969],No Copyright - United States,,13255,Box 5 Folder 14 Item 01
d97d01b7-5ddf-48ad-a9c9-efde36b2b897,DigitalDocument,ZWU_SCA0319.B05.F13.13,"Total Number of S.X.C Inductor Alternators Installed up to January 1, 1904, Notice No. 93 ",,,,,,4 pages,undated,1/1/1900,"Stanley Electric Manufacturing Company (Pittsfield, Mass.)",,,[55969],No Copyright - United States,,13254,Box 5 Folder 13 Item 13
6fde8d10-ca28-4489-b788-e3559e1541ea,DigitalDocument,ZWU_SCA0319.B05.F13.12,Relative Merits of Single and 2 and 3-Phase Apparatus,,,,,,12 pages,,9/29/1904,"Stanley Electric Manufacturing Company (Pittsfield, Mass.)",,,[55969],No Copyright - United States,,13254,Box 5 Folder 13 Item 12
3d581f19-ebae-4227-8b21-477972eb16da,DigitalDocument,ZWU_SCA0319.B05.F13.11,"The Use of Indicating Wattmeters and Field Ammeters on A.C. Generator Panels When Multiple Operation is Contemplated, Notice No. 84",,,,,,7 pages,,6/23/1904,"Stanley Electric Manufacturing Company (Pittsfield, Mass.)",,,[55969],No Copyright - United States,,13254,Box 5 Folder 13 Item 11
408b2947-c84d-43c9-9c7f-da1fcf12e808,DigitalDocument,ZWU_SCA0319.B05.F13.10,Blueprints for Power Poles,,,,,,12 pages,December 1903 to January 1904,1/1/1903,"Stanley Electric Manufacturing Company (Pittsfield, Mass.)",,,[55969],No Copyright - United States,,13254,Box 5 Folder 13 Item 10
312dc1b8-52de-4fc1-b1bb-0ac03ba30879,DigitalDocument,ZWU_SCA0319.B05.F13.09,Total Lengths of Wires in Spans,,,,,,3 pages,,1/26/1904,"Stanley Electric Manufacturing Company (Pittsfield, Mass.)",,,[55969],No Copyright - United States,,13254,Box 5 Folder 13
5d456663-822a-494f-a6cb-05f2eb69f642,DigitalDocument,ZWU_SCA0319.B05.F13.08,Formulas for Calculating Spans.,,,,,,2 pages,,1/26/1904,"Stanley Electric Manufacturing Company (Pittsfield, Mass.)",,,[55969],No Copyright - United States,,13254,Box 5 Folder 13 Item 8
8f0fba2a-1377-46a0-b328-617da63f1532,DigitalDocument,ZWU_SCA0319.B05.F13.07,"Weight of Copper Per K.W Delivered Three Phase Power Transmission, Table IV",,,,,,2 pages,,1/26/1904,"Stanley Electric Manufacturing Company (Pittsfield, Mass.)",,,[55969],No Copyright - United States,,13254,Box 5 Folder 13 Item 7
01250153-6ce1-40bd-a9f1-b1b1feba322b,DigitalDocument,ZWU_SCA0319.B05.F13.06,Capacity in Micro-farads and Charg. Cur. Per Mile of Circuit for Three Phase System 60 P.P.S,,,,,,2 pages,,1899-11-16,"Stanley Electric Manufacturing Company (Pittsfield, Mass.)",,,[55969],No Copyright - United States,,13254,Box 5 Folder 13 Item 6
ee3c75f8-2361-499e-b390-285e7aa9a532,DigitalDocument,ZWU_SCA0319.B05.F13.05,Inductance Per Mile of Circuit for Three-Phase System 60 P.P.S,,,,,,2 pages,,1899-11-16,"Stanley Electric Manufacturing Company (Pittsfield, Mass.)",,,[55969],No Copyright - United States,,13254,Box 5 Folder 13 Item 5
cd37a6ec-ea07-4d86-97d2-7b414be8fad4,DigitalDocument,ZWU_SCA0319.B05.F13.04,"Apparent Resistance of Copper and Aluminum Per Mile of Wire, Table II",,,,,,2 pages,,1/27/1904,"Eddy, J.G.",,,[55969],No Copyright - United States,,13254,Box 5 Folder 13 Item 4
a537c73d-61e1-48cd-80ed-b4381849ff80,DigitalDocument,ZWU_SCA0319.B05.F13.03,"Weight and Resistance of Solid Copper and Aluminum Conductors, Table I",,,,,,2 pages,,1/26/1904,"Eddy, J.G.",,,[55969],No Copyright - United States,,13254,Box 5 Folder 13 Item 3
02ba9379-8c2a-449b-9cbf-a8b21210636b,DigitalDocument,ZWU_SCA0319.B05.F13.02,"Stanley Electric Mfg. Co., Engineering Department. Notice No. 71",,,,,,24 pages,,3/15/1904,"Stanley Electric Manufacturing Company (Pittsfield, Mass.)",,,[55969],No Copyright - United States,,13254,Box 5 Folder 13 Item 2
2b042fa9-1169-4fce-9e26-f0262c10fab2,DigitalDocument,ZWU_SCA0319.B05.F13.01,"Instructions for Purchasing; Installing & Operating Tirrill Voltage Regulator, Manufactured by the General Electric Co., Notice No. 64 ",,,,,,15 pages,,11/2/1903,"Stanley Electric Manufacturing Company (Pittsfield, Mass.)",,,[55969],No Copyright - United States,,13254,Box 5 Folder 13 Item 1
750e196b-de89-44e6-aecc-f6d0e079cadd,DigitalDocument,ZWU_SCA0319.B05.F12.13,"Circular Letter #64, 60 Cycle Rotary Converters ",,,,,,3 pages,,8/14/1903,,,,[55969],No Copyright - United States,,13253,Box 5 Folder 12 Item 13
be8477a6-6798-4623-88c7-bd0e47001f31,DigitalDocument,ZWU_SCA0319.B05.F12.12,Blueprints of S.K.G-401 Railway Motor,,,,,,8 pages,,12/5/1902,"Stanley Electric Manufacturing Company (Pittsfield, Mass.)",,,[55969],No Copyright - United States,,13253,Box 5 Folder 12 Item 12
83ad917f-aeda-4859-9df5-cb767ad1f4ec,DigitalDocument,ZWU_SCA0319.B05.F12.11,"Letter from S.T. Dodd to Stanley Electric Mfg. Co, Heating of Railway Motors, October 5, 1903",,,,,,7 pages,,10/5/1903,"Dodd, S.T.",,,[55969],No Copyright - United States,,13253,Box 5 Folder 12 Item 11
727cfd77-8735-4795-8c7c-3c64893222e9,DigitalDocument,ZWU_SCA0319.B05.F12.10,"Letter from S.T. Dodd to Stanley Electric Mfg. Co,  Notes on Railway Equipment, September 28, 1903",,,,,,6 pages,,9/28/1903,"Dodd, S.T.",,,[55969],No Copyright - United States,,13253,Box 5 Folder 12 Item 10
f36b9a26-a1a7-4843-b733-b26a04e090c6,DigitalDocument,ZWU_SCA0319.B05.F12.09,Blueprint of No. 402 RY Moto - Yoke Suspension Outline,,,,,,2 pages,,11/28/1904,"Dodd, S.T.",,,[55969],No Copyright - United States,,13253,Box 5 Folder 12 Item 9
561125d5-6cb9-476a-ae60-c2a05cea9a0c,DigitalDocument,ZWU_SCA0319.B05.F12.08,"Letter from S.T. Dodd to Stanley Electric Mfg. Co, Heating of Railway Motors, November 27, 1903",,,,,,2 pages,,11/27/1903,"Dodd, S.T.",,,[55969],No Copyright - United States,,13253,Box 5 Folder 12 Item 8
397e4a67-6883-4b38-81aa-21d44004ff6e,DigitalDocument,ZWU_SCA0319.B05.F12.07,"Railway Department Circular Letter #5, Data on Railway Motors ",,,,,,9 pages,,5/20/1904,"Stanley Electric Manufacturing Company (Pittsfield, Mass.)",,,[55969],No Copyright - United States,,13253,Box 5 Folder 12 Item 7
fb1662f5-c9af-4419-bf02-55afbbd9a1c6,DigitalDocument,ZWU_SCA0319.B05.F12.06,"Railway Department Circular Letter #8, Prices on Railway Equipments ",,,,,,3 pages,,9/28/1904,"Stanley Electric Manufacturing Company (Pittsfield, Mass.)",,,[55969],No Copyright - United States,,13253,Box 5 Folder 12 Item 6
ffad853c-7392-486a-ba0f-8a5e352a7daa,DigitalDocument,ZWU_SCA0319.B05.F12.05,"Clipping of Street Railway Journal, Vol. XXII. No. 2. ",,,,,,2 pages,,11/21/1903,,,,[55969],No Copyright - United States,,13253,Box 5 Folder 12 Item 5
f18e60da-fb10-4e27-98d8-e28f8f39a8e6,DigitalDocument,ZWU_SCA0319.B05.F12.04,"Blueprint og S.K.G #401 Crane Motor Rating 38 H.P at 500 Volts, April 23, 1903",,,,,,2 pages,,4/23/1903,"Stanley Electric Manufacturing Company (Pittsfield, Mass.)",,,[55969],No Copyright - United States,,13253,Box 5 Folder 12 Item 4
918c3bc7-d50a-4896-ae5d-9c78b1801c27,DigitalDocument,ZWU_SCA0319.B05.F12.03,"Blueprint of S.K.G-401 Railroad Motor, February 10, 1902",,,,,,5 pages,,2/10/1903,"Stanley Electric Manufacturing Company (Pittsfield, Mass.)",,,[55969],No Copyright - United States,,13253,Box 5 Folder 12 Item 3
73996f08-f087-47ba-bc77-b1cc7c761bb7,DigitalDocument,ZWU_SCA0319.B05.F12.02,"Blueprint of S.K.G-401 Railroad Motor, December 5, 1902",,,,,,5 pages,,12/5/1902,"Stanley Electric Manufacturing Company (Pittsfield, Mass.)",,,[55969],No Copyright - United States,,13253,Box 5 Folder 12 Item 2
878a1c34-df8e-44f9-b800-df39cd3feb40,DigitalDocument,ZWU_SCA0319.B05.F11,"Clippings, Blueprints, and Papers Relating to S.K.C Railroad Apparatus ",,,,,,152 pages,1901-1904,1/1/1901,"Stanley Electric Manufacturing Company (Pittsfield, Mass.)",,,[55969],No Copyright - United States,,13252,Box 5 Folder 11
a5bf515e-4b46-443e-aa1a-777cf039fb23,DigitalDocument,ZWU_SCA0319.B05.F10,Blueprints from Photographs,,,,,,105 pages,1900-1904,1/1/1900,"Stanley Electric Manufacturing Company (Pittsfield, Mass.)",,,[55969],No Copyright - United States,,13251,Box 5 Folder 10
30bbbe84-0cb1-40f5-a750-1d6ef5f96105,DigitalDocument,ZWU_SCA0319.B05.F09.16,"Photograph of Induction Meter, Undated  02",,,,,,2 pages,undated,,,,,[55969],Copyright Undetermined,,13250,Box 5 Folder 9 Item 16
366e5428-d5c4-4d53-ab91-cddee4a25b6e,DigitalDocument,ZWU_SCA0319.B05.F09.15,Improvements in Measurement of the Energy of Electric Currents,,,,,,3 pages,,8/27/1902,Marks & Clerk (London),,,[55969],No Copyright - United States,,13250,Box 5 Folder 9 Item 15
873e9a34-95e9-49ad-8406-6b6780c6df19,DigitalDocument,ZWU_SCA0319.B05.F09.14,Stanley Company Specification Sheet 1,,,,,,1 page,,8/27/1902,Marks & Clerk (London),,,[55969],No Copyright - United States,,13250,Box 5 Folder 9 Item 14
2d1b9b57-a393-4367-8274-01303859fdd5,DigitalDocument,ZWU_SCA0319.B05.F09.13,Stanley Company Specification Sheet 3,,,,,,1 page,,8/27/1902,Marks & Clerk (London),,,[55969],No Copyright - United States,,13250,Box 5 Folder 9 Item 13
167e5653-39fd-4b00-8ed2-15544fde21d6,DigitalDocument,ZWU_SCA0319.B05.F09.12,Stanley Company Specification Sheet 4,,,,,,1 page,,8/27/1902,Marks & Clerk (London),,,[55969],No Copyright - United States,,13250,Box 5 Folder 9 Item 12
9964e32b-9997-4791-8681-e7a595e4a58f,DigitalDocument,ZWU_SCA0319.B05.F09.11,"Enclosure From Marks & Clerk, London, to W. Stanley Esq. ",,,,,,2 pages,undated,,Marks & Clerk (London),,,[55969],Copyright Undetermined,,13250,Box 5 Folder 9 Item 12
8bbb451f-e724-4336-a878-3347341125ed,DigitalDocument,ZWU_SCA0319.B05.F09.10,The Induction Meter and Meter Devices,,,,,,19 pages,undated,,,,,[55969],Copyright Undetermined,,13250,Box 5 Folder 9 Item 10
0ffd53aa-2ea6-4546-9981-222fb0192d98,DigitalDocument,ZWU_SCA0319.B05.F09.09,"Photograph of Induction Meter, Undated  10",,,,,,1 page,undated,,,,,[55969],Copyright Undetermined,,13250,Box 5 Folder 9 Item 10
4957dd19-a130-46b6-90c7-b352befa85cb,DigitalDocument,ZWU_SCA0319.B05.F09.08,"Photograph of Induction Meter, Undated  09",,,,,,1 page,undated,,,,,[55969],Copyright Undetermined,,13250,Box 5 Folder 9 Item 9
c0c91348-6143-4060-bbde-983a75b9e9d9,DigitalDocument,ZWU_SCA0319.B05.F09.07,"Photograph of Induction Meter, Undated  08",,,,,,1 page,undated,,,,,[55969],Copyright Undetermined,,13250,Box 5 Folder 9 Item 8
7dd85f6d-1aab-49a0-ad6e-b82655b6f603,DigitalDocument,ZWU_SCA0319.B05.F09.06,"Photograph of Induction Meter, Undated  07",,,,,,1 page,undated,,,,,[55969],Copyright Undetermined,,13250,Box 5 Folder 9 Item 7
ff147e39-7a4e-406a-bc14-84a6603e905a,DigitalDocument,ZWU_SCA0319.B05.F09.05,"Photograph of Induction Meter, Undated  06",,,,,,1 page,undated,,,,,[55969],Copyright Undetermined,,13250,Box 5 Folder 9 Item 6
13dc6336-2dd2-468a-a275-ac5bfbe906a8,DigitalDocument,ZWU_SCA0319.B05.F09.04,"Photograph of Induction Meter, Undated  05",,,,,,1 page,undated,,,,,[55969],Copyright Undetermined,,13250,Box 5 Folder 9 Item 5
9546dfd5-ae2e-4e28-bd04-0a02abb6f039,DigitalDocument,ZWU_SCA0319.B05.F09.03,"Photograph of Induction Meter, Undated , 04 ",,,,,,1 page,undated,,"Stanley Instrument Co. (Gt. Barrington, Mass)",,,[55969],Copyright Undetermined,,13250,Box 5 Folder 9 Item 4
71c9eaeb-002b-4b65-9818-05e632566937,DigitalDocument,ZWU_SCA0319.B05.F09.02,"Photograph of Induction Meter, Undated 03",,,,,,1 page,undated,,"Stanley Instrument Co. (Gt. Barrington, Mass)",,,[55969],Copyright Undetermined,,13250,Box 5 Folder 9 Item 3
47db1441-79b3-47cd-85a4-c49471f05b10,DigitalDocument,ZWU_SCA0319.B05.F09.01,"Photograph of Induction Meter, Undated 01",,,,,,1 page,undated,,,,,[55969],Copyright Undetermined,,13250,Box 5 Folder 9 Item 1
9aa8506f-1097-4320-9f58-096885a201a3,DigitalDocument,ZWU_SCA0319.B05.F08.01,"Picture Photographs for Agents, Drawing No. 01367, April 3, 1901",,,,,,25 pages,,3/15/1905,"Stanley Electric Manufacturing Company (Pittsfield, Mass.)",,,[55969],No Copyright - United States,,13249,Box 5 Folder 8 Item 1
893a8c49-8d57-4065-b452-5cdf7957a7bf,DigitalDocument,ZWU_SCA0319.B05.F07.01,Clippings Regarding New Stanley Shop,,,,,,9 pages,undated,,,,,[55969],Copyright Undetermined,,13248,Box 5 Folder 7 Item 1
c43ecbc1-d8ac-4bd0-916e-a3d05687516a,DigitalDocument,ZWU_SCA0319.B05.F06.02,"Annual Meeting of Stockholders of the Stanley Electric Mfg. Co., Held January 25, 1898",,,,,,12 pages,,1898-01-25,"Stanley Electric Manufacturing Company (Pittsfield, Mass.)",,,[55969],No Copyright - United States,,13247,Box 5 Folder 6 Item 2
aece63a2-37af-4720-ada9-9d27009d5ea1,DigitalDocument,ZWU_SCA0319.B05.F06.01,"Annual Meeting of Stockholders of the Stanley Electric Mfg. Co., Held January 26, 1897",,,,,,14 pages,,1897-01-26,"Stanley Electric Manufacturing Company (Pittsfield, Mass.)",,,[55969],No Copyright - United States,,13247,Box 5 Folder 6 Item 1
6b0e931d-f3a7-4b00-92ee-c491b6b7ea54,DigitalDocument,ZWU_SCA0319.B05.F05.08,"Letter from William Stanley Jr. to Charles E. Yarkers, October 15, 1897",,,,,,3 pages,,1897-10-15,"Stanley, William, 1858-1916",,,[55969],No Copyright - United States,,13246,Box 5 Folder 5 Item 8
d68fc194-796d-4d58-be2c-465440a09fe0,DigitalDocument,ZWU_SCA0319.B05.F05.07,"Letter from William Stanley Jr. to Charles R. Huntley, August 25, 1897",,,,,,2 pages,,1897-08-25,"Stanley, William, 1858-1916",,,[55969],No Copyright - United States,,13246,Box 5 Folder 5 Item 7
e5c0505e-766b-4a0f-b2c0-ae41e5dcf8ea,DigitalDocument,ZWU_SCA0319.B05.F05.06,"Letter from William Stanley Jr. to Philip Gossler, August 27, 1897",,,,,,6 pages,,1897-08-27,"Stanley, William, 1858-1916",,,[55969],No Copyright - United States,,13246,Box 5 Folder 5 Item 6
b0336999-0a4f-4470-9798-a809c9d6dec1,DigitalDocument,ZWU_SCA0319.B05.F05.05,"Letter from William Stanley Jr. to Messrs. Mitchell, Bartlett & Brownell, September 7, 1897",,,,,,6 pages,,1897-09-07,"Stanley, William, 1858-1916",,,[55969],No Copyright - United States,,13246,Box 5 Folder 5 Item 5
345d7fe1-8c55-44c2-85ee-5cdc9754f8d7,DigitalDocument,ZWU_SCA0319.B05.F05.04,"Letter from William Stanley Jr. to F.A. GIlbert, September 4, 1897 ",,,,,,6 pages,,1897-09-04,"Stanley, William, 1858-1916",,,[55969],No Copyright - United States,,13246,Box 5 Folder 5 Item 4
d56eab8d-96b3-42d9-9fcb-2ef887acde6a,DigitalDocument,ZWU_SCA0319.B05.F05.03,"Letter from William Stanley Jr. to F.A. GIlbert, August 25, 1897",,,,,,4 pages,,1897-08-25,"Stanley, William, 1858-1916",,,[55969],No Copyright - United States,,13246,Box 5 Folder 5 Item 3
02719d9a-ef49-4fc5-b3cf-447db46d0787,DigitalDocument,ZWU_SCA0319.B05.F05.02,"Letter from William Stanley Jr. to William H. Browne, August 27, 1897",,,,,,4 pages,,1897-08-27,"Stanley, William, 1858-1916",,,[55969],No Copyright - United States,,13246,Box 5 Folder 5 Item 2
42d12959-f7d4-4c8f-a3ae-c1d09b6c6617,DigitalDocument,ZWU_SCA0319.B05.F05.01,"Letter from William Stanley Jr. to Charles R. Huntley, August 27,1897",,,,,,4 pages,,1897-08-27,"Stanley, William, 1858-1916",,,[55969],No Copyright - United States,,13246,Box 5 Folder 5 Item 1
755ead0e-f396-42ea-8a37-ff0c5d20ad8f,DigitalDocument,ZWU_SCA0319.B05.F04,"Power and Transmission: A Monthly Journal Devoted to Manufactureres, Invention, Engineering, and Electricity by the Power and Transmission Publishing Company, Vol. 10 No. 5 ",,,,,,24 pages,,3/9/1905,"Power and Transmission Publishing Company (Mishwaka, Ind.)",,"Power and Transmission Publishing Company (Mishwaka, Ind.)",[55969],No Copyright - United States,,13245,Box 5 Folder 4
f49fa80f-1d4c-4130-9212-c7821052bd04,DigitalDocument,ZWU_SCA0319.B05.F03,S.K.C. Speciality Company Stock Certificate,,,,,,1 page,,1895-04-02,"Stanley Electric Manufacturing Company (Pittsfield, Mass.)",,,[55969],No Copyright - United States,,15510,Box 5 Folder 3
f8e22999-4be8-424d-a439-da5dfe5439fd,DigitalDocument,ZWU_SCA0319.B05.F02.04,"The Electrical Engineer, Vol. XIX, No. 356",,,,,,8 pages,,1895-02-27,,,,[55969],No Copyright - United States,,13260,Box 5 Folder 2 Item 4
0042da62-43a3-4582-9ee1-d40a56010b2f,DigitalDocument,ZWU_SCA0319.B05.F02.03,"View of the Old Renne Avenue Shop of the Stanley Electric Company, 1894",,,,,,1 page,,3/8/1905,"Stanley Electric Manufacturing Company (Pittsfield, Mass.)",,,[55969],No Copyright - United States,,13260,Box 5 Folder 2 Item 3
0b631727-4eee-4659-9022-522b7066035d,DigitalDocument,ZWU_SCA0319.B05.F02.02,"Electrical Review Illustrated: A  Weekly Journal of Electric Light, Power, Telephone, Telegraph and Scientific Progress Vol. 21 No. 23",,,,,,4 pages,,1893-01-28,"Electrical Review Publishing Company (New York, NY)",,"Electrical Review Publishing Company (New York, NY)",[55969],No Copyright - United States,,13260,Box 5 Folder 2 Item 2
a8e3c1aa-85c7-4246-b839-7a3cd4ce81ae,DigitalDocument,ZWU_SCA0319.B05.F02.01,"Illustrated Electrical Review: A Journal of Scientific and Electrical Progress, Vol. 22 No. 10",,,,,,4 pages,,1893-04-29,"Electrical Review Publishing Company (New York, NY)",,"Electrical Review Publishing Company (New York, NY)",[55969],No Copyright - United States,,13260,Box 5 Folder 2 Item 1
33fc8d56-b78b-4cf4-911e-b0ee1f88936f,DigitalDocument,ZWU_SCA0319.B05.F01.06,"First S.K.C Generator made by Stanley Electric Mfg. Co., 1893, photograph ",,,,,,1 page,,3/7/1905,"Stanley Electric Manufacturing Company (Pittsfield, Mass.)",,,[55969],No Known Copyright,,13244,Box 5 Folder 1 Item 2
e62be24f-d1f4-459d-9397-f349addd23f6,DigitalDocument,ZWU_SCA0319.B05.F01.05,"Induction Generator, photograph ",,,,,,1 page,undated,,"Stanley Electric Manufacturing Company (Pittsfield, Mass.)",,,[55969],No Known Copyright,,13244,Box 5 Folder 1 Item 5
1e87a987-cd38-4c1f-bed3-064eecbbd54f,DigitalDocument,ZWU_SCA0319.B05.F01.04,"600-Kilowatt S.K.C Generator Armature Drawn Apart, negative",,,,,,1 page,undated,,"Stanley Electric Manufacturing Company (Pittsfield, Mass.)",,,[55969],No Known Copyright,,13244,Box 5 Folder 1 Item 4
46369a8f-ae2f-407a-aa16-3f20645ca8ed,DigitalDocument,ZWU_SCA0319.B05.F01.03,"First S.K.C. Generator, 1893, negative ",,,,,,1 page,,3/7/1905,"Stanley Electric Manufacturing Company (Pittsfield, Mass.)",,,[55969],No Known Copyright,,13244,Box 5 Folder 1 Item 3
e940cc5b-1f6c-4f98-a25c-65226ce22ee1,DigitalDocument,ZWU_SCA0319.B05.F01.02,"Induction Generator, negative ",,,,,,1 page,undated,,"Stanley Electric Manufacturing Company (Pittsfield, Mass.)",,,[55969],No Known Copyright,,13244,Box 5 Folder 1 Item 2
f02ea3db-10b5-4e41-9397-385cd99a2a4d,DigitalDocument,ZWU_SCA0319.B05.F01.01,"2000-Kilowatt Stanley-Induction-type Generators, negative",,,,,,1 page,undated,,"Stanley Electric Manufacturing Company (Pittsfield, Mass.)",,,[55969],No Known Copyright,,13244,Box 5 Folder 1 Item 1
30ddda08-bb56-4918-bede-740f7cb8ed58,DigitalDocument,,Great Barrington Letter Book,,,,Digital representation excludes 10 mid-content blank pages.,[],1451 pages,1886-1887,1887-01-01,"[""Stanley, William, 1858-1916""]",Creator,,55969,No Copyright - United States,,13214,"Box 1, Folder 8"
6bda6716-e810-4333-bf85-eb760090d263,DigitalDocument,,Union Switch and Signal Company Estimates Notebook,,,,Digital representation excludes 4 mid-content blank pages.,,62 pages,1885,1885-01-01,"Stanley, William, 1858-1916",Creator,,[55969],No Copyright - United States,,13212,"Box 1, Folder 6"
f30cda8b-49a0-45ec-bd8b-c5903121209e,DigitalDocument,,Sketches Notebook,,,,Digital representation excludes 118 blank end pages.,,78 pages,1883,1883-01-01,"Stanley, William, 1858-1916",Creator,,[55969],No Copyright - United States,,13208,"Box 1, Folder 2"
1c65f8a8-c6a9-47ef-8984-4cc2264e9dfa,DigitalDocument,,Sketches and Detailed Drawings Notebook,,,,Digital representation excludes 32 mid-content blank pages and 9 blank end pages.,,133 pages,1883-1887,1887-01-01,"Stanley, William, 1858-1916",Creator,,[55969],No Copyright - United States,,13210,"Box 1, Folder 4"
fd89eea2-1c1f-4cc2-91ca-9b6afe3c57d3,DigitalDocument,,Sketches and Chemical Notes,,,,Digital representation excludes 32 mid-content blank pages and 8 blank end pages.,,120 pages,1888,1888-01-01,"Stanley, William, 1858-1916",Creator,,[55969],No Copyright - United States,,13216,"Box 2, Folder 2"
920ebb6c-6527-4dbf-b6eb-04ae7450fa04,DigitalDocument,,"Great Barrington, Massachusetts Labratory Notebook with Colored Drawings ",,,,Digital representation excludes 38 mid-content blank pages and 256 blank end pages.,[],244 pages,1886-1889,1889-01-01,"[""Stanley, William, 1858-1916""]",Creator,,55969,No Copyright - United States,,13215,"Box 2, Folder 1"
23331f48-eff2-4d73-b786-23c72e981c95,DigitalDocument,,Great Barrington Notebook,,,,Digital representation excludes 169 mid-content blank pages.,,266 pages,1885,1885-01-01,"Stanley, William, 1858-1916",Creator,,[55969],No Copyright - United States,,13213,"Box 1, Folder 7"
cd1f99f2-ec4c-4efe-a1bf-b1a6ccbe5944,DigitalDocument,,Englewood Cliffs and Union Switch and Signal Company laboratory notebook,,,,Digital representation excludes 21 mid-content blank pages and 304 blank end pages.,,62 pages,1884-1885,1885-01-01,"Stanley, William, 1858-1916",Creator,,[55969],No Copyright - United States,,13211,"Box 1, Folder 5"
beea233b-5210-4bc5-8827-b13440318e0c,DigitalDocument,,Diary and Patent Data Notebook,,,,Digital representation excludes 27 mid-content blank pages and 125 blank end pages.,[],189 pages,1883-1884,1884-01-01,"[""Stanley, William, 1858-1916""]",Creator,,55969,No Copyright - United States,,13209,"Box 1, Folder 3"
a64431f4-3257-4614-bb52-d91dfdf9eb17,DigitalDocument,,Boston Highlands Laboratory Notebook,,,,Digital representation excludes 132 blank end pages.,,172 pages,1882-1884,1884-01-01,"Stanley, William, 1858-1916",Creator,,[55969],No Copyright - United States,,13207,"Box 1, Folder 1"
c5845c88-0131-4d38-b3c3-55055bebc99f,DigitalDocument,,The Improved Chadwick Crying Rook Letter Book,,,,Digital representation excludes 406 mid-content blank pages and 200 blank end pages.,[],918 pages,unknown,,"[""Stanley, William, 1858-1916""]",Creator,,55969,No Copyright - United States,,13218,"Box 2, Folder 4"
2294ae78-a656-47a4-ac2a-96153ac2c707,DigitalDocument,,Sketches and Patent Data Notebook,,,,Digital representation excludes 57 mid-content blank pages.,,194 pages,1895-1897,1897-01-01,"Stanley, William, 1858-1916",Creator,,[55969],No Copyright - United States,,13220,"Box 2, Folder 6"
bd967d80-be91-4548-bd4d-e771dd99bd9e,DigitalDocument,,Westinghouse Electric Company Laboratory Expenses Letter Book,,,,Digital representation excludes 4 mid-content blank pages and 493 blank end pages.,,26 pages,1890,1890-01-01,"Stanley, William, 1858-1916",Creator,,[55969],No Copyright - United States,,13217,"Box 2, Folder 3"
dab1329f-20a2-4faa-9408-f2411850e865,DigitalDocument,,U.S. Electric Light Company Laboratory and Sketch Notebook,,,,Digital representation excludes 4 mid-content blank pages and 156 blank end pages.,,158 pages,1889-1890,1890-01-01,"Stanley, William, 1858-1916",Creator,,[55969],No Copyright - United States,,13219,"Box 2, Folder 5"
8e424988-6a4f-4ce7-b70f-8349bf5b2a2c,DigitalDocument,,Linenum Letter Book,,,,Digital representation excludes 81 mid-content blank pages.,,164 pages,unknown,,"Stanley, William, 1858-1916",Creator,,[55969],No Copyright - United States,,13221,"Box 2, Folder 7"
85e6210b-c195-473f-a249-be436cf9db85,DigitalDocument,ZWU_SCA0319.B03.F01,"Association of Edison Illuminating Companies Proceedings, 1888, pages 56-66",,,Excerpts,"An excerpt from the Proceedings of the Association of Edison Illuminating Companies. Handwritten notes at the top of page 56 read, ""See p.21 of carbon for quotation of p. 64 herein.""",,11 pages,1888,1888-01-01,Association of Edison Illuminating Companies,,,[55969],No Copyright - United States,,13223,
0fdc3495-6f49-438d-9617-58f6b51e335b,DigitalDocument,ZWU_SCA0319.B03.F02.1891,"Transformers, Stanley Electric Man'f'g. Co. No. 1",,,Ephemera,,,24 pages,,1891-04-01,"Stanley Electric Manufacturing Company (Pittsfield, Mass.)",,Bartlett and Company,[55969],No Copyright - United States,,13222,
3735e1d5-bf27-4945-86fc-cd6db597cf84,DigitalDocument,ZWU_SCA0319.B03.F02.1893,"The Stanley Transformer, No. 4",,,Ephemera,,,42 pages,,1893-01-01,"Stanley Electric Manufacturing Company (Pittsfield, Mass.)",,Bartlett and Company,[55969],No Copyright - United States,,13222,
5676692c-3a1d-459c-9646-38931c6c3a8a,DigitalDocument,ZWU_SCA0319.B03.F03,"Report of a Test Made by Prof. Ryan of Cornell University, of a 17,500 Watt Stanley Transformer",,,Technical Reports,Contains text of the letter from Professor Harris Ryan dated 1892-09-09,,16 pages,,1892-11-01,"Stanley Electric Manufacturing Company (Pittsfield, Mass.)",,,[55969],No Copyright - United States,,13224,
eff52f9d-151b-4776-a8fe-3f39e5ff0df0,DigitalDocument,ZWU_SCA0319.B03.F04,"Apparatus for Transmission of Light and Power by Two Phase Alternating Currents, 1894",,,Technical Reports,"Apparatus for Transmission of Light and Power by Two Phase Alternating Currents as manufactured by Stanley Electric Manfg. Co, Pittsfield, Mass.",,65 pages,1894,1894-01-01,"Stanley Electric Manufacturing Company (Pittsfield, Mass.)",,Bartlett and Company,[55969],No Copyright - United States,,13225,
0e681cce-4102-415a-8047-713657d61809,DigitalDocument,ZWU_SCA0319.B03.F05,"Apparatus for Transmission of Light and Power by Two Phase Alternating Currents, 1895",,,Technical Reports,,,68 pages,1895,1895-01-01,"Stanley Electric Manufacturing Company (Pittsfield, Mass.)",,Bartlett and Company,[55969],No Copyright - United States,,13225,
42885af0-7fe0-4d28-95fb-db99f6dfd1aa,DigitalDocument,ZWU_SCA0319.B03.F06,"S.K.C. Catalog, February 1, 1896",,,Newsletters,,,51 pages,,1896-02-01,"Stanley Electric Manufacturing Company (Pittsfield, Mass.)",,"Stanley Electric Manufacturing Company (Pittsfield, Mass.)",[55969],No Copyright - United States,,13228,
3a1c99a4-1954-43bf-b570-01f472e3b09e,DigitalDocument,ZWU_SCA0319.B03.F07.Bull.100,"The S.K.C. System, Bulletin No. 100",,,Newsletters,,,8 pages,,1898-10-01,"Stanley Electric Manufacturing Company (Pittsfield, Mass.)",,"Bartlett and Company, The Orr Press",[55969],No Copyright - United States,,13233,
701fef9c-95e5-4b93-88ba-6cf8c293b99b,DigitalDocument,ZWU_SCA0319.B03.F07.Bull.101,"The S.K.C. System, Bulletin No. 101",,,Newsletters,,,8 pages,,1899-03-01,"Stanley Electric Manufacturing Company (Pittsfield, Mass.)",,"Bartlett and Company, The Orr Press",[55969],No Copyright - United States,,13233,
8e8687f9-12b3-413f-894f-603baca71460,DigitalDocument,ZWU_SCA0319.B03.F07.Bull.102,"The S.K.C. System, Bulletin No. 102",,,Newsletters,,,2 pages,,1899-04-01,"Stanley Electric Manufacturing Company (Pittsfield, Mass.)",,"Bartlett and Company, The Orr Press",[55969],No Copyright - United States,,13233,
5d51f54f-c672-44a0-a22f-ce3559247a04,DigitalDocument,ZWU_SCA0319.B03.F07.Bull.103,"The S.K.C. System, Bulletin No. 103",,,Newsletters,,,8 pages,,1899-04-01,"Stanley Electric Manufacturing Company (Pittsfield, Mass.)",,"Bartlett and Company, The Orr Press",[55969],No Copyright - United States,,13233,
443a478a-0a23-4628-a0ef-280f3f7d28d7,DigitalDocument,ZWU_SCA0319.B03.F07.Bull.104,"The S.K.C. System, Bulletin No. 104",,,Newsletters,,,8 pages,,1899-04-01,"Stanley Electric Manufacturing Company (Pittsfield, Mass.)",,"Bartlett and Company, The Orr Press",[55969],No Copyright - United States,,13233,
ea56c927-30e5-427a-9752-c1b73499e3f4,DigitalDocument,ZWU_SCA0319.B03.F07.Bull.105,"The S.K.C. System, Bulletin No. 105",,,Newsletters,,,8 pages,,1899-05-01,"Stanley Electric Manufacturing Company (Pittsfield, Mass.)",,"Bartlett and Company, The Orr Press",[55969],No Copyright - United States,,13233,
852aadd0-6a39-4221-bf56-7cf2b5ebbc09,DigitalDocument,ZWU_SCA0319.B03.F07.Bull.106,"The S.K.C. System, Bulletin No. 106",,,Newsletters,,,4 pages,,1899-06-01,"Stanley Electric Manufacturing Company (Pittsfield, Mass.)",,"Bartlett and Company, The Orr Press",[55969],No Copyright - United States,,13233,
3d7edee7-0d12-4ed9-a988-5c2f756e65d6,DigitalDocument,ZWU_SCA0319.B03.F07.Bull.107,"The S.K.C. System, Bulletin No. 107",,,Newsletters,,,12 pages,,1899-06-01,"Stanley Electric Manufacturing Company (Pittsfield, Mass.)",,"Bartlett and Company, The Orr Press",[55969],No Copyright - United States,,13233,
d8b0ddaa-e95c-4661-9f06-f46082d62337,DigitalDocument,ZWU_SCA0319.B03.F07.Bull.108,"The S.K.C. System, Bulletin No. 108",,,Newsletters,,,8 pages,,1899-06-01,"Stanley Electric Manufacturing Company (Pittsfield, Mass.)",,"Bartlett and Company, The Orr Press",[55969],No Copyright - United States,,13233,
f112247c-b643-4bd9-85d5-02c053782d7a,DigitalDocument,ZWU_SCA0319.B03.F07.Bull.109,"The S.K.C. System, Bulletin No. 109",,,Newsletters,,,8 Pages,,1899-07-01,"Stanley Electric Manufacturing Company (Pittsfield, Mass.)",,"Bartlett and Company, The Orr Press",[55969],No Copyright - United States,,13233,
4d7d6232-2d19-4e34-9b0c-40a60240f007,DigitalDocument,ZWU_SCA0319.B03.F07.Bull.110A,"The S.K.C. System, Bulletin No. 110-A",,,Newsletters,,,8 pages,,1/1/1901,"Stanley Electric Manufacturing Company (Pittsfield, Mass.)",,"Bartlett and Company, The Orr Press",[55969],No Copyright - United States,,13233,
a997ced0-98eb-4b0f-9cf0-6d456f9deb13,DigitalDocument,ZWU_SCA0319.B03.F07.Bull.112,"The S.K.C. System, Bulletin No. 112",,,Newsletters,,,10 pages,,7/15/1901,"Stanley Electric Manufacturing Company (Pittsfield, Mass.)",,"Bartlett and Company, The Orr Press",[55969],No Copyright - United States,,13233,
697e40ba-7ba2-4eab-bd70-7d2f46343631,DigitalDocument,ZWU_SCA0319.B03.F07.Bull.113,"The S.K.C. System, Bulletin No. 113",,,Newsletters,,,8 pages,,1/1/1901,"Stanley Electric Manufacturing Company (Pittsfield, Mass.)",,"Bartlett and Company, The Orr Press",[55969],No Copyright - United States,,13233,
382ba088-356a-4296-8965-fd729de719d0,DigitalDocument,ZWU_SCA0319.B03.F07.Bull.114,"The S.K.C. System, Bulletin No. 114",,,Newsletters,,,8 pages,,2/1/1901,"Stanley Electric Manufacturing Company (Pittsfield, Mass.)",,"Bartlett and Company, The Orr Press",[55969],No Copyright - United States,,13233,
b494bb91-937b-4dd3-aec7-409b67fc4c16,DigitalDocument,ZWU_SCA0319.B03.F07.Bull.115,"The S.K.C. System, Bulletin No. 115",,,Newsletters,,,4 pages,,3/1/1901,"Stanley Electric Manufacturing Company (Pittsfield, Mass.)",,"Bartlett and Company, The Orr Press",[55969],No Copyright - United States,,13233,
5622e3e6-2ec8-43b8-ac76-00f85c050353,DigitalDocument,ZWU_SCA0319.B03.F07.Bull.116,"The S.K.C. System, Bulletin No. 116",,,Newsletters,,,4 pages,,4/1/1901,"Stanley Electric Manufacturing Company (Pittsfield, Mass.)",,"Bartlett and Company, The Orr Press",[55969],No Copyright - United States,,13233,
30289515-4505-4e6b-b0a0-593c30f90b4b,DigitalDocument,ZWU_SCA0319.B03.F07.Bull.117,"The S.K.C. System, Bulletin No. 117",,,Newsletters,,,6 pages,,5/1/1901,"Stanley Electric Manufacturing Company (Pittsfield, Mass.)",,"Bartlett and Company, The Orr Press",[55969],No Copyright - United States,,13233,
9b4a4f52-3fd6-4a6b-831b-b56ff3dcc0b1,DigitalDocument,ZWU_SCA0319.B03.F07.Bull.119.02,"The S.K.C. System, Bulletin No. 119, Second Edition",,,Newsletters,,,8 pages,,1/1/1901,"Stanley Electric Manufacturing Company (Pittsfield, Mass.)",,"Bartlett and Company, The Orr Press",[55969],No Copyright - United States,,13233,
dda98baa-40e5-4615-a16f-341d68e2c94c,DigitalDocument,ZWU_SCA0319.B03.F07.Bull.119,"The S.K.C. System, Bulletin No. 119",,,Newsletters,,,8 pages,,1/1/1901,"Stanley Electric Manufacturing Company (Pittsfield, Mass.)",,"Bartlett and Company, The Orr Press",[55969],No Copyright - United States,,13233,
4f0031c3-411e-4b4c-a2a8-9b996225bb77,DigitalDocument,ZWU_SCA0319.B03.F07.Bull.120,"The S.K.C. System, Bulletin No. 120",,,Newsletters,,,2 pages,,1/1/1901,"Stanley Electric Manufacturing Company (Pittsfield, Mass.)",,"Bartlett and Company, The Orr Press",[55969],No Copyright - United States,,13233,
9f0d46b3-d959-4de4-9f60-50bbf433e815,DigitalDocument,ZWU_SCA0319.B03.F07.Bull.121,"The S.K.C. System, Bulletin No. 121",,,Newsletters,,,8 pages,,8/1/1901,"Stanley Electric Manufacturing Company (Pittsfield, Mass.)",,"Bartlett and Company, The Orr Press",[55969],No Copyright - United States,,13233,
eccedcdc-30ef-45fd-8e95-15bde9ff708c,DigitalDocument,ZWU_SCA0319.B03.F07.Bull.122,"The S.K.C. System, Bulletin No. 122",,,Newsletters,,,2 pages,,1/1/1901,"Stanley Electric Manufacturing Company (Pittsfield, Mass.)",,"Bartlett and Company, The Orr Press",[55969],No Copyright - United States,,13233,
a30eb714-2095-4f0b-b580-bb04320d4bb7,DigitalDocument,ZWU_SCA0319.B03.F07.Bull.123,"The S.K.C. System, Bulletin No. 123",,,Newsletters,,,14 pages,,1/1/1901,"Stanley Electric Manufacturing Company (Pittsfield, Mass.)",,"Bartlett and Company, The Orr Press",[55969],No Copyright - United States,,13233,
15c9cbeb-22d4-43d4-99cf-51c81ca660d7,DigitalDocument,ZWU_SCA0319.B03.F07.Bull.124,"The S.K.C. System, Bulletin No. 124",,,Newsletters,,,20 pages,,12/1/1901,"Stanley Electric Manufacturing Company (Pittsfield, Mass.)",,"Bartlett and Company, The Orr Press",[55969],No Copyright - United States,,13233,
17115904-2174-4512-a07f-70109fa5ced5,DigitalDocument,ZWU_SCA0319.B03.F07.Bull.127,"The S.K.C. System, Bulletin No. 127",,,Newsletters,,,32 pages,,7/1/1902,"Stanley Electric Manufacturing Company (Pittsfield, Mass.)",,"Bartlett and Company, The Orr Press",[55969],No Copyright - United States,,13233,
0f652eb8-7b52-4f5f-bf8d-5e0fec713ed6,DigitalDocument,ZWU_SCA0319.B03.F07.Bull.129,"The S.K.C. System, Bulletin No. 129",,,Newsletters,,,8 pages,,9/1/1902,"Stanley Electric Manufacturing Company (Pittsfield, Mass.)",,"Bartlett and Company, The Orr Press",[55969],No Copyright - United States,,13233,
6f396f68-7f1d-4923-b24e-7c827527f0c1,DigitalDocument,ZWU_SCA0319.B03.F07.Bull.130,"The S.K.C. System, Bulletin No. 130",,,Newsletters,,,8 pages,,10/1/1902,"Stanley Electric Manufacturing Company (Pittsfield, Mass.)",,"Bartlett and Company, The Orr Press",[55969],No Copyright - United States,,13233,
3fdc0f7d-2b71-4f2d-8466-84d62a805187,DigitalDocument,ZWU_SCA0319.B03.F07.Bull.131,"The S.K.C. System, Bulletin No. 131",,,Newsletters,,,16 pages,,10/8/1902,"Stanley Electric Manufacturing Company (Pittsfield, Mass.)",,"Bartlett and Company, The Orr Press",[55969],No Copyright - United States,,13233,
f722a0ed-e078-4613-8d7a-aee27f290ebc,DigitalDocument,ZWU_SCA0319.B03.F07.Bull.132,"The S.K.C. System, Bulletin No. 132",,,Newsletters,,,8 pages,,2/1/1903,"Stanley Electric Manufacturing Company (Pittsfield, Mass.)",,"Bartlett and Company, The Orr Press",[55969],No Copyright - United States,,13233,
a09829c1-602f-4781-88e6-1d40bb982f87,DigitalDocument,ZWU_SCA0319.B03.F07.Bull.133,"The S.K.C. System, Bulletin No. 133",,,Newsletters,,,4 pages,,5/1/1903,"Stanley Electric Manufacturing Company (Pittsfield, Mass.)",,"Bartlett and Company, The Orr Press",[55969],No Copyright - United States,,13233,
b504b82e-e982-4113-b6fe-4a3762c35e87,DigitalDocument,ZWU_SCA0319.B03.F07.Bull.134,"The S.K.C. System, Bulletin No. 134",,,Newsletters,,,8 pages,,5/1/1903,"Stanley Electric Manufacturing Company (Pittsfield, Mass.)",,"Bartlett and Company, The Orr Press",[55969],No Copyright - United States,,13233,
09503fbd-6b45-44c9-ae8e-7d6553cf4611,DigitalDocument,ZWU_SCA0319.B03.F07.Bull.135,"The S.K.C. System, Bulletin No. 135",,,Newsletters,,,24 pages,,6/1/1903,"Stanley Electric Manufacturing Company (Pittsfield, Mass.)",,"Bartlett and Company, The Orr Press",[55969],No Copyright - United States,,13233,
ffb66c71-db11-4a16-9b38-1c4332d9ffb0,DigitalDocument,ZWU_SCA0319.B03.F07.Bull.136,"The S.K.C. System, Bulletin No. 136",,,Newsletters,,,12 pages,,7/1/1903,"Stanley Electric Manufacturing Company (Pittsfield, Mass.)",,"Bartlett and Company, The Orr Press",[55969],No Copyright - United States,,13233,
c0233d74-a7da-4eaf-8aea-b250049bc3a1,DigitalDocument,ZWU_SCA0319.B03.F07.Bull.137,"The S.K.C. System, Bulletin No. 137",,,Newsletters,,,4 pages,,12/1/1903,"Stanley Electric Manufacturing Company (Pittsfield, Mass.)",,"Bartlett and Company, The Orr Press",[55969],No Copyright - United States,,13233,
c9995647-5a82-432d-b9b5-721afcca49f6,DigitalDocument,ZWU_SCA0319.B03.F07.Bull.138,"The S.K.C. System, Bulletin No. 138",,,Newsletters,,,8 pages,,2/1/1904,"Stanley Electric Manufacturing Company (Pittsfield, Mass.)",,"Bartlett and Company, The Orr Press",[55969],No Copyright - United States,,13233,
621a7c9c-33a1-4ed5-96c9-005cccd911f2,DigitalDocument,ZWU_SCA0319.B03.F07.Bull.139,"The S.K.C. System, Bulletin No. 139",,,Newsletters,,,6 pages,,4/1/1904,"Stanley Electric Manufacturing Company (Pittsfield, Mass.)",,"Bartlett and Company, The Orr Press",[55969],No Copyright - United States,,13233,
b6ceb362-886b-48f3-9863-fec50fe34778,DigitalDocument,ZWU_SCA0319.B03.F07.Bull.140,"The S.K.C. System, Bulletin No. 140",,,Newsletters,,,4 pages,,7/1/1904,"Stanley Electric Manufacturing Company (Pittsfield, Mass.)",,"Bartlett and Company, The Orr Press",[55969],No Copyright - United States,,13233,
5090841e-3499-4168-b21d-ea15e5b51759,DigitalDocument,ZWU_SCA0319.B03.F07.Bull.141,"The S.K.C. System, Bulletin No. 141",,,Newsletters,,,20 pages,,8/1/1904,"Stanley Electric Manufacturing Company (Pittsfield, Mass.)",,"Bartlett and Company, The Orr Press",[55969],No Copyright - United States,,13233,
1067b706-d3f3-42ff-839c-1cdb68641cd9,DigitalDocument,ZWU_SCA0319.B03.F07.Bull.142,"The S.K.C. System, Bulletin No. 142",,,Newsletters,,,12 pages,,10/1/1904,"Stanley Electric Manufacturing Company (Pittsfield, Mass.)",,"Bartlett and Company, The Orr Press",[55969],No Copyright - United States,,13233,
029c8640-9af1-4b5a-a014-c5689379e47a,DigitalDocument,ZWU_SCA0319.B03.F07.Bull.143,"The S.K.C. System, Bulletin No. 143",,,Newsletters,,,16 pages,,3/1/1905,"Stanley Electric Manufacturing Company (Pittsfield, Mass.)",,"Bartlett and Company, The Orr Press",[55969],No Copyright - United States,,13233,
71df83a4-18d8-4b82-b504-a47297758782,DigitalDocument,ZWU_SCA0319.B03.F07.Bull.145,"The S.K.C. System, Bulletin No. 145",,,Newsletters,,,16 pages,,5/1/1905,"Stanley Electric Manufacturing Company (Pittsfield, Mass.)",,"Bartlett and Company, The Orr Press",[55969],No Copyright - United States,,13233,
0b531514-a2cc-48e4-a9bf-8fef3d1fee56,DigitalDocument,ZWU_SCA0319.B03.F07.Bull.146,"The S.K.C. System, Bulletin No. 146",,,Newsletters,,,4 pages,,5/1/1905,"Stanley Electric Manufacturing Company (Pittsfield, Mass.)",,"Bartlett and Company, The Orr Press",[55969],No Copyright - United States,,13233,
482c9cee-96ec-4e35-941a-1d72496625ae,DigitalDocument,ZWU_SCA0319.B03.F07.Bull.147,"The S.K.C. System, Bulletin No. 147",,,Newsletters,,,16 pages,,12/1/1905,"Stanley Electric Manufacturing Company (Pittsfield, Mass.)",,"Bartlett and Company, The Orr Press",[55969],No Copyright - United States,,13233,
ac685f7d-d56d-49a7-803f-37c4243498b0,DigitalDocument,ZWU_SCA0319.B03.F07.Cir.125,"The S.K.C. System, Circular No. 125",,,Newsletters,,,2 pages,,12/1/1901,"Stanley Electric Manufacturing Company (Pittsfield, Mass.)",,"Bartlett and Company, The Orr Press",[55969],No Copyright - United States,,13233,
86f9e9ae-a8a0-4554-98bc-6adbc8c5702d,DigitalDocument,ZWU_SCA0319.B03.F07.Cir.126,"The S.K.C. System, Circular No. 126",,,Newsletters,,,6 pages,,2/1/1902,"Stanley Electric Manufacturing Company (Pittsfield, Mass.)",,"Bartlett and Company, The Orr Press",[55969],No Copyright - United States,,13233,
d0caab6e-00eb-4628-a9ef-880c1317a990,DigitalDocument,ZWU_SCA0319.B03.F07.Cir.AL,"The S.K.C. System, Arc Lamp Circular, April, 1903",,,Newsletters,,,12 pages,,4/1/1903,"Stanley Electric Manufacturing Company (Pittsfield, Mass.)",,"Bartlett and Company, The Orr Press",[55969],No Copyright - United States,,13233,
4beb4012-1a47-4e18-a2b0-30763d6e631a,DigitalDocument,ZWU_SCA0319.B03.F07.EngBull.01,"Stanley Electric Manufacturing Company, Engineering Bulletin, No. 1",,,Newsletters,,,8 pages,,4/1/1901,"Currie, W.",,"Stanley Electric Manufacturing Company (Pittsfield, Mass.)",[55969],No Copyright - United States,,13233,
21f129c2-afc1-4650-9af5-22db8e931bb3,DigitalDocument,ZWU_SCA0319.B03.F07.EngBull.02,"Stanley Electric Manufacturing Company, Engineering Bulletin, No. 2",,,Newsletters,,,1page,,4/15/1901,"Lloyd, W.J.",,"Stanley Electric Manufacturing Company (Pittsfield, Mass.)",[55969],No Copyright - United States,,13233,
965cfd57-1b5d-4e06-8bb0-ed6e92a5d8e0,DigitalDocument,ZWU_SCA0319.B03.F07.EngBull.03,"Stanley Electric Manufacturing Company, Engineering Bulletin, No. 3",,,Newsletters,,,10 pages,,8/1/1901,"Currie, W.",,"Stanley Electric Manufacturing Company (Pittsfield, Mass.)",[55969],No Copyright - United States,,13233,
5a540a7d-a145-43a8-8b4c-9cf48558b412,DigitalDocument,ZWU_SCA0319.B03.F07.EngBull.04,"Stanley Electric Manufacturing Company, Engineering Bulletin, No. 4",,,Newsletters,,,6 pages,,5/1/1902,"Dodd, S.T.",,"Stanley Electric Manufacturing Company (Pittsfield, Mass.)",[55969],No Copyright - United States,,13233,
f6920815-c1c6-4e72-aeaa-b0e2b1cbee90,DigitalDocument,ZWU_SCA0319.B03.F07.EngBull.05,"Stanley Electric Manufacturing Company, Engineering Bulletin, No. 5",,,Newsletters,,,20 pages,,5/15/1902,"Dodd, S.T.",,"Stanley Electric Manufacturing Company (Pittsfield, Mass.)",[55969],No Copyright - United States,,13233,
18840bd2-5cb0-4c62-bd89-0ed1a66ccb51,DigitalDocument,ZWU_SCA0319.B03.F07.EngBull.06,"Stanley Electric Manufacturing Company, Engineering Bulletin, No. 6",,,Newsletters,,,8 pages,,6/15/1902,,,"Stanley Electric Manufacturing Company (Pittsfield, Mass.)",[55969],No Copyright - United States,,13233,
44f673b6-9d89-446d-b90f-555e64186374,DigitalDocument,ZWU_SCA0319.B03.F07.EngBull.07,"Stanley Electric Manufacturing Company, Engineering Bulletin, No. 7",,,Newsletters,,,14 pages,,9/1/1902,"Currie, W.",,"Stanley Electric Manufacturing Company (Pittsfield, Mass.)",[55969],No Copyright - United States,,13233,
e77e2d2a-96cd-434d-a00c-367505df3d82,DigitalDocument,ZWU_SCA0319.B03.F07.EngBull.08,"Stanley Electric Manufacturing Company, Engineering Bulletin, No. 8",,,Newsletters,,,8 pagees,,9/1/1902,"Adams, C.F.",,"Stanley Electric Manufacturing Company (Pittsfield, Mass.)",[55969],No Copyright - United States,,13233,
f4ab79b3-7075-4be0-93cc-0a0a7d97af9e,DigitalDocument,ZWU_SCA0319.B03.F07.EngBull.09,"Stanley Electric Manufacturing Company, Engineering Bulletin, No. 9",,,Newsletters,,,8 pages,,9/15/1902,"Rushmore, David B.",,"Stanley Electric Manufacturing Company (Pittsfield, Mass.)",[55969],No Copyright - United States,,13233,
a2512960-fa3b-4e29-b72d-debfbea39e4d,DigitalDocument,ZWU_SCA0319.B03.F07.EngBull.10,"Stanley Electric Manufacturing Company, Engineering Bulletin, No. 10",,,Newsletters,,,8 pages,,12/1/1902,"Jackson, William B.",,"Stanley Electric Manufacturing Company (Pittsfield, Mass.)",[55969],No Copyright - United States,,13233,
600e06f3-4219-41ba-8914-0e61c57d4084,DigitalDocument,ZWU_SCA0319.B03.F07.EngBull.11,"Stanley Electric Manufacturing Company, Engineering Bulletin, No. 11",,,Newsletters,,,8 pages,,2/10/1903,"Rushmore, David B.",,"Stanley Electric Manufacturing Company (Pittsfield, Mass.)",[55969],No Copyright - United States,,13233,
00f73ecf-6636-4264-9267-99e30bb14e43,DigitalDocument,ZWU_SCA0319.B03.F07.EngBull.12,"Stanley Electric Manufacturing Company, Engineering Bulletin, No. 12",,,Newsletters,,,8 pages,,8/1/1903,"Stanley Electric Manufacturing Company (Pittsfield, Mass.)",,"Stanley Electric Manufacturing Company (Pittsfield, Mass.)",[55969],No Copyright - United States,,13233,
2b650b62-cd40-4a8b-92af-8619c16509f5,DigitalDocument,ZWU_SCA0319.B03.F07.EngBull.13,"Stanley Electric Manufacturing Company, Engineering Bulletin, No. 13",,,Newsletters,,,4 pages,,2/23/1904,"Barnes, H.H. Jr.",,"Stanley Electric Manufacturing Company (Pittsfield, Mass.)",[55969],No Copyright - United States,,13233,
c455cbe0-ce3e-44d9-b44a-1e816a6ce6b8,DigitalDocument,ZWU_SCA0319.B03.F08.BlackBull.23,"Stanley Electric Manufacturing Company, Black Book Bulletin, No. 23, Includes Index, Photocopy",,,Newsletters,,,5 pages,,11/1/1901,Stanley-G.I. Electric Manufacturing Company,,"Stanley Electric Manufacturing Company (Pittsfield, Mass.)",[55969],No Copyright - United States,,13233,
ed7a7964-d704-409b-8828-31f41d55dd6e,DigitalDocument,ZWU_SCA0319.B03.F08.Bull.025,"Stanley-G.I. Electric Manufacturing Co., Bulletin No. 25, May 1905",,,Newsletters,,,2 pages,,5/1/1905,Stanley-G.I. Electric Manufacturing Company,,"Stanley Electric Manufacturing Company (Pittsfield, Mass.)",[55969],No Copyright - United States,,13233,
45bc7b6e-953d-4a72-b27a-58ab395dde9f,DigitalDocument,ZWU_SCA0319.B03.F08.Bull.030,"Stanley-G.I. Electric Manufacturing Co., Bulletin No. 30, June 1905",,,Newsletters,,,16 pages,,6/1/1905,Stanley-G.I. Electric Manufacturing Company,,"Stanley Electric Manufacturing Company (Pittsfield, Mass.)",[55969],No Copyright - United States,,13233,
65b2ee71-afd2-4308-935c-21904437c0b7,DigitalDocument,ZWU_SCA0319.B03.F08.Bull.031,"Stanley-G.I. Electric Manufacturing Co., Bulletin No. 31, September 1905",,,Newsletters,,,20 pages,,9/1/1905,Stanley-G.I. Electric Manufacturing Company,,"Stanley Electric Manufacturing Company (Pittsfield, Mass.)",[55969],No Copyright - United States,,13233,
63de79ea-1906-4db8-a3ab-23842136ce65,DigitalDocument,ZWU_SCA0319.B03.F08.Bull.037,"Stanley-G.I. Electric Manufacturing Co., Bulletin No. 37, October 1905",,,Newsletters,,,12 pages,,10/1/1905,Stanley-G.I. Electric Manufacturing Company,,"Stanley Electric Manufacturing Company (Pittsfield, Mass.)",[55969],No Copyright - United States,,13233,
29eafb45-41df-4a18-913a-4815d3b1963a,DigitalDocument,ZWU_SCA0319.B03.F08.Bull.042,"Stanley-G.I. Electric Manufacturing Co., Bulletin No. 42, October 1905",,,Newsletters,,,16 pages,,10/1/1905,Stanley-G.I. Electric Manufacturing Company,,"Stanley Electric Manufacturing Company (Pittsfield, Mass.)",[55969],No Copyright - United States,,13233,
70a94297-0937-4a85-9881-2ec9264a4b60,DigitalDocument,ZWU_SCA0319.B03.F08.Bull.087,"Stanley-G.I. Electric Manufacturing Co., Bulletin No. 87, June 1905",,,Newsletters,,,2 pages,,6/1/1905,Stanley-G.I. Electric Manufacturing Company,,"Stanley Electric Manufacturing Company (Pittsfield, Mass.)",[55969],No Copyright - United States,,13233,
37728733-b193-4036-af42-f9212de0e416,DigitalDocument,ZWU_SCA0319.B03.F08.Bull.088,"Stanley-G.I. Electric Manufacturing Co., Bulletin No. 88, July 1905",,,Newsletters,,,20 pages,,7/1/1905,Stanley-G.I. Electric Manufacturing Company,,"Stanley Electric Manufacturing Company (Pittsfield, Mass.)",[55969],No Copyright - United States,,13233,
48579a0d-b2a3-481e-b69a-2f5d7e9881c8,DigitalDocument,ZWU_SCA0319.B03.F08.Bull.145,"Stanley-G.I. Electric Manufacturing Co., Bulletin No. 145, June 1905",,,Newsletters,,,24 pages,,6/1/1905,Stanley-G.I. Electric Manufacturing Company,,"Stanley Electric Manufacturing Company (Pittsfield, Mass.)",[55969],No Copyright - United States,,13233,
6dcd36e8-13be-4593-bbf1-5c9e2998127f,DigitalDocument,ZWU_SCA0319.B03.F08.Bull.148,"The S.K.C. System, Bulletin No. 148",,,Newsletters,,,20 pages,,5/1/1906,Stanley-G.I. Electric Manufacturing Company,,"Stanley Electric Manufacturing Company (Pittsfield, Mass.)",[55969],No Copyright - United States,,13233,
0f66725b-1cd2-462b-8197-43d82f9a9944,DigitalDocument,ZWU_SCA0319.B03.F08.Bull.149,"The S.K.C. System, Bulletin No. 149",,,Newsletters,,,8 pages,,6/1/1906,Stanley-G.I. Electric Manufacturing Company,,"Stanley Electric Manufacturing Company (Pittsfield, Mass.)",[55969],No Copyright - United States,,13233,
b8394457-9a73-4947-9ac6-fe2c6a3487fd,DigitalDocument,ZWU_SCA0319.B03.F08.Bull.249,"Stanley-G.I. Electric Manufacturing Co., Bulletin No. 249, June 1905",,,Newsletters,,,20 pages,,6/1/1905,Stanley-G.I. Electric Manufacturing Company,,"Stanley Electric Manufacturing Company (Pittsfield, Mass.)",[55969],No Copyright - United States,,13233,
385dedc0-40b5-4bd4-8d4b-7340b7e4d6c7,DigitalDocument,ZWU_SCA0319.B03.F08.Bull.259,"Stanley-G.I. Electric Manufacturing Co., Bulletin No. 259, September 1905",,,Newsletters,,,2 Pages,,5/1/1905,Stanley-G.I. Electric Manufacturing Company,,"Stanley Electric Manufacturing Company (Pittsfield, Mass.)",[55969],No Copyright - United States,,13233,
37e77672-dad1-4035-b8a2-42dfd1919fe9,DigitalDocument,ZWU_SCA0319.B03.F08.Bull.265,"Stanley-G.I. Electric Manufacturing Co., Bulletin No. 265, January 1906",,,Newsletters,,,2 pages,,1/1/1906,Stanley-G.I. Electric Manufacturing Company,,"Stanley Electric Manufacturing Company (Pittsfield, Mass.)",[55969],No Copyright - United States,,13233,
0a117921-276e-4f23-b697-c85fe9cc7ac3,DigitalDocument,ZWU_SCA0319.B03.F08.Bull.287,"Stanley-G.I. Electric Manufacturing Co., Bulletin No. (2)87, June 1905",,,Newsletters,,,2 pages,,6/1/1905,Stanley-G.I. Electric Manufacturing Company,,"Stanley Electric Manufacturing Company (Pittsfield, Mass.)",[55969],No Copyright - United States,,13233,
b22b9b62-1eff-4285-9cb2-be0d477d9888,DigitalDocument,ZWU_SCA0319.B03.F08.Bull.361,"Stanley-G.I. Electric Manufacturing Co., Bulletin No. 361, Ceiling Fans",,,Newsletters,,,2 pages,,1/1/1905,Stanley-G.I. Electric Manufacturing Company,,"Stanley Electric Manufacturing Company (Pittsfield, Mass.)",[55969],No Copyright - United States,,13233,
cb51b482-90c4-4c13-8c10-969d890f5dc8,DigitalDocument,ZWU_SCA0319.B03.F08.Bull.413,"Stanley-G.I. Electric Manufacturing Co., Bulletin No. 413, May 1905",,,Newsletters,,,8 pages,,5/1/1905,Stanley-G.I. Electric Manufacturing Company,,"Stanley Electric Manufacturing Company (Pittsfield, Mass.)",[55969],No Copyright - United States,,13233,
29071d9b-8375-40fc-8f94-060ba808c0fe,DigitalDocument,ZWU_SCA0319.B03.F08.Bull.601,"Stanley-G.I. Electric Manufacturing Co., Bulletin No. 601, February 1906",,,Newsletters,,,33 pages,,2/1/1906,Stanley-G.I. Electric Manufacturing Company,,"Stanley Electric Manufacturing Company (Pittsfield, Mass.)",[55969],No Copyright - United States,,13233,
40b69df6-0475-4c4d-bc7d-f7f0ecb734b9,DigitalDocument,ZWU_SCA0319.B03.F08.Bull.602,"Stanley-G.I. Electric Manufacturing Co., Bulletin No. 602, February 1906",,,Newsletters,,,2 pages,,2/1/1906,Stanley-G.I. Electric Manufacturing Company,,"Stanley Electric Manufacturing Company (Pittsfield, Mass.)",[55969],No Copyright - United States,,13233,
816aad95-ee31-400b-9b62-96ca7537826e,DigitalDocument,ZWU_SCA0319.B03.F08.Bull.603,"Stanley-G.I. Electric Manufacturing Co., Bulletin No. 603, March 1906",,,Newsletters,,,20 pages,,3/1/1906,Stanley-G.I. Electric Manufacturing Company,,"Stanley Electric Manufacturing Company (Pittsfield, Mass.)",[55969],No Copyright - United States,,13233,
2d0b29ad-6ff2-4c56-90b2-ec343d1ea433,DigitalDocument,ZWU_SCA0319.B03.F08.Bull.604,"Stanley-G.I. Electric Manufacturing Co., Bulletin No. 604, May 1906",,,Newsletters,,,16 pages,,5/1/1906,Stanley-G.I. Electric Manufacturing Company,,"Stanley Electric Manufacturing Company (Pittsfield, Mass.)",[55969],No Copyright - United States,,13233,
9b005c03-a878-4b9a-b4a2-16ec3d0491ec,DigitalDocument,ZWU_SCA0319.B03.F08.Bull.605,"Stanley-G.I. Electric Manufacturing Co., Bulletin No. 605, February 1906",,,Newsletters,,,4 pages,,2/1/1906,Stanley-G.I. Electric Manufacturing Company,,"Stanley Electric Manufacturing Company (Pittsfield, Mass.)",[55969],No Copyright - United States,,13233,
d4533c14-f254-4fcc-a852-60a70a9492c9,DigitalDocument,ZWU_SCA0319.B03.F08.Bull.606,"Stanley-G.I. Electric Manufacturing Co., Bulletin No. 606, March 1906",,,Newsletters,,,12 pages,,3/1/1906,Stanley-G.I. Electric Manufacturing Company,,"Stanley Electric Manufacturing Company (Pittsfield, Mass.)",[55969],No Copyright - United States,,13233,
ed8ce7b5-a3b2-4913-80d8-214dec56159a,DigitalDocument,ZWU_SCA0319.B03.F08.Bull.607,"Stanley-G.I. Electric Manufacturing Co., Bulletin No. 607, May 1906",,,Newsletters,,,4 pages,,5/1/1906,Stanley-G.I. Electric Manufacturing Company,,"Stanley Electric Manufacturing Company (Pittsfield, Mass.)",[55969],No Copyright - United States,,13233,
6bc5ed4c-4172-4800-81d8-bd5c679a7a2d,DigitalDocument,ZWU_SCA0319.B03.F08.Bull.608,"Stanley-G.I. Electric Manufacturing Co., Bulletin No. 608, June 1906",,,Newsletters,,,2 pages,,6/1/1906,Stanley-G.I. Electric Manufacturing Company,,"Stanley Electric Manufacturing Company (Pittsfield, Mass.)",[55969],No Copyright - United States,,13233,
80c4cb10-4f80-445c-98e0-fb5215516727,DigitalDocument,ZWU_SCA0319.B03.F08.Bull.609,"Stanley-G.I. Electric Manufacturing Co., Bulletin No. 609, July 1906",,,Newsletters,,,8 pages,,7/1/1906,Stanley-G.I. Electric Manufacturing Company,,"Stanley Electric Manufacturing Company (Pittsfield, Mass.)",[55969],No Copyright - United States,,13233,
5e5268e1-d2a5-4e6e-afd1-784581695e1e,DigitalDocument,ZWU_SCA0319.B03.F08.Bull.611,"Stanley-G.I. Electric Manufacturing Co., Bulletin No. 611, July 1906",,,Newsletters,,,2 pages,,7/1/1906,Stanley-G.I. Electric Manufacturing Company,,"Stanley Electric Manufacturing Company (Pittsfield, Mass.)",[55969],No Copyright - United States,,13233,
d5dd3ccf-57b6-433f-a116-e9c80654dc6e,DigitalDocument,ZWU_SCA0319.B03.F08.Bull.612,"Stanley-G.I. Electric Manufacturing Co., Bulletin No. 612, May 1906",,,Newsletters,,,4 pages,,5/1/1906,Stanley-G.I. Electric Manufacturing Company,,"Stanley Electric Manufacturing Company (Pittsfield, Mass.)",[55969],No Copyright - United States,,13233,
0f17accf-114b-499d-9ca8-3c6625cc5d97,DigitalDocument,ZWU_SCA0319.B03.F08.Bull.613,"Stanley-G.I. Electric Manufacturing Co., Bulletin No. 613, June 1906",,,Newsletters,,,16 pages,,6/1/1906,Stanley-G.I. Electric Manufacturing Company,,"Stanley Electric Manufacturing Company (Pittsfield, Mass.)",[55969],No Copyright - United States,,13233,
0f6f24e8-b48b-49f6-877f-c80ad2c69db3,DigitalDocument,ZWU_SCA0319.B03.F08.Bull.614,"Stanley-G.I. Electric Manufacturing Co., Bulletin No. 614, May 1906",,,Newsletters,,,4 pages,,5/1/1906,Stanley-G.I. Electric Manufacturing Company,,"Stanley Electric Manufacturing Company (Pittsfield, Mass.)",[55969],No Copyright - United States,,13233,
98faf7f9-62e0-48cb-aa16-7e17ce814f8f,DigitalDocument,ZWU_SCA0319.B03.F08.Bull.615,"Stanley-G.I. Electric Manufacturing Co., Bulletin No. 615, September 1906",,,Newsletters,,,4 pages,,9/1/1906,Stanley-G.I. Electric Manufacturing Company,,"Stanley Electric Manufacturing Company (Pittsfield, Mass.)",[55969],No Copyright - United States,,13233,
73fe1f9d-79bd-47f8-9bca-4c4cf24fd6f6,DigitalDocument,ZWU_SCA0319.B03.F08.Bull.618,"Stanley-G.I. Electric Manufacturing Co., Bulletin No. 618, July 1906",,,Newsletters,,,12 pages,,7/1/1906,Stanley-G.I. Electric Manufacturing Company,,"Stanley Electric Manufacturing Company (Pittsfield, Mass.)",[55969],No Copyright - United States,,13233,
471ec3f1-c919-4390-94fa-0cd6a5105a85,DigitalDocument,ZWU_SCA0319.B03.F08.Bull.Index101.147,"Index to S.K.C. Bulletins 101-147, typed photocopy",,,Indexes,,,2 pages,Unknown,,Stanley-G.I. Electric Manufacturing Company,,"Stanley Electric Manufacturing Company (Pittsfield, Mass.)",[55969],Copyright Undetermined,,13233,
f2edd5be-3fc6-4461-9c5d-10a2698d75ed,DigitalDocument,ZWU_SCA0319.B03.F09.C01,"A Synopsis of the SKC System, 1901",,,Technical Reports,,,20 pages,1901,1/1/1901,Stanley-G.I. Electric Manufacturing Company,,"Stanley Electric Manufacturing Company (Pittsfield, Mass.)",[55969],No Copyright - United States,,13229,
be73949b-28c9-4399-917f-1b3282175fc3,DigitalDocument,ZWU_SCA0319.B03.F10.C01,"Synopsis of the SKC System, 1904",,,Technical Reports,,,52 pages,1904,1/1/1904,"Stanley Electric Manufacturing Company (Pittsfield, Mass.)",,"Stanley Electric Manufacturing Company (Pittsfield, Mass.)",[55969],No Copyright - United States,,13230,
ba34b070-a91f-4424-804e-e1d439b5c8eb,DigitalDocument,ZWU_SCA0319.B03.F11.C01,"Synopsis of the SKC System and G.I. Apparatus, Circular No. 770, 1905",,,Technical Reports,,,33 Pages,1905,1/1/1905,"Stanley Electric Manufacturing Company (Pittsfield, Mass.)",,"Stanley Electric Manufacturing Company (Pittsfield, Mass.)",[55969],No Copyright - United States,,13231,
462b04d2-c7ae-4dee-a7a6-6d7bfc13ddd7,DigitalDocument,ZWU_SCA0319.B04.F01,"Stanley Electric Manufacturing Company, Shipping Order Book, June 3, 1895 to July 31, 1895",,,Bills of sale,,,,1895-06-03 to 1895-07-31,1895-06-03,"Stanley Electric Manufacturing Company (Pittsfield, Mass.)",,,[55969],No Copyright - United States,,13243,
1c9e9714-b7d6-4044-ba65-523ff823e69b,DigitalDocument,ZWU_SCA0319.B04.F02,"John F. Kelly, Stanley Electric Manufacturing Generator Booklet, Inludes Negatives, 1896",,,Technical Reports;Negatives (Photographs),,,"78 Pages, 6 unscanned blank end pages",1896,1896-02-01,"Stanley Electric Manufacturing Company (Pittsfield, Mass.)",,,[55969],No Copyright - United States,,13402,