ismemberof,aspace_id,type,label,titleproper,description,creator,creator_role,subject,personal_subject,date_created_free,date_created,extent,genre,rights_statement,physical location,identifier,date_digital,file name
Shui Kong Yuen Photographs,34895,Image ,"Buildings and scenes, image BS 42","Buildings and scenes, image BS 42","Black and white photograph. Handwritten on verso, ""IDOL Summer 1942"" This IDOL in this image appears to be the Chinese Lion, painted every year in celebration. Location where on campus this was taken is unknown.","Yuen, Shui Kong, 1917-1992",Photographer,"Union College (Schenectady, N.Y.) http://id.worldcat.org/fast/563176",,June 1942-August 1942,,"2 pages, 1 photograph : b&w ; 8 x 9.75 in. (20.32 x 24.77 cm)",Documentary photographs,In Copyright,"Box 1, Folder 1, Item BS 42",ZWU_SCA0228_B01_F01_BS042,2025-09-08,ZWU_SCA0228_B01_F01_BS042_001.jpg;ZWU_SCA0228_B01_F01_BS042_002.jpg
,34895,Image ,"Buildings and scenes, image BS 44","Buildings and scenes, image BS 44","Black and white photograph. Handwritten on verso, ""Jackson's Garden Spring 1940"" ","Yuen, Shui Kong, 1917-1992",Photographer,"Union College (Schenectady, N.Y.) http://id.worldcat.org/fast/563176",,March 1940-May 1940,,"2 pages, 1 photograph : b&w ; 8 x 9.75 in. (20.32 x 24.77 cm)",Documentary photographs,In Copyright,"Box 1, Folder 1, Item BS 44",ZWU_SCA0228_B01_F01_BS044,2025-09-08,ZWU_SCA0228_B01_F01_BS044_001.jpg;ZWU_SCA0228_B01_F01_BS044_002.jpg
,34895,Image ,"Buildings and scenes, image BS 45","Buildings and scenes, image BS 45","Black and white photograph. Handwritten on verso, ""Jackson's Garden (Reflectim) December, 1940"" ","Yuen, Shui Kong, 1917-1992",Photographer,"Union College (Schenectady, N.Y.) http://id.worldcat.org/fast/563176",,,1940-12-01,"2 pages, 1 photograph : b&w ; 8 x 9.75 in. (20.32 x 24.77 cm)",Documentary photographs,In Copyright,"Box 1, Folder 1, Item BS 45",ZWU_SCA0228_B01_F01_BS045,2025-09-08,ZWU_SCA0228_B01_F01_BS045_001.jpg;ZWU_SCA0228_B01_F01_BS045_002.jpg
,34895,Image ,"Buildings and scenes, image BS 46","Buildings and scenes, image BS 46","Black and white photograph. Handwritten on verso, ""Jackson's Garden December 1940"" ","Yuen, Shui Kong, 1917-1992",Photographer,"Union College (Schenectady, N.Y.) http://id.worldcat.org/fast/563176",,,1940-12-01,"2 pages, 1 photograph : b&w ; 8 x 9.75 in. (20.32 x 24.77 cm)",Documentary photographs,In Copyright,"Box 1, Folder 1, Item BS 46",ZWU_SCA0228_B01_F01_BS046,2025-09-08,ZWU_SCA0228_B01_F01_BS046_001.jpg;ZWU_SCA0228_B01_F01_BS046_002.jpg
,34895,Image ,"Buildings and scenes, image BS 47","Buildings and scenes, image BS 47","Black and white photograph. Handwritten on verso, ""Jackson's Garden Spring 1941"" ","Yuen, Shui Kong, 1917-1992",Photographer,"Union College (Schenectady, N.Y.) http://id.worldcat.org/fast/563176",,March 1941-May 1941,,"2 pages, 1 photograph : b&w ; 8 x 9.75 in. (20.32 x 24.77 cm)",Documentary photographs,In Copyright,"Box 1, Folder 1, Item BS 47",ZWU_SCA0228_B01_F01_BS047,2025-09-08,ZWU_SCA0228_B01_F01_BS047_001.jpg;ZWU_SCA0228_B01_F01_BS047_002.jpg
,34895,Image ,"Buildings and scenes, image BS 48","Buildings and scenes, image BS 48","Black and white photograph. Handwritten on verso, ""Brook + Bridge Jackson's Garden Spring 1941"" The brook and bridge are located on the Eastern edge of Jackson's Garden.","Yuen, Shui Kong, 1917-1992",Photographer,"Union College (Schenectady, N.Y.) http://id.worldcat.org/fast/563176",,March 1941-May 1941,,"2 pages, 1 photograph : b&w ; 8 x 9.75 in. (20.32 x 24.77 cm)",Documentary photographs,In Copyright,"Box 1, Folder 1, Item BS 48",ZWU_SCA0228_B01_F01_BS048,2025-09-08,ZWU_SCA0228_B01_F01_BS048_001.jpg;ZWU_SCA0228_B01_F01_BS048_002.jpg
,34895,Image ,"Buildings and scenes, image BS 49","Buildings and scenes, image BS 49","Black and white photograph. Handwritten on verso, ""Jackson's Garden at night June 1941 Alumni Weekend"" ","Yuen, Shui Kong, 1917-1992",Photographer,"Union College (Schenectady, N.Y.) http://id.worldcat.org/fast/563176",,,1941-06-01,"2 pages, 1 photograph : b&w ; 8 x 9.75 in. (20.32 x 24.77 cm)",Documentary photographs,In Copyright,"Box 1, Folder 1, Item BS 49",ZWU_SCA0228_B01_F01_BS049,2025-09-08,ZWU_SCA0228_B01_F01_BS049_001.jpg;ZWU_SCA0228_B01_F01_BS049_002.jpg
,34895,Image ,"Buildings and scenes, image BS 50","Buildings and scenes, image BS 50","Black and white photograph. Handwritten on verso, ""Jackson's Garden at night June 1941 Alumni Weekend"" ","Yuen, Shui Kong, 1917-1992",Photographer,"Union College (Schenectady, N.Y.) http://id.worldcat.org/fast/563176",,,1941-06-01,"2 pages, 1 photograph : b&w ; 8 x 9.75 in. (20.32 x 24.77 cm)",Documentary photographs,In Copyright,"Box 1, Folder 1, Item BS 50",ZWU_SCA0228_B01_F01_BS050,2025-09-08,ZWU_SCA0228_B01_F01_BS050_001.jpg;ZWU_SCA0228_B01_F01_BS050_002.jpg
,34895,Image ,"Buildings and scenes, image BS 51","Buildings and scenes, image BS 51","Black and white photograph. Handwritten on verso, ""Jackson's Garden October 1941"" ","Yuen, Shui Kong, 1917-1992",Photographer,"Union College (Schenectady, N.Y.) http://id.worldcat.org/fast/563176",,,1941-10-01,"2 pages, 1 photograph : b&w ; 8 x 9.75 in. (20.32 x 24.77 cm)",Documentary photographs,In Copyright,"Box 1, Folder 1, Item BS 51",ZWU_SCA0228_B01_F01_BS051,2025-09-08,ZWU_SCA0228_B01_F01_BS051_001.jpg;ZWU_SCA0228_B01_F01_BS051_002.jpg
,34895,Image ,"Buildings and scenes, image BS 52","Buildings and scenes, image BS 52","Black and white photograph. Handwritten on verso, ""Jackson's Garden Summer 1942"" ","Yuen, Shui Kong, 1917-1992",Photographer,"Union College (Schenectady, N.Y.) http://id.worldcat.org/fast/563176",,June 1942-August 1942,,"2 pages, 1 photograph : b&w ; 8 x 9.75 in. (20.32 x 24.77 cm)",Documentary photographs,In Copyright,"Box 1, Folder 1, Item BS 52",ZWU_SCA0228_B01_F01_BS052,2025-09-08,ZWU_SCA0228_B01_F01_BS052_001.jpg;ZWU_SCA0228_B01_F01_BS052_002.jpg
,34895,Image ,"Buildings and scenes, image BS 53","Buildings and scenes, image BS 53","Black and white photograph. Handwritten on verso, ""The K.A. Gate - Jackson's Garden + Nott Memorial Library. February 28, 1946"" The K.A. Gate is the Kappa Alpha Gate located on the western edge of Jackson's Garden between the garden and the campus proper.","Yuen, Shui Kong, 1917-1992",Photographer,"Union College (Schenectady, N.Y.) http://id.worldcat.org/fast/563176",,,1946-02-28,"2 pages, 1 photograph : b&w ; 8 x 9.75 in. (20.32 x 24.77 cm)",Documentary photographs,In Copyright,"Box 1, Folder 1, Item BS 53",ZWU_SCA0228_B01_F01_BS053,2025-09-08,ZWU_SCA0228_B01_F01_BS053_001.jpg;ZWU_SCA0228_B01_F01_BS053_002.jpg
,34895,Image ,"Buildings and scenes, image BS 54","Buildings and scenes, image BS 54","Black and white photograph. Handwritten on verso, ""The K.A. Gate - Jackson's Garden and Nott Memorial Library. February 28, 1946"" The K.A. Gate is the Kappa Alpha Gate located on the western edge of Jackson's Garden between the garden and the campus proper.","Yuen, Shui Kong, 1917-1992",Photographer,"Union College (Schenectady, N.Y.) http://id.worldcat.org/fast/563176",,,1946-02-28,"2 pages, 1 photograph : b&w ; 8 x 9.75 in. (20.32 x 24.77 cm)",Documentary photographs,In Copyright,"Box 1, Folder 1, Item BS 54",ZWU_SCA0228_B01_F01_BS054,2025-09-08,ZWU_SCA0228_B01_F01_BS054_001.jpg;ZWU_SCA0228_B01_F01_BS054_002.jpg
,34895,Image ,"Buildings and scenes, image BS 27","Buildings and scenes, image BS 27","Black and white photograph. Handwritten on verso, ""Professor Danton's House February, 1941"" ","Yuen, Shui Kong, 1917-1992",Photographer,"Union College (Schenectady, N.Y.) http://id.worldcat.org/fast/563176","Danton, George",,1941-02-01,"2 pages, 1 photograph : b&w ; 8 x 9.75 in. (20.32 x 24.77 cm)",Documentary photographs,In Copyright,"Box 1, Folder 2, Item BS 27",ZWU_SCA0228_B01_F02_BS027,2025-09-10,ZWU_SCA0228_B01_F02_BS027_001.jpg;ZWU_SCA0228_B01_F02_BS027_002.jpg
,34895,Image ,"Buildings and scenes, image BS 28","Buildings and scenes, image BS 28","Black and white photograph. Handwritten on verso, ""Dr. Danton's Home Nov. 19, 1944"" ","Yuen, Shui Kong, 1917-1992",Photographer,"Union College (Schenectady, N.Y.) http://id.worldcat.org/fast/563176","Danton, George",,1944-11-19,"2 pages, 1 photograph : b&w ; 8 x 9.75 in. (20.32 x 24.77 cm)",Documentary photographs,In Copyright,"Box 1, Folder 2, Item BS 28",ZWU_SCA0228_B01_F02_BS028,2025-09-10,ZWU_SCA0228_B01_F02_BS028_001.jpg;ZWU_SCA0228_B01_F02_BS028_002.jpg
,34895,Image ,"Buildings and scenes, image BS 29","Buildings and scenes, image BS 29","Black and white photograph. Handwritten on verso, ""D. U. Dr. Bronner's House 1941"" ","Yuen, Shui Kong, 1917-1992",Photographer,"Union College (Schenectady, N.Y.) http://id.worldcat.org/fast/563176","Bronner, Frederick L.",1941,,"2 pages, 1 photograph : b&w ; 8 x 9.75 in. (20.32 x 24.77 cm)",Documentary photographs,In Copyright,"Box 1, Folder 2, Item BS 29",ZWU_SCA0228_B01_F02_BS029,2025-09-10,ZWU_SCA0228_B01_F02_BS029_001.jpg;ZWU_SCA0228_B01_F02_BS029_002.jpg
,34895,Image ,"Buildings and scenes, image BS 30","Buildings and scenes, image BS 30","Black and white photograph. Handwritten on verso, ""E. E. Building March 1940"" Image taken from the right side of the building when looking face on.","Yuen, Shui Kong, 1917-1992",Photographer,"Union College (Schenectady, N.Y.) http://id.worldcat.org/fast/563176",,,1940-03-01,"2 pages, 1 photograph : b&w ; 8 x 9.75 in. (20.32 x 24.77 cm)",Documentary photographs,In Copyright,"Box 1, Folder 2, Item BS 30",ZWU_SCA0228_B01_F02_BS030,2025-09-10,ZWU_SCA0228_B01_F02_BS030_001.jpg;ZWU_SCA0228_B01_F02_BS030_002.jpg
,34895,Image ,"Buildings and scenes, image BS 31","Buildings and scenes, image BS 31","Black and white photograph. Handwritten on verso, ""E. E. Building March 1940"" Image taken from the left side of the building when looking face on.","Yuen, Shui Kong, 1917-1992",Photographer,"Union College (Schenectady, N.Y.) http://id.worldcat.org/fast/563176",,,1940-03-01,"2 pages, 1 photograph : b&w ; 8 x 9.75 in. (20.32 x 24.77 cm)",Documentary photographs,In Copyright,"Box 1, Folder 2, Item BS 31",ZWU_SCA0228_B01_F02_BS031,2025-09-10,ZWU_SCA0228_B01_F02_BS031_001.jpg;ZWU_SCA0228_B01_F02_BS031_002.jpg
,34895,Image ,"Buildings and scenes, image BS 32","Buildings and scenes, image BS 32","Black and white photograph. Handwritten on verso, ""E. E. Building 1941?""","Yuen, Shui Kong, 1917-1992",Photographer,"Union College (Schenectady, N.Y.) http://id.worldcat.org/fast/563176",,1941?,,"2 pages, 1 photograph : b&w ; 8 x 9.75 in. (20.32 x 24.77 cm)",Documentary photographs,In Copyright,"Box 1, Folder 2, Item BS 32",ZWU_SCA0228_B01_F02_BS032,2025-09-10,ZWU_SCA0228_B01_F02_BS032_001.jpg;ZWU_SCA0228_B01_F02_BS032_002.jpg
,34895,Image ,"Buildings and scenes, image BS 37","Buildings and scenes, image BS 37","Black and white photograph. Handwritten on verso, ""Hale House 1939"" ","Yuen, Shui Kong, 1917-1992",Photographer,"Union College (Schenectady, N.Y.) http://id.worldcat.org/fast/563176",,1939,,"2 pages, 1 photograph : b&w ; 8 x 9.75 in. (20.32 x 24.77 cm)",Documentary photographs,In Copyright,"Box 1, Folder 2, Item BS 37",ZWU_SCA0228_B01_F02_BS037,2025-09-10,ZWU_SCA0228_B01_F02_BS037_001.jpg;ZWU_SCA0228_B01_F02_BS037_002.jpg
,34895,Image ,"Buildings and scenes, image BS 38","Buildings and scenes, image BS 38","Black and white photograph. Handwritten on verso, ""Hale House February 1940"" ","Yuen, Shui Kong, 1917-1992",Photographer,"Union College (Schenectady, N.Y.) http://id.worldcat.org/fast/563176",,,1941-02-01,"2 pages, 1 photograph : b&w ; 8 x 9.75 in. (20.32 x 24.77 cm)",Documentary photographs,In Copyright,"Box 1, Folder 2, Item BS 38",ZWU_SCA0228_B01_F02_BS038,2025-09-10,ZWU_SCA0228_B01_F02_BS038_001.jpg;ZWU_SCA0228_B01_F02_BS038_002.jpg
,34895,Image ,"Buildings and scenes, image BS 39","Buildings and scenes, image BS 39","Black and white photograph. Handwritten on verso, ""Hanna Hall Summer 1940"" ","Yuen, Shui Kong, 1917-1992",Photographer,"Union College (Schenectady, N.Y.) http://id.worldcat.org/fast/563176",,June 1940-August 1940,,"2 pages, 1 photograph : b&w ; 8 x 9.75 in. (20.32 x 24.77 cm)",Documentary photographs,In Copyright,"Box 1, Folder 2, Item BS 39",ZWU_SCA0228_B01_F02_BS039,2025-09-10,ZWU_SCA0228_B01_F02_BS039_001.jpg;ZWU_SCA0228_B01_F02_BS039_002.jpg
,34895,Image ,"Buildings and scenes, image BS 40","Buildings and scenes, image BS 40","Black and white photograph. Handwritten on verso, ""IDOL October, 1939""","Yuen, Shui Kong, 1917-1992",Photographer,"Union College (Schenectady, N.Y.) http://id.worldcat.org/fast/563176",,,1939-10-01,"2 pages, 1 photograph : b&w ; 8 x 9.75 in. (20.32 x 24.77 cm)",Documentary photographs,In Copyright,"Box 1, Folder 2, Item BS 40",ZWU_SCA0228_B01_F02_BS040,2025-09-10,ZWU_SCA0228_B01_F02_BS040_001.jpg;ZWU_SCA0228_B01_F02_BS040_002.jpg
,34895,Image ,"Buildings and scenes, image BS 74","Buildings and scenes, image BS 74","Black and white photograph. Handwritten on verso, ""North College, Terrace Wall, and Pasture Summer 1940"" ","Yuen, Shui Kong, 1917-1992",Photographer,"Union College (Schenectady, N.Y.) http://id.worldcat.org/fast/563176",,June 1940-August 1940,,"2 pages, 1 photograph : b&w ; 8 x 9.75 in. (20.32 x 24.77 cm)",Documentary photographs,In Copyright,"Box 1, Folder 3, Item BS 74",ZWU_SCA0228_B01_F03_BS074,2025-09-10,ZWU_SCA0228_B01_F03_BS074_001.jpg;ZWU_SCA0228_B01_F03_BS074_002.jpg
,34895,Image ,"Buildings and scenes, image BS 75","Buildings and scenes, image BS 75","Black and white photograph. Handwritten on verso, ""Memorial Chapel Hale House Nott Memorial Library Fall 1939"" ","Yuen, Shui Kong, 1917-1992",Photographer,"Union College (Schenectady, N.Y.) http://id.worldcat.org/fast/563176",,September 1939-November 1939,,"2 pages, 1 photograph : b&w ; 8 x 9.75 in. (20.32 x 24.77 cm)",Documentary photographs,In Copyright,"Box 1, Folder 3, Item BS 75",ZWU_SCA0228_B01_F03_BS075,2025-09-10,ZWU_SCA0228_B01_F03_BS075_001.jpg;ZWU_SCA0228_B01_F03_BS075_002.jpg
,34895,Image ,"Buildings and scenes, image BS 76","Buildings and scenes, image BS 76","Black and white photograph. Handwritten on verso, ""Washburn Hall. Memorial Chapel Nott Memorial Library. Fall 1939"" ","Yuen, Shui Kong, 1917-1992",Photographer,"Union College (Schenectady, N.Y.) http://id.worldcat.org/fast/563176",,September 1939-November 1939,,"2 pages, 1 photograph : b&w ; 8 x 9.75 in. (20.32 x 24.77 cm)",Documentary photographs,In Copyright,"Box 1, Folder 3, Item BS 76",ZWU_SCA0228_B01_F03_BS076,2025-09-10,ZWU_SCA0228_B01_F03_BS076_001.jpg;ZWU_SCA0228_B01_F03_BS076_002.jpg
,34895,Image ,"Buildings and scenes, image BS 77","Buildings and scenes, image BS 77","Black and white photograph. Handwritten on verso, ""Nott Memorial Library February, 1940"" ","Yuen, Shui Kong, 1917-1992",Photographer,"Union College (Schenectady, N.Y.) http://id.worldcat.org/fast/563176",,,1940-02-01,"2 pages, 1 photograph : b&w ; 8 x 9.75 in. (20.32 x 24.77 cm)",Documentary photographs,In Copyright,"Box 1, Folder 3, Item BS 77",ZWU_SCA0228_B01_F03_BS077,2025-09-10,ZWU_SCA0228_B01_F03_BS077_001.jpg;ZWU_SCA0228_B01_F03_BS077_002.jpg
,34895,Image ,"Buildings and scenes, image BS 78","Buildings and scenes, image BS 78","Black and white photograph. Handwritten on verso, ""Nott Memorial Library February, 1940"" ","Yuen, Shui Kong, 1917-1992",Photographer,"Union College (Schenectady, N.Y.) http://id.worldcat.org/fast/563176",,,1940-02-01,"2 pages, 1 photograph : b&w ; 8 x 9.75 in. (20.32 x 24.77 cm)",Documentary photographs,In Copyright,"Box 1, Folder 3, Item BS 78",ZWU_SCA0228_B01_F03_BS078,2025-09-10,ZWU_SCA0228_B01_F03_BS078_001.jpg;ZWU_SCA0228_B01_F03_BS078_002.jpg
,34895,Image ,"Buildings and scenes, image BS 79","Buildings and scenes, image BS 79","Black and white photograph. Handwritten on verso, ""Nott Memorial Library Spring 1940"" ","Yuen, Shui Kong, 1917-1992",Photographer,"Union College (Schenectady, N.Y.) http://id.worldcat.org/fast/563176",,March 1940-May 1940,,"2 pages, 1 photograph : b&w ; 8 x 9.75 in. (20.32 x 24.77 cm)",Documentary photographs,In Copyright,"Box 1, Folder 3, Item BS 79",ZWU_SCA0228_B01_F03_BS079,2025-09-10,ZWU_SCA0228_B01_F03_BS079_001.jpg;ZWU_SCA0228_B01_F03_BS079_002.jpg
,34895,Image ,"Buildings and scenes, image BS 81","Buildings and scenes, image BS 81","Black and white photograph. Handwritten on verso, ""Nott Memorial Library March 1940"" ","Yuen, Shui Kong, 1917-1992",Photographer,"Union College (Schenectady, N.Y.) http://id.worldcat.org/fast/563176",,,1940-03-01,"2 pages, 1 photograph : b&w ; 8 x 9.75 in. (20.32 x 24.77 cm)",Documentary photographs,In Copyright,"Box 1, Folder 3, Item BS 81",ZWU_SCA0228_B01_F03_BS081,2025-09-10,ZWU_SCA0228_B01_F03_BS081_001.jpg;ZWU_SCA0228_B01_F03_BS081_002.jpg
,34895,Image ,"Buildings and scenes, image BS 82","Buildings and scenes, image BS 82","Black and white photograph. Handwritten on verso, ""Nott Memorial Library June 1940"" ","Yuen, Shui Kong, 1917-1992",Photographer,"Union College (Schenectady, N.Y.) http://id.worldcat.org/fast/563176",,,1940-06-01,"2 pages, 1 photograph : b&w ; 8 x 9.75 in. (20.32 x 24.77 cm)",Documentary photographs,In Copyright,"Box 1, Folder 3, Item BS 82",ZWU_SCA0228_B01_F03_BS082,2025-09-10,ZWU_SCA0228_B01_F03_BS082_001.jpg;ZWU_SCA0228_B01_F03_BS082_002.jpg
,34895,Image ,"Buildings and scenes, image BS 85","Buildings and scenes, image BS 85","Black and white photograph. Handwritten on verso, ""Nott Memorial Library October 1, 1940"" ","Yuen, Shui Kong, 1917-1992",Photographer,"Union College (Schenectady, N.Y.) http://id.worldcat.org/fast/563176",,,1940-10-01,"2 pages, 1 photograph : b&w ; 8 x 9.75 in. (20.32 x 24.77 cm)",Documentary photographs,In Copyright,"Box 1, Folder 3, Item BS 85",ZWU_SCA0228_B01_F03_BS085,2025-09-10,ZWU_SCA0228_B01_F03_BS085_001.jpg;ZWU_SCA0228_B01_F03_BS085_002.jpg
,34895,Image ,"Buildings and scenes, image BS 55","Buildings and scenes, image BS 55","Black and white photograph. Handwritten on verso, ""Memorial Chapel October, 1939"" ","Yuen, Shui Kong, 1917-1992",Photographer,"Union College (Schenectady, N.Y.) http://id.worldcat.org/fast/563176",,,1939-10-01,"2 pages, 1 photograph : b&w ; 8 x 9.75 in. (20.32 x 24.77 cm)",Documentary photographs,In Copyright,"Box 1, Folder 4, Item BS 55",ZWU_SCA0228_B01_F04_BS055,2025-09-10,ZWU_SCA0228_B01_F04_BS055_001.jpg;ZWU_SCA0228_B01_F04_BS055_002.jpg
,34895,Image ,"Buildings and scenes, image BS 57","Buildings and scenes, image BS 57","Black and white photograph. Handwritten on verso, ""Memorial Chapel Spring 1940"" ","Yuen, Shui Kong, 1917-1992",Photographer,"Union College (Schenectady, N.Y.) http://id.worldcat.org/fast/563176",,March 1940-May 1940,,"2 pages, 1 photograph : b&w ; 8 x 9.75 in. (20.32 x 24.77 cm)",Documentary photographs,In Copyright,"Box 1, Folder 4, Item BS 57",ZWU_SCA0228_B01_F04_BS057,2025-09-10,ZWU_SCA0228_B01_F04_BS057_001.jpg;ZWU_SCA0228_B01_F04_BS057_002.jpg
,34895,Image ,"Buildings and scenes, image BS 61","Buildings and scenes, image BS 61","Black and white photograph. Handwritten on verso, ""Memorial Chapel April 23, 1941. 7:30 a.m."" ","Yuen, Shui Kong, 1917-1992",Photographer,"Union College (Schenectady, N.Y.) http://id.worldcat.org/fast/563176",,,1941-04-23,"2 pages, 1 photograph : b&w ; 8 x 9.75 in. (20.32 x 24.77 cm)",Documentary photographs,In Copyright,"Box 1, Folder 4, Item BS 61",ZWU_SCA0228_B01_F04_BS061,2025-09-10,ZWU_SCA0228_B01_F04_BS061_001.jpg;ZWU_SCA0228_B01_F04_BS061_002.jpg
,34895,Image ,"Buildings and scenes, image BS 62","Buildings and scenes, image BS 62","Black and white photograph. Handwritten on verso, ""Memorial Chapel Spring 1942"" ","Yuen, Shui Kong, 1917-1992",Photographer,"Union College (Schenectady, N.Y.) http://id.worldcat.org/fast/563176",,March 1942-May 1942,,"2 pages, 1 photograph : b&w ; 8 x 9.75 in. (20.32 x 24.77 cm)",Documentary photographs,In Copyright,"Box 1, Folder 4, Item BS 62",ZWU_SCA0228_B01_F04_BS062,2025-09-10,ZWU_SCA0228_B01_F04_BS062_001.jpg;ZWU_SCA0228_B01_F04_BS062_002.jpg
,34895,Image ,"Buildings and scenes, image BS 63","Buildings and scenes, image BS 63","Black and white photograph. Handwritten on verso, ""Memorial Chapel November 19, 1944"" ","Yuen, Shui Kong, 1917-1992",Photographer,"Union College (Schenectady, N.Y.) http://id.worldcat.org/fast/563176",,,1944-11-19,"2 pages, 1 photograph : b&w ; 8 x 9.75 in. (20.32 x 24.77 cm)",Documentary photographs,In Copyright,"Box 1, Folder 4, Item BS 63",ZWU_SCA0228_B01_F04_BS063,2025-09-10,ZWU_SCA0228_B01_F04_BS063_001.jpg;ZWU_SCA0228_B01_F04_BS063_002.jpg
,34895,Image ,"Buildings and scenes, image BS 65","Buildings and scenes, image BS 65","Black and white photograph. Handwritten on verso, ""North College (Showing Terrace Wall) 1939"" ","Yuen, Shui Kong, 1917-1992",Photographer,"Union College (Schenectady, N.Y.) http://id.worldcat.org/fast/563176",,1939,,"2 pages, 1 photograph : b&w ; 8 x 9.75 in. (20.32 x 24.77 cm)",Documentary photographs,In Copyright,"Box 1, Folder 4, Item BS 65",ZWU_SCA0228_B01_F04_BS065,2025-09-10,ZWU_SCA0228_B01_F04_BS065_001.jpg;ZWU_SCA0228_B01_F04_BS065_002.jpg
,34895,Image ,"Buildings and scenes, image BS 67","Buildings and scenes, image BS 67","Black and white photograph. Handwritten on verso, ""North College March 1940"" ","Yuen, Shui Kong, 1917-1992",Photographer,"Union College (Schenectady, N.Y.) http://id.worldcat.org/fast/563176",,,1940-03-01,"2 pages, 1 photograph : b&w ; 8 x 9.75 in. (20.32 x 24.77 cm)",Documentary photographs,In Copyright,"Box 1, Folder 4, Item BS 67",ZWU_SCA0228_B01_F04_BS067,2025-09-10,ZWU_SCA0228_B01_F04_BS067_001.jpg;ZWU_SCA0228_B01_F04_BS067_002.jpg
,34895,Image ,"Buildings and scenes, image BS 69","Buildings and scenes, image BS 69","Black and white photograph. Handwritten on verso, ""North College March 1940"" ","Yuen, Shui Kong, 1917-1992",Photographer,"Union College (Schenectady, N.Y.) http://id.worldcat.org/fast/563176",,,1940-03-01,"2 pages, 1 photograph : b&w ; 8 x 9.75 in. (20.32 x 24.77 cm)",Documentary photographs,In Copyright,"Box 1, Folder 4, Item BS 69",ZWU_SCA0228_B01_F04_BS069,2025-09-10,ZWU_SCA0228_B01_F04_BS069_001.jpg;ZWU_SCA0228_B01_F04_BS069_002.jpg
,34895,Image ,"Buildings and scenes, image BS 71","Buildings and scenes, image BS 71","Black and white photograph. Handwritten on verso, ""North Section North College June 1940"" ","Yuen, Shui Kong, 1917-1992",Photographer,"Union College (Schenectady, N.Y.) http://id.worldcat.org/fast/563176",,,1940-06-01,"2 pages, 1 photograph : b&w ; 8 x 9.75 in. (20.32 x 24.77 cm)",Documentary photographs,In Copyright,"Box 1, Folder 4, Item BS 71",ZWU_SCA0228_B01_F04_BS071,2025-09-10,ZWU_SCA0228_B01_F04_BS071_001.jpg;ZWU_SCA0228_B01_F04_BS071_002.jpg
,34895,Image ,"Buildings and scenes, image BS 72","Buildings and scenes, image BS 72","Black and white photograph. Handwritten on verso, ""North College Summer 1940"" ","Yuen, Shui Kong, 1917-1992",Photographer,"Union College (Schenectady, N.Y.) http://id.worldcat.org/fast/563176",,June 1940-August 1940,,"2 pages, 1 photograph : b&w ; 8 x 9.75 in. (20.32 x 24.77 cm)",Documentary photographs,In Copyright,"Box 1, Folder 4, Item BS 72",ZWU_SCA0228_B01_F04_BS072,2025-09-10,ZWU_SCA0228_B01_F04_BS072_001.jpg;ZWU_SCA0228_B01_F04_BS072_002.jpg
,34895,Image ,"Buildings and scenes, image BS 86","Buildings and scenes, image BS 86","Black and white photograph. Handwritten on verso, ""Washburn Hall Memorial Chapel Nott Memorial Library June 1941"" ","Yuen, Shui Kong, 1917-1992",Photographer,"Union College (Schenectady, N.Y.) http://id.worldcat.org/fast/563176",,,1941-06-01,"2 pages, 1 photograph : b&w ; 8 x 9.75 in. (20.32 x 24.77 cm)",Documentary photographs,In Copyright,"Box 1, Folder 5, Item BS 86",ZWU_SCA0228_B01_F05_BS086,2025-09-10,ZWU_SCA0228_B01_F05_BS086_001.jpg;ZWU_SCA0228_B01_F05_BS086_002.jpg
,34895,Image ,"Buildings and scenes, image BS 87","Buildings and scenes, image BS 87","Black and white photograph. Handwritten on verso, ""General Engineering Building Nott Memorial Library Washburn Hall Sesquicentennial 1945"" ","Yuen, Shui Kong, 1917-1992",Photographer,"Union College (Schenectady, N.Y.) http://id.worldcat.org/fast/563176",,Sesquicentennial 1945,,"2 pages, 1 photograph : b&w ; 8 x 9.75 in. (20.32 x 24.77 cm)",Documentary photographs,In Copyright,"Box 1, Folder 5, Item BS 87",ZWU_SCA0228_B01_F05_BS087,2025-09-10,ZWU_SCA0228_B01_F05_BS087_001.jpg;ZWU_SCA0228_B01_F05_BS087_002.jpg
,34895,Image ,"Buildings and scenes, image BS 88","Buildings and scenes, image BS 88","Black and white photograph. Handwritten on verso, ""Old Chapel, Hale House Fall, 1939"" ","Yuen, Shui Kong, 1917-1992",Photographer,"Union College (Schenectady, N.Y.) http://id.worldcat.org/fast/563176",,September 1939-November 1939,,"2 pages, 1 photograph : b&w ; 8 x 9.75 in. (20.32 x 24.77 cm)",Documentary photographs,In Copyright,"Box 1, Folder 5, Item BS 88",ZWU_SCA0228_B01_F05_BS088,2025-09-10,ZWU_SCA0228_B01_F05_BS088_001.jpg;ZWU_SCA0228_B01_F05_BS088_002.jpg
,34895,Image ,"Buildings and scenes, image BS 89","Buildings and scenes, image BS 89","Black and white photograph. Handwritten on verso, ""Old Gym February 1940"" ","Yuen, Shui Kong, 1917-1992",Photographer,"Union College (Schenectady, N.Y.) http://id.worldcat.org/fast/563176",,,1940-02-01,"2 pages, 1 photograph : b&w ; 8 x 9.75 in. (20.32 x 24.77 cm)",Documentary photographs,In Copyright,"Box 1, Folder 5, Item BS 89",ZWU_SCA0228_B01_F05_BS089,2025-09-10,ZWU_SCA0228_B01_F05_BS089_001.jpg;ZWU_SCA0228_B01_F05_BS089_002.jpg
,34895,Image ,"Buildings and scenes, image BS 90","Buildings and scenes, image BS 90","Black and white photograph. Handwritten on verso, ""Old Gym Spring 1940"" ","Yuen, Shui Kong, 1917-1992",Photographer,"Union College (Schenectady, N.Y.) http://id.worldcat.org/fast/563176",,March 1940-May 1940,,"2 pages, 1 photograph : b&w ; 8 x 9.75 in. (20.32 x 24.77 cm)",Documentary photographs,In Copyright,"Box 1, Folder 5, Item BS 90",ZWU_SCA0228_B01_F05_BS090,2025-09-10,ZWU_SCA0228_B01_F05_BS090_001.jpg;ZWU_SCA0228_B01_F05_BS090_002.jpg
,34895,Image ,"Buildings and scenes, image BS 91","Buildings and scenes, image BS 91","Black and white photograph. Handwritten on verso, ""Payne Gate June 1941 150th Anniversary of the birth of John Howard Payne, Class of 1810"" ","Yuen, Shui Kong, 1917-1992",Photographer,"Union College (Schenectady, N.Y.) http://id.worldcat.org/fast/563176","Payne, John Howard, 1791-1852;",,1941-06-01,"2 pages, 1 photograph : b&w ; 8 x 9.75 in. (20.32 x 24.77 cm)",Documentary photographs,In Copyright,"Box 1, Folder 5, Item BS 91",ZWU_SCA0228_B01_F05_BS091,2025-09-10,ZWU_SCA0228_B01_F05_BS091_001.jpg;ZWU_SCA0228_B01_F05_BS091_002.jpg
,34895,Image ,"Buildings and scenes, image BS 92","Buildings and scenes, image BS 92","Black and white photograph. Handwritten on verso, ""Payne Gate April 1945"" ","Yuen, Shui Kong, 1917-1992",Photographer,"Union College (Schenectady, N.Y.) http://id.worldcat.org/fast/563176",,,1945-04-01,"2 pages, 1 photograph : b&w ; 8 x 9.75 in. (20.32 x 24.77 cm)",Documentary photographs,In Copyright,"Box 1, Folder 5, Item BS 92",ZWU_SCA0228_B01_F05_BS092,2025-09-10,ZWU_SCA0228_B01_F05_BS092_001.jpg;ZWU_SCA0228_B01_F05_BS092_002.jpg
,34895,Image ,"Buildings and scenes, image BS 93","Buildings and scenes, image BS 93","Black and white photograph. Handwritten on verso, ""Physics Lab. Spring 1945"" ","Yuen, Shui Kong, 1917-1992",Photographer,"Union College (Schenectady, N.Y.) http://id.worldcat.org/fast/563176",,March 1945-May 1945,,"2 pages, 1 photograph : b&w ; 8 x 9.75 in. (20.32 x 24.77 cm)",Documentary photographs,In Copyright,"Box 1, Folder 5, Item BS 93",ZWU_SCA0228_B01_F05_BS093,2025-09-10,ZWU_SCA0228_B01_F05_BS093_001.jpg;ZWU_SCA0228_B01_F05_BS093_002.jpg
,34895,Image ,"Buildings and scenes, image BS 94","Buildings and scenes, image BS 94","Black and white photograph. Handwritten on verso, ""Physics + Psychology Labs. Spring 1945"" ","Yuen, Shui Kong, 1917-1992",Photographer,"Union College (Schenectady, N.Y.) http://id.worldcat.org/fast/563176",,March 1945-May 1945,,"2 pages, 1 photograph : b&w ; 8 x 9.75 in. (20.32 x 24.77 cm)",Documentary photographs,In Copyright,"Box 1, Folder 5, Item BS 94",ZWU_SCA0228_B01_F05_BS094,2025-09-10,ZWU_SCA0228_B01_F05_BS094_001.jpg;ZWU_SCA0228_B01_F05_BS094_002.jpg
,34895,Image ,"Buildings and scenes, image BS 95","Buildings and scenes, image BS 95","Black and white photograph. Handwritten on verso, ""Psychology Lab Physics Lab + South College Colonnade February 1940"" ","Yuen, Shui Kong, 1917-1992",Photographer,"Union College (Schenectady, N.Y.) http://id.worldcat.org/fast/563176",,,1940-02-01,"2 pages, 1 photograph : b&w ; 8 x 9.75 in. (20.32 x 24.77 cm)",Documentary photographs,In Copyright,"Box 1, Folder 5, Item BS 95",ZWU_SCA0228_B01_F05_BS095,2025-09-10,ZWU_SCA0228_B01_F05_BS095_001.jpg;ZWU_SCA0228_B01_F05_BS095_002.jpg
,34895,Image ,"Buildings and scenes, image BS 96","Buildings and scenes, image BS 96","Black and white photograph. Handwritten on verso, ""The President's House February 28, 1946"" ","Yuen, Shui Kong, 1917-1992",Photographer,"Union College (Schenectady, N.Y.) http://id.worldcat.org/fast/563176",,,1946-02-28,"2 pages, 1 photograph : b&w ; 8 x 9.75 in. (20.32 x 24.77 cm)",Documentary photographs,In Copyright,"Box 1, Folder 6, Item BS 96",ZWU_SCA0228_B01_F06_BS096,2025-09-12,ZWU_SCA0228_B01_F06_BS096_001.jpg;ZWU_SCA0228_B01_F06_BS096_002.jpg
,34895,Image ,"Buildings and scenes, image BS 97","Buildings and scenes, image BS 97","Black and white photograph. Handwritten on verso, ""Silliman Hall March 1940"" ","Yuen, Shui Kong, 1917-1992",Photographer,"Union College (Schenectady, N.Y.) http://id.worldcat.org/fast/563176",,,1940-03-01,"2 pages, 1 photograph : b&w ; 8 x 9.75 in. (20.32 x 24.77 cm)",Documentary photographs,In Copyright,"Box 1, Folder 6, Item BS 97",ZWU_SCA0228_B01_F06_BS097,2025-09-12,ZWU_SCA0228_B01_F06_BS097_001.jpg;ZWU_SCA0228_B01_F06_BS097_002.jpg
,34895,Image ,"Buildings and scenes, image BS 98","Buildings and scenes, image BS 98","Black and white photograph. Handwritten on verso, ""Silliman Hall April 1945"" ","Yuen, Shui Kong, 1917-1992",Photographer,"Union College (Schenectady, N.Y.) http://id.worldcat.org/fast/563176",,,1945-04-01,"2 pages, 1 photograph : b&w ; 8 x 9.75 in. (20.32 x 24.77 cm)",Documentary photographs,In Copyright,"Box 1, Folder 6, Item BS 98",ZWU_SCA0228_B01_F06_BS098,2025-09-12,ZWU_SCA0228_B01_F06_BS098_001.jpg;ZWU_SCA0228_B01_F06_BS098_002.jpg
,34895,Image ,"Buildings and scenes, image BS 100","Buildings and scenes, image BS 100","Black and white photograph. Handwritten on verso, ""South College March 1940"" ","Yuen, Shui Kong, 1917-1992",Photographer,"Union College (Schenectady, N.Y.) http://id.worldcat.org/fast/563176",,,1940-03-01,"2 pages, 1 photograph : b&w ; 8 x 9.75 in. (20.32 x 24.77 cm)",Documentary photographs,In Copyright,"Box 1, Folder 6, Item BS 100",ZWU_SCA0228_B01_F06_BS100,2025-09-10,ZWU_SCA0228_B01_F06_BS100_001.jpg;ZWU_SCA0228_B01_F06_BS100_002.jpg
,34895,Image ,"Buildings and scenes, image BS 101","Buildings and scenes, image BS 101","Black and white photograph. Handwritten on verso, ""South College March 1940"" ","Yuen, Shui Kong, 1917-1992",Photographer,"Union College (Schenectady, N.Y.) http://id.worldcat.org/fast/563176",,,1940-03-01,"2 pages, 1 photograph : b&w ; 8 x 9.75 in. (20.32 x 24.77 cm)",Documentary photographs,In Copyright,"Box 1, Folder 6, Item BS 101",ZWU_SCA0228_B01_F06_BS101,2025-09-10,ZWU_SCA0228_B01_F06_BS101_001.jpg;ZWU_SCA0228_B01_F06_BS101_002.jpg
,34895,Image ,"Buildings and scenes, image BS 102","Buildings and scenes, image BS 102","Black and white photograph. Handwritten on verso, ""South College October 1944"" ","Yuen, Shui Kong, 1917-1992",Photographer,"Union College (Schenectady, N.Y.) http://id.worldcat.org/fast/563176",,,1944-10-01,"2 pages, 1 photograph : b&w ; 8 x 9.75 in. (20.32 x 24.77 cm)",Documentary photographs,In Copyright,"Box 1, Folder 6, Item BS 102",ZWU_SCA0228_B01_F06_BS102,2025-09-10,ZWU_SCA0228_B01_F06_BS102_001.jpg;ZWU_SCA0228_B01_F06_BS102_002.jpg
,34895,Image ,"Buildings and scenes, image BS 103","Buildings and scenes, image BS 103","Black and white photograph. Handwritten on verso, ""Terrace Walk + Flag Pole Alumni Day June 7, 1941"" ","Yuen, Shui Kong, 1917-1992",Photographer,"Union College (Schenectady, N.Y.) http://id.worldcat.org/fast/563176",,,1941-06-07,"2 pages, 1 photograph : b&w ; 8 x 9.75 in. (20.32 x 24.77 cm)",Documentary photographs,In Copyright,"Box 1, Folder 6, Item BS 103",ZWU_SCA0228_B01_F06_BS103,2025-09-10,ZWU_SCA0228_B01_F06_BS103_001.jpg;ZWU_SCA0228_B01_F06_BS103_002.jpg
,34895,Image ,"Buildings and scenes, image BS 104","Buildings and scenes, image BS 104","Black and white photograph. Handwritten on verso, ""Washburn Hall 1939"" ","Yuen, Shui Kong, 1917-1992",Photographer,"Union College (Schenectady, N.Y.) http://id.worldcat.org/fast/563176",,1939,,"2 pages, 1 photograph : b&w ; 8 x 9.75 in. (20.32 x 24.77 cm)",Documentary photographs,In Copyright,"Box 1, Folder 6, Item BS 104",ZWU_SCA0228_B01_F06_BS104,2025-09-11,ZWU_SCA0228_B01_F06_BS104_001.jpg;ZWU_SCA0228_B01_F06_BS104_002.jpg
,34895,Image ,"Buildings and scenes, image BS 105","Buildings and scenes, image BS 105","Black and white photograph. Handwritten on verso, ""Washburn Hall February, 1940"" ","Yuen, Shui Kong, 1917-1992",Photographer,"Union College (Schenectady, N.Y.) http://id.worldcat.org/fast/563176",,,1940-02-01,"2 pages, 1 photograph : b&w ; 8 x 9.75 in. (20.32 x 24.77 cm)",Documentary photographs,In Copyright,"Box 1, Folder 6, Item BS 105",ZWU_SCA0228_B01_F06_BS105,2025-09-11,ZWU_SCA0228_B01_F06_BS105_001.jpg;ZWU_SCA0228_B01_F06_BS105_002.jpg
,34895,Image ,"Buildings and scenes, image BS 106","Buildings and scenes, image BS 106","Black and white photograph. Handwritten on verso, ""Washburn Hall Spring 1940"" ","Yuen, Shui Kong, 1917-1992",Photographer,"Union College (Schenectady, N.Y.) http://id.worldcat.org/fast/563176",,March 1940-May 1940,,"2 pages, 1 photograph : b&w ; 8 x 9.75 in. (20.32 x 24.77 cm)",Documentary photographs,In Copyright,"Box 1, Folder 6, Item BS 106",ZWU_SCA0228_B01_F06_BS106,2025-09-11,ZWU_SCA0228_B01_F06_BS106_001.jpg;ZWU_SCA0228_B01_F06_BS106_002.jpg
,34895,Image ,"Buildings and scenes, image BS 107","Buildings and scenes, image BS 107","Black and white photograph. Handwritten on verso, ""Washburn Hall Alumni Day. June 7, 1941"" ","Yuen, Shui Kong, 1917-1992",Photographer,"Union College (Schenectady, N.Y.) http://id.worldcat.org/fast/563176",,,1941-06-07,"2 pages, 1 photograph : b&w ; 8 x 9.75 in. (20.32 x 24.77 cm)",Documentary photographs,In Copyright,"Box 1, Folder 6, Item BS 107",ZWU_SCA0228_B01_F06_BS107,2025-09-10,ZWU_SCA0228_B01_F06_BS107_001.jpg;ZWU_SCA0228_B01_F06_BS107_002.jpg
,34895,Image ,"Buildings and scenes, image BS 108","Buildings and scenes, image BS 108","Black and white photograph. Handwritten on verso, ""Washburn Hall February 28, 1946"" ","Yuen, Shui Kong, 1917-1992",Photographer,"Union College (Schenectady, N.Y.) http://id.worldcat.org/fast/563176",,,1946-02-28,"2 pages, 1 photograph : b&w ; 8 x 9.75 in. (20.32 x 24.77 cm)",Documentary photographs,In Copyright,"Box 1, Folder 6, Item BS 108",ZWU_SCA0228_B01_F06_BS108,2025-09-11,ZWU_SCA0228_B01_F06_BS108_001.jpg;ZWU_SCA0228_B01_F06_BS108_002.jpg
,34895,Image ,"Buildings and scenes, image BS 109","Buildings and scenes, image BS 109","Black and white photograph. Handwritten on verso, ""Well's House February 28, 1946"" ","Yuen, Shui Kong, 1917-1992",Photographer,"Union College (Schenectady, N.Y.) http://id.worldcat.org/fast/563176",,,1946-02-28,"2 pages, 1 photograph : b&w ; 8 x 9.75 in. (20.32 x 24.77 cm)",Documentary photographs,In Copyright,"Box 1, Folder 6, Item BS 109",ZWU_SCA0228_B01_F06_BS109,2025-09-12,ZWU_SCA0228_B01_F06_BS109_001.jpg;ZWU_SCA0228_B01_F06_BS109_002.jpg
,34895,Image ,"Buildings and scenes, image BS 110","Buildings and scenes, image BS 110","Black and white photograph. Handwritten on verso, ""? Gate going down to D.U. + Memorial Chapel Fall 1945"" ","Yuen, Shui Kong, 1917-1992",Photographer,"Union College (Schenectady, N.Y.) http://id.worldcat.org/fast/563176",,September 1945-November 1945,,"2 pages, 1 photograph : b&w ; 8 x 9.75 in. (20.32 x 24.77 cm)",Documentary photographs,In Copyright,"Box 1, Folder 6, Item BS 110",ZWU_SCA0228_B01_F06_BS110,2025-09-12,ZWU_SCA0228_B01_F06_BS110_001.jpg;ZWU_SCA0228_B01_F06_BS110_002.jpg
,34895,Image ,"Buildings and scenes, image BS 112","Buildings and scenes, image BS 112","Black and white photograph. Handwritten on verso, ""Alumni Gymnasium Alumni Day June 7, 1941"" ","Yuen, Shui Kong, 1917-1992",Photographer,"Union College (Schenectady, N.Y.) http://id.worldcat.org/fast/563176",,,1941-06-07,"2 pages, 1 photograph : b&w ; 8 x 9.75 in. (20.32 x 24.77 cm)",Documentary photographs,In Copyright,"Box 1, Folder 7, Item BS 112",ZWU_SCA0228_B01_F07_BS112,2025-09-11,ZWU_SCA0228_B01_F07_BS112_001.jpg;ZWU_SCA0228_B01_F07_BS112_002.jpg
,34895,Image ,"Buildings and scenes, image BS 113","Buildings and scenes, image BS 113","Black and white photograph. Handwritten on verso, """"Mac"" Yuen's car in foreground 16 inches of snowfall Feb. 21, 1946"" ","Yuen, Shui Kong, 1917-1992",Photographer,"Union College (Schenectady, N.Y.) http://id.worldcat.org/fast/563176",,,,"2 pages, 1 photograph : b&w ; 8 x 9.75 in. (20.32 x 24.77 cm)",Documentary photographs,In Copyright,"Box 1, Folder 7, Item BS 113",ZWU_SCA0228_B01_F07_BS113,2025-09-11,ZWU_SCA0228_B01_F07_BS113_001.jpg;ZWU_SCA0228_B01_F07_BS113_002.jpg
,34895,Image ,"Buildings and scenes, image BS 114","Buildings and scenes, image BS 114","Black and white photograph. Handwritten on verso, ""Section on the upper floor of Hale House 1944-46?"" ","Yuen, Shui Kong, 1917-1992",Photographer,"Union College (Schenectady, N.Y.) http://id.worldcat.org/fast/563176",,1944-46?,,"2 pages, 1 photograph : b&w ; 8 x 9.75 in. (20.32 x 24.77 cm)",Documentary photographs,In Copyright,"Box 1, Folder 7, Item BS 114",ZWU_SCA0228_B01_F07_BS114,2025-09-11,ZWU_SCA0228_B01_F07_BS114_001.jpg;ZWU_SCA0228_B01_F07_BS114_002.jpg
,34895,Image ,"Buildings and scenes, image BS 121","Buildings and scenes, image BS 121","Black and white photograph. Handwritten on verso, ""Administration Building May 1941"" ","Yuen, Shui Kong, 1917-1992",Photographer,"Union College (Schenectady, N.Y.) http://id.worldcat.org/fast/563176",,,1941-05-01,"2 pages, 1 photograph : b&w ; 8 x 9.75 in. (20.32 x 24.77 cm)",Documentary photographs,In Copyright,"Box 1, Folder 7, Item BS 121",ZWU_SCA0228_B01_F07_BS121,2025-09-11,ZWU_SCA0228_B01_F07_BS121_001.jpg;ZWU_SCA0228_B01_F07_BS121_002.jpg
,34895,Image ,"Buildings and scenes, image BS 122","Buildings and scenes, image BS 122","Black and white photograph. Handwritten on verso, ""Alumni Gymnasium February 1940"" ","Yuen, Shui Kong, 1917-1992",Photographer,"Union College (Schenectady, N.Y.) http://id.worldcat.org/fast/563176",,,1940-02-01,"2 pages, 1 photograph : b&w ; 8 x 9.75 in. (20.32 x 24.77 cm)",Documentary photographs,In Copyright,"Box 1, Folder 7, Item BS 122",ZWU_SCA0228_B01_F07_BS122,2025-09-11,ZWU_SCA0228_B01_F07_BS122_001.jpg;ZWU_SCA0228_B01_F07_BS122_002.jpg
,34895,Image ,"Buildings and scenes, image BS 123","Buildings and scenes, image BS 123","Black and white photograph. Handwritten on verso, ""Alumni Gymnasium Spring 1945"" ","Yuen, Shui Kong, 1917-1992",Photographer,"Union College (Schenectady, N.Y.) http://id.worldcat.org/fast/563176",,March 1945-May 1945,,"2 pages, 1 photograph : b&w ; 8 x 9.75 in. (20.32 x 24.77 cm)",Documentary photographs,In Copyright,"Box 1, Folder 7, Item BS 123",ZWU_SCA0228_B01_F07_BS123,2025-09-11,ZWU_SCA0228_B01_F07_BS123_001.jpg;ZWU_SCA0228_B01_F07_BS123_002.jpg
,34895,Image ,"Buildings and scenes, image BS 124","Buildings and scenes, image BS 124","Black and white photograph. Handwritten on verso, ""Bailey Hall April 23, 1941"" ","Yuen, Shui Kong, 1917-1992",Photographer,"Union College (Schenectady, N.Y.) http://id.worldcat.org/fast/563176",,,1941-04-23,"2 pages, 1 photograph : b&w ; 8 x 9.75 in. (20.32 x 24.77 cm)",Documentary photographs,In Copyright,"Box 1, Folder 7, Item BS 124",ZWU_SCA0228_B01_F07_BS124,2025-09-11,ZWU_SCA0228_B01_F07_BS124_001.jpg;ZWU_SCA0228_B01_F07_BS124_002.jpg
,34895,Image ,"Buildings and scenes, image BS 125","Buildings and scenes, image BS 125","Black and white photograph. Handwritten on verso, ""General Engineering Building Spring 1945"" ","Yuen, Shui Kong, 1917-1992",Photographer,"Union College (Schenectady, N.Y.) http://id.worldcat.org/fast/563176",,March 1945-May 1945,,"2 pages, 1 photograph : b&w ; 8 x 9.75 in. (20.32 x 24.77 cm)",Documentary photographs,In Copyright,"Box 1, Folder 7, Item BS 125",ZWU_SCA0228_B01_F07_BS125,2025-09-11,ZWU_SCA0228_B01_F07_BS125_001.jpg;ZWU_SCA0228_B01_F07_BS125_002.jpg
,34895,Image ,"Buildings and scenes, image BS 126","Buildings and scenes, image BS 126","Black and white photograph. Handwritten on verso, ""Jackson's Garden Spring 1941"" ","Yuen, Shui Kong, 1917-1992",Photographer,"Union College (Schenectady, N.Y.) http://id.worldcat.org/fast/563176",,March 1941-May 1941,,"2 pages, 1 photograph : b&w ; 8 x 9.75 in. (20.32 x 24.77 cm)",Documentary photographs,In Copyright,"Box 1, Folder 7, Item BS 126",ZWU_SCA0228_B01_F07_BS126,2025-09-11,ZWU_SCA0228_B01_F07_BS126_001.jpg;ZWU_SCA0228_B01_F07_BS126_002.jpg
,34895,Image ,"Buildings and scenes, image BS 127","Buildings and scenes, image BS 127","Black and white photograph. Handwritten on verso, ""Jackson's Garden October 1941"" ","Yuen, Shui Kong, 1917-1992",Photographer,"Union College (Schenectady, N.Y.) http://id.worldcat.org/fast/563176",,,1941-10-01,"2 pages, 1 photograph : b&w ; 8 x 9.75 in. (20.32 x 24.77 cm)",Documentary photographs,In Copyright,"Box 1, Folder 7, Item BS 127",ZWU_SCA0228_B01_F07_BS127,2025-09-11,ZWU_SCA0228_B01_F07_BS127_001.jpg;ZWU_SCA0228_B01_F07_BS127_002.jpg
,34895,Image ,"Buildings and scenes, image BS 128","Buildings and scenes, image BS 128","Black and white photograph. Handwritten on verso, ""Jackson's Garden. 1941"" ","Yuen, Shui Kong, 1917-1992",Photographer,"Union College (Schenectady, N.Y.) http://id.worldcat.org/fast/563176",,1941,,"2 pages, 1 photograph : b&w ; 8 x 9.75 in. (20.32 x 24.77 cm)",Documentary photographs,In Copyright,"Box 1, Folder 7, Item BS 128",ZWU_SCA0228_B01_F07_BS128,2025-09-11,ZWU_SCA0228_B01_F07_BS128_001.jpg;ZWU_SCA0228_B01_F07_BS128_002.jpg
,34895,Image ,"Buildings and scenes, image BS 129","Buildings and scenes, image BS 129","Black and white photograph. Handwritten on verso, ""Memorial Chapel Spring 1945"" ","Yuen, Shui Kong, 1917-1992",Photographer,"Union College (Schenectady, N.Y.) http://id.worldcat.org/fast/563176",,March 1945-May 1945,,"2 pages, 1 photograph : b&w ; 8 x 9.75 in. (20.32 x 24.77 cm)",Documentary photographs,In Copyright,"Box 1, Folder 7, Item BS 129",ZWU_SCA0228_B01_F07_BS129,2025-09-11,ZWU_SCA0228_B01_F07_BS129_001.jpg;ZWU_SCA0228_B01_F07_BS129_002.jpg
,34895,Image ,"Buildings and scenes, image BS 130","Buildings and scenes, image BS 130","Black and white photograph. Handwritten on verso, ""North College Spring 1941"" ","Yuen, Shui Kong, 1917-1992",Photographer,"Union College (Schenectady, N.Y.) http://id.worldcat.org/fast/563176",,March 1941-May 1941,,"2 pages, 1 photograph : b&w ; 8 x 9.75 in. (20.32 x 24.77 cm)",Documentary photographs,In Copyright,"Box 1, Folder 7, Item BS 130",ZWU_SCA0228_B01_F07_BS130,2025-09-11,ZWU_SCA0228_B01_F07_BS130_001.jpg;ZWU_SCA0228_B01_F07_BS130_002.jpg
,34895,Image ,"Buildings and scenes, image BS 131","Buildings and scenes, image BS 131","Black and white photograph. Handwritten on verso, ""Nott Memorial Library Fall 1939"" ","Yuen, Shui Kong, 1917-1992",Photographer,"Union College (Schenectady, N.Y.) http://id.worldcat.org/fast/563176",,September 1939-November 1939,,"2 pages, 1 photograph : b&w ; 8 x 9.75 in. (20.32 x 24.77 cm)",Documentary photographs,In Copyright,"Box 1, Folder 7, Item BS 131",ZWU_SCA0228_B01_F07_BS131,2025-09-11,ZWU_SCA0228_B01_F07_BS131_001.jpg;ZWU_SCA0228_B01_F07_BS131_002.jpg
,34895,Image ,"Buildings and scenes, image BS 132","Buildings and scenes, image BS 132","Black and white photograph. Handwritten on verso, ""Nott Memorial Library Fall 1939"" ","Yuen, Shui Kong, 1917-1992",Photographer,"Union College (Schenectady, N.Y.) http://id.worldcat.org/fast/563176",,September 1939-November 1939,,"2 pages, 1 photograph : b&w ; 8 x 9.75 in. (20.32 x 24.77 cm)",Documentary photographs,In Copyright,"Box 1, Folder 7, Item BS 132",ZWU_SCA0228_B01_F07_BS132,2025-09-11,ZWU_SCA0228_B01_F07_BS132_001.jpg;ZWU_SCA0228_B01_F07_BS132_002.jpg
,34895,Image ,"Buildings and scenes, image BS 133","Buildings and scenes, image BS 133","Black and white photograph. Handwritten on verso, ""Nott Memorial Library Winter (1930-40)"" ","Yuen, Shui Kong, 1917-1992",Photographer,"Union College (Schenectady, N.Y.) http://id.worldcat.org/fast/563176",,December 1930-February 1940,,"2 pages, 1 photograph : b&w ; 8 x 9.75 in. (20.32 x 24.77 cm)",Documentary photographs,In Copyright,"Box 1, Folder 7, Item BS 133",ZWU_SCA0228_B01_F07_BS133,2025-09-11,ZWU_SCA0228_B01_F07_BS133_001.jpg;ZWU_SCA0228_B01_F07_BS133_002.jpg
,34895,Image ,"Buildings and scenes, image BS 134","Buildings and scenes, image BS 134","Black and white photograph. Handwritten on verso, ""Old Chapel Hale House February 1940"" ","Yuen, Shui Kong, 1917-1992",Photographer,"Union College (Schenectady, N.Y.) http://id.worldcat.org/fast/563176",,,,"2 pages, 1 photograph : b&w ; 8 x 9.75 in. (20.32 x 24.77 cm)",Documentary photographs,In Copyright,"Box 1, Folder 7, Item BS 134",ZWU_SCA0228_B01_F07_BS134,2025-09-11,ZWU_SCA0228_B01_F07_BS134_001.jpg;ZWU_SCA0228_B01_F07_BS134_002.jpg
,34895,Image ,"Buildings and scenes, image BS 135","Buildings and scenes, image BS 135","Black and white photograph. Handwritten on verso, ""Old Chapel Hale House. Spring 1945"" ","Yuen, Shui Kong, 1917-1992",Photographer,"Union College (Schenectady, N.Y.) http://id.worldcat.org/fast/563176",,March 1945-May 1945,,"2 pages, 1 photograph : b&w ; 8 x 9.75 in. (20.32 x 24.77 cm)",Documentary photographs,In Copyright,"Box 1, Folder 7, Item BS 135",ZWU_SCA0228_B01_F07_BS135,2025-09-11,ZWU_SCA0228_B01_F07_BS135_001.jpg;ZWU_SCA0228_B01_F07_BS135_002.jpg
,34895,Image ,"Buildings and scenes, image BS 136","Buildings and scenes, image BS 136","Black and white photograph. Handwritten on verso, ""* Pasture used as Park Park for the American Locomotive Co. Tanks were parked on the Pasture"" ","Yuen, Shui Kong, 1917-1992",Photographer,"Union College (Schenectady, N.Y.) http://id.worldcat.org/fast/563176",,,,"2 pages, 1 photograph : b&w ; 8 x 9.75 in. (20.32 x 24.77 cm)",Documentary photographs,In Copyright,"Box 1, Folder 7, Item BS 136",ZWU_SCA0228_B01_F07_BS136,2025-09-11,ZWU_SCA0228_B01_F07_BS136_001.jpg;ZWU_SCA0228_B01_F07_BS136_002.jpg
,34895,Image ,"Buildings and scenes, image BS 137","Buildings and scenes, image BS 137","Black and white photograph. Handwritten on verso, ""Physics Lab. 1941"" ","Yuen, Shui Kong, 1917-1992",Photographer,"Union College (Schenectady, N.Y.) http://id.worldcat.org/fast/563176",,1941,,"2 pages, 1 photograph : b&w ; 8 x 9.75 in. (20.32 x 24.77 cm)",Documentary photographs,In Copyright,"Box 1, Folder 7, Item BS 137",ZWU_SCA0228_B01_F07_BS137,2025-09-11,ZWU_SCA0228_B01_F07_BS137_001.jpg;ZWU_SCA0228_B01_F07_BS137_002.jpg
,34895,Image ,"Buildings and scenes, image BS 138","Buildings and scenes, image BS 138","Black and white photograph. Handwritten on verso, ""Psychology Lab. Physics Lab. February, 1940"" ","Yuen, Shui Kong, 1917-1992",Photographer,"Union College (Schenectady, N.Y.) http://id.worldcat.org/fast/563176",,,1940-02-01,"2 pages, 1 photograph : b&w ; 8 x 9.75 in. (20.32 x 24.77 cm)",Documentary photographs,In Copyright,"Box 1, Folder 7, Item BS 138",ZWU_SCA0228_B01_F07_BS138,2025-09-11,ZWU_SCA0228_B01_F07_BS138_001.jpg;ZWU_SCA0228_B01_F07_BS138_002.jpg
,34895,Image ,"Buildings and scenes, image BS 139","Buildings and scenes, image BS 139","Black and white photograph. Handwritten on verso, ""South College April 1945"" ","Yuen, Shui Kong, 1917-1992",Photographer,"Union College (Schenectady, N.Y.) http://id.worldcat.org/fast/563176",,,1945-04-01,"2 pages, 1 photograph : b&w ; 8 x 9.75 in. (20.32 x 24.77 cm)",Documentary photographs,In Copyright,"Box 1, Folder 7, Item BS 139",ZWU_SCA0228_B01_F07_BS139,2025-09-11,ZWU_SCA0228_B01_F07_BS139_001.jpg;ZWU_SCA0228_B01_F07_BS139_002.jpg
,34895,Image ,"Buildings and scenes, image BS 140","Buildings and scenes, image BS 140","Black and white photograph. Handwritten on verso, ""Washburn Hall"" ","Yuen, Shui Kong, 1917-1992",Photographer,"Union College (Schenectady, N.Y.) http://id.worldcat.org/fast/563176",,,,"2 pages, 1 photograph : b&w ; 8 x 9.75 in. (20.32 x 24.77 cm)",Documentary photographs,In Copyright,"Box 1, Folder 7, Item BS 140",ZWU_SCA0228_B01_F07_BS140,2025-09-11,ZWU_SCA0228_B01_F07_BS140_001.jpg;ZWU_SCA0228_B01_F07_BS140_002.jpg
,34896,Image ,"Class day exercises, folder 08, image CD/42/1","Class day exercises, folder 08, image CD/42/1","Black and white photograph. Handwritten on verso, ""Class Day May 8, 1942"" ","Yuen, Shui Kong, 1917-1992",Photographer,"Union College (Schenectady, N.Y.) http://id.worldcat.org/fast/563176",,,1942-05-08,"2 pages, 1 photograph : b&w ; 8 x 9.75 in. (20.32 x 24.77 cm)",Documentary photographs,In Copyright,"Box 1, Folder 8, Item CD/42/1",ZWU_SCA0228_B01_F08_CD42001,2025-09-12,ZWU_SCA0228_B01_F08_CD42001_001.jpg;ZWU_SCA0228_B01_F08_CD42001_002.jpg
,34896,Image ,"Class day exercises, folder 08, image CD/42/2","Class day exercises, folder 08, image CD/42/2","Black and white photograph. Handwritten on verso, ""Class Day May 8, 1942"" ","Yuen, Shui Kong, 1917-1992",Photographer,"Union College (Schenectady, N.Y.) http://id.worldcat.org/fast/563176",,,1942-05-08,"2 pages, 1 photograph : b&w ; 8 x 9.75 in. (20.32 x 24.77 cm)",Documentary photographs,In Copyright,"Box 1, Folder 8, Item CD/42/2",ZWU_SCA0228_B01_F08_CD42002,2025-09-12,ZWU_SCA0228_B01_F08_CD42002_001.jpg;ZWU_SCA0228_B01_F08_CD42002_002.jpg
,34896,Image ,"Class day exercises, folder 08, image CD/42/3","Class day exercises, folder 08, image CD/42/3","Black and white photograph. Handwritten on verso, ""Class Day May 8, 1942"" ","Yuen, Shui Kong, 1917-1992",Photographer,"Union College (Schenectady, N.Y.) http://id.worldcat.org/fast/563176",,,1942-05-08,"2 pages, 1 photograph : b&w ; 8 x 9.75 in. (20.32 x 24.77 cm)",Documentary photographs,In Copyright,"Box 1, Folder 8, Item CD/42/3",ZWU_SCA0228_B01_F08_CD42003,2025-09-12,ZWU_SCA0228_B01_F08_CD42003_001.jpg;ZWU_SCA0228_B01_F08_CD42003_002.jpg
,34896,Image ,"Class day exercises, folder 08, image CD/42/4","Class day exercises, folder 08, image CD/42/4","Black and white photograph. Handwritten on verso, ""President Dixon Ryan Fox Class Day May 8, 1942"" ","Yuen, Shui Kong, 1917-1992",Photographer,"Union College (Schenectady, N.Y.) http://id.worldcat.org/fast/563176","Fox, Dixon Ryan, 1887-1945;",,1942-05-08,"2 pages, 1 photograph : b&w ; 8 x 9.75 in. (20.32 x 24.77 cm)",Documentary photographs,In Copyright,"Box 1, Folder 8, Item CD/42/4",ZWU_SCA0228_B01_F08_CD42004,2025-09-12,ZWU_SCA0228_B01_F08_CD42004_001.jpg;ZWU_SCA0228_B01_F08_CD42004_002.jpg
,34896,Image ,"Class day exercises, folder 08, image CD/42/5","Class day exercises, folder 08, image CD/42/5","Black and white photograph. Handwritten on verso, ""Class Day May 8, 1942"" ","Yuen, Shui Kong, 1917-1992",Photographer,"Union College (Schenectady, N.Y.) http://id.worldcat.org/fast/563176",,,1942-05-08,"2 pages, 1 photograph : b&w ; 8 x 9.75 in. (20.32 x 24.77 cm)",Documentary photographs,In Copyright,"Box 1, Folder 8, Item CD/42/5",ZWU_SCA0228_B01_F08_CD42005,2025-09-12,ZWU_SCA0228_B01_F08_CD42005_001.jpg;ZWU_SCA0228_B01_F08_CD42005_002.jpg
,34896,Image ,"Class day exercises, folder 08, image CD/42/6","Class day exercises, folder 08, image CD/42/6","Black and white photograph. Handwritten on verso, ""Roy Webster Class Day May 8, 1942"" ","Yuen, Shui Kong, 1917-1992",Photographer,"Union College (Schenectady, N.Y.) http://id.worldcat.org/fast/563176","Webster, Roy H.",,1942-05-08,"2 pages, 1 photograph : b&w ; 8 x 9.75 in. (20.32 x 24.77 cm)",Documentary photographs,In Copyright,"Box 1, Folder 8, Item CD/42/6",ZWU_SCA0228_B01_F08_CD42006,2025-09-12,ZWU_SCA0228_B01_F08_CD42006_001.jpg;ZWU_SCA0228_B01_F08_CD42006_002.jpg
,34896,Image ,"Class day exercises, folder 08, image CD/42/8","Class day exercises, folder 08, image CD/42/8","Black and white photograph. Handwritten on verso, ""Class Day May 8, 1942"" ","Yuen, Shui Kong, 1917-1992",Photographer,"Union College (Schenectady, N.Y.) http://id.worldcat.org/fast/563176",,,1942-05-08,"2 pages, 1 photograph : b&w ; 8 x 9.75 in. (20.32 x 24.77 cm)",Documentary photographs,In Copyright,"Box 1, Folder 8, Item CD/42/8",ZWU_SCA0228_B01_F08_CD42008,2025-09-12,ZWU_SCA0228_B01_F08_CD42008_001.jpg;ZWU_SCA0228_B01_F08_CD42008_002.jpg
,34896,Image ,"Class day exercises, folder 08, image CD/42/9","Class day exercises, folder 08, image CD/42/9","Black and white photograph. Handwritten on verso, ""Class Day May 8, 1942"" ","Yuen, Shui Kong, 1917-1992",Photographer,"Union College (Schenectady, N.Y.) http://id.worldcat.org/fast/563176",,,1942-05-08,"2 pages, 1 photograph : b&w ; 8 x 9.75 in. (20.32 x 24.77 cm)",Documentary photographs,In Copyright,"Box 1, Folder 8, Item CD/42/9",ZWU_SCA0228_B01_F08_CD42009,2025-09-12,ZWU_SCA0228_B01_F08_CD42009_001.jpg;ZWU_SCA0228_B01_F08_CD42009_002.jpg
,34896,Image ,"Class day exercises, folder 08, image CD/42/10","Class day exercises, folder 08, image CD/42/10","Black and white photograph. Handwritten on verso, ""Gus Fox Bill Ketz Class Day. May 8, 1942"" ","Yuen, Shui Kong, 1917-1992",Photographer,"Union College (Schenectady, N.Y.) http://id.worldcat.org/fast/563176","Fox, Gus;Ketz, Wilford, 1906-1991",,1942-05-08,"2 pages, 1 photograph : b&w ; 8 x 9.75 in. (20.32 x 24.77 cm)",Documentary photographs,In Copyright,"Box 1, Folder 8, Item CD/42/10",ZWU_SCA0228_B01_F08_CD42010,2025-09-12,ZWU_SCA0228_B01_F08_CD42010_001.jpg;ZWU_SCA0228_B01_F08_CD42010_002.jpg
,34897,Image ,"Class day exercises, folder 09, image CD/41/1","Class day exercises, folder 09, image CD/41/1","Black and white photograph. Handwritten on verso, ""Class Day Exercise June 6, 1941"" ","Yuen, Shui Kong, 1917-1992",Photographer,"Union College (Schenectady, N.Y.) http://id.worldcat.org/fast/563176",,,1941-06-06,"2 pages, 1 photograph : b&w ; 8 x 9.75 in. (20.32 x 24.77 cm)",Documentary photographs,In Copyright,"Box 1, Folder 9, Item CD/41/1",ZWU_SCA0228_B01_F09_CD41001,2025-09-12,ZWU_SCA0228_B01_F09_CD41001_001.jpg;ZWU_SCA0228_B01_F09_CD41001_002.jpg
,34898,Image ,"Class day exercises, folder 10, image CD/43/1","Class day exercises, folder 10, image CD/43/1","Black and white photograph. Handwritten on verso, ""George Weed Burton Ball Class Day. April 1943 (?)"" ","Yuen, Shui Kong, 1917-1992",Photographer,"Union College (Schenectady, N.Y.) http://id.worldcat.org/fast/563176","Weed, George;Ball, Burton",,1943-04-01,"2 pages, 1 photograph : b&w ; 8 x 9.75 in. (20.32 x 24.77 cm)",Documentary photographs,In Copyright,"Box 1, Folder 10, Item CD/43/1",ZWU_SCA0228_B01_F10_CD43001,2025-09-12,ZWU_SCA0228_B01_F10_CD43001_001.jpg;ZWU_SCA0228_B01_F10_CD43001_002.jpg
,34898,Image ,"Class day exercises, folder 10, image CD/43/2","Class day exercises, folder 10, image CD/43/2","Black and white photograph. Handwritten on verso, ""Class Day April 1943 (?)"" ","Yuen, Shui Kong, 1917-1992",Photographer,"Union College (Schenectady, N.Y.) http://id.worldcat.org/fast/563176",,,1943-04-01,"2 pages, 1 photograph : b&w ; 8 x 9.75 in. (20.32 x 24.77 cm)",Documentary photographs,In Copyright,"Box 1, Folder 10, Item CD/43/2",ZWU_SCA0228_B01_F10_CD43002,2025-09-12,ZWU_SCA0228_B01_F10_CD43002_001.jpg;ZWU_SCA0228_B01_F10_CD43002_002.jpg
,34898,Image ,"Class day exercises, folder 10, image CD/43/3","Class day exercises, folder 10, image CD/43/3","Black and white photograph. Handwritten on verso, ""Class Day April 1943 (?)"" ","Yuen, Shui Kong, 1917-1992",Photographer,"Union College (Schenectady, N.Y.) http://id.worldcat.org/fast/563176",,,1943-04-01,"2 pages, 1 photograph : b&w ; 8 x 9.75 in. (20.32 x 24.77 cm)",Documentary photographs,In Copyright,"Box 1, Folder 10, Item CD/43/3",ZWU_SCA0228_B01_F10_CD43003,2025-09-12,ZWU_SCA0228_B01_F10_CD43003_001.jpg;ZWU_SCA0228_B01_F10_CD43003_002.jpg
,34898,Image ,"Class day exercises, folder 10, image CD/43/4","Class day exercises, folder 10, image CD/43/4","Black and white photograph. Handwritten on verso, ""Class Day April 1943 (?)"" ","Yuen, Shui Kong, 1917-1992",Photographer,"Union College (Schenectady, N.Y.) http://id.worldcat.org/fast/563176",,,1943-04-01,"2 pages, 1 photograph : b&w ; 8 x 9.75 in. (20.32 x 24.77 cm)",Documentary photographs,In Copyright,"Box 1, Folder 10, Item CD/43/4",ZWU_SCA0228_B01_F10_CD43004,2025-09-12,ZWU_SCA0228_B01_F10_CD43004_001.jpg;ZWU_SCA0228_B01_F10_CD43004_002.jpg
,34898,Image ,"Class day exercises, folder 10, image CD/43/5","Class day exercises, folder 10, image CD/43/5","Black and white photograph. Handwritten on verso, ""Dave Bock Class Day April 1943 (?)"" ","Yuen, Shui Kong, 1917-1992",Photographer,"Union College (Schenectady, N.Y.) http://id.worldcat.org/fast/563176","Bock, David",,1943-04-01,"2 pages, 1 photograph : b&w ; 8 x 9.75 in. (20.32 x 24.77 cm)",Documentary photographs,In Copyright,"Box 1, Folder 10, Item CD/43/5",ZWU_SCA0228_B01_F10_CD43005,2025-09-12,ZWU_SCA0228_B01_F10_CD43005_001.jpg;ZWU_SCA0228_B01_F10_CD43005_002.jpg
,34898,Image ,"Class day exercises, folder 10, image CD/43/6","Class day exercises, folder 10, image CD/43/6","Black and white photograph. Handwritten on verso, ""Class Day April 1943 (?)"" ","Yuen, Shui Kong, 1917-1992",Photographer,"Union College (Schenectady, N.Y.) http://id.worldcat.org/fast/563176",,,1943-04-01,"2 pages, 1 photograph : b&w ; 8 x 9.75 in. (20.32 x 24.77 cm)",Documentary photographs,In Copyright,"Box 1, Folder 10, Item CD/43/6",ZWU_SCA0228_B01_F10_CD43006,2025-09-12,ZWU_SCA0228_B01_F10_CD43006_001.jpg;ZWU_SCA0228_B01_F10_CD43006_002.jpg
,34899,Image ,"College function, folder 11, image CF/12","College function, folder 11, image CF/12","Black and white photograph. Handwritten on verso, ""Walter Baker, Chairman of the Board of Trustees, addressing the gathering at the unveiling of the oil painting of the late President Dixon Ryan Fox. (Part of the Sesquicentennial Program) September 15, 1945"" ","Yuen, Shui Kong, 1917-1992",Photographer,"Union College (Schenectady, N.Y.) http://id.worldcat.org/fast/563176","Fox, Dixon Ryan, 1887-1945;Baker, Walter",,1945-09-15,"2 pages, 1 photograph : b&w ; 8 x 9.75 in. (20.32 x 24.77 cm)",Documentary photographs,In Copyright,"Box 1, Folder 11, Item CF/12",ZWU_SCA0228_B01_F11_CF012,2025-09-12,ZWU_SCA0228_B01_F11_CF012_001.jpg;ZWU_SCA0228_B01_F11_CF012_002.jpg
,34899,Image ,"College function, folder 11, image CF/13","College function, folder 11, image CF/13","Black and white photograph. Handwritten on verso, ""Walter Baker, (left) Chairman of the Board of Trustees accepting the portrait of Dr. Dixon Ryan Fox, late president of the college. It was presented is the college by Mr. Roy C. Mesir, a Trustee of the College. The artist, Mr. Adrian Lamb, (mgmt), also attended the presentation ceremony. September 15, 1945"" ","Yuen, Shui Kong, 1917-1992",Photographer,"Union College (Schenectady, N.Y.) http://id.worldcat.org/fast/563176","Fox, Dixon Ryan, 1887-1945;Baker, Walter",,1945-09-15,"2 pages, 1 photograph : b&w ; 8 x 9.75 in. (20.32 x 24.77 cm)",Documentary photographs,In Copyright,"Box 1, Folder 11, Item CF/13",ZWU_SCA0228_B01_F11_CF013,2025-09-12,ZWU_SCA0228_B01_F11_CF013_001.jpg;ZWU_SCA0228_B01_F11_CF013_002.jpg
,34900,Image ,"Commencement, folder 12, image C/41/1","Commencement, folder 12, image C/41/1","Black and white photograph. Handwritten on verso, ""Commencement Day Seniors singing at Payne Gate. June 9, 1941"" ","Yuen, Shui Kong, 1917-1992",Photographer,"Union College (Schenectady, N.Y.) http://id.worldcat.org/fast/563176",,,1941-06-09,"2 pages, 1 photograph : b&w ; 8 x 9.75 in. (20.32 x 24.77 cm)",Documentary photographs,In Copyright,"Box 1, Folder 12, Item C/41/1",ZWU_SCA0228_B01_F12_C41001,2025-09-12,ZWU_SCA0228_B01_F12_C41001_001.jpg;ZWU_SCA0228_B01_F12_C41001_002.jpg
,34900,Image ,"Commencement, folder 12, image C/41/2","Commencement, folder 12, image C/41/2","Black and white photograph. Handwritten on verso, ""Commencement Day at Payne Gate Leslie Schoolcraft '08 June 9, 1941"" ","Yuen, Shui Kong, 1917-1992",Photographer,"Union College (Schenectady, N.Y.) http://id.worldcat.org/fast/563176","Schoolcraft, Leslie",,1941-06-09,"2 pages, 1 photograph : b&w ; 8 x 9.75 in. (20.32 x 24.77 cm)",Documentary photographs,In Copyright,"Box 1, Folder 12, Item C/41/2",ZWU_SCA0228_B01_F12_C41002,2025-09-12,ZWU_SCA0228_B01_F12_C41002_001.jpg;ZWU_SCA0228_B01_F12_C41002_002.jpg
,34900,Image ,"Commencement, folder 12, image C/41/3","Commencement, folder 12, image C/41/3","Black and white photograph. Handwritten on verso, ""Commencement Day at Payne Gate Codman Hislop '31 June 9, 1941"" ","Yuen, Shui Kong, 1917-1992",Photographer,"Union College (Schenectady, N.Y.) http://id.worldcat.org/fast/563176","Hislop, Codman",,1941-06-09,"2 pages, 1 photograph : b&w ; 8 x 9.75 in. (20.32 x 24.77 cm)",Documentary photographs,In Copyright,"Box 1, Folder 12, Item C/41/3",ZWU_SCA0228_B01_F12_C41003,2025-09-12,ZWU_SCA0228_B01_F12_C41003_001.jpg;ZWU_SCA0228_B01_F12_C41003_002.jpg
,34900,Image ,"Commencement, folder 12, image C/41/4","Commencement, folder 12, image C/41/4","Black and white photograph. Handwritten on verso, ""Commencement Day at Payne Gate President Dixon Ryan Fox June 9, 1941"" ","Yuen, Shui Kong, 1917-1992",Photographer,"Union College (Schenectady, N.Y.) http://id.worldcat.org/fast/563176","Fox, Dixon Ryan, 1887-1945;",,1941-06-09,"2 pages, 1 photograph : b&w ; 8 x 9.75 in. (20.32 x 24.77 cm)",Documentary photographs,In Copyright,"Box 1, Folder 12, Item C/41/4",ZWU_SCA0228_B01_F12_C41004,2025-09-12,ZWU_SCA0228_B01_F12_C41004_001.jpg;ZWU_SCA0228_B01_F12_C41004_002.jpg
,34900,Image ,"Commencement, folder 12, image C/41/5","Commencement, folder 12, image C/41/5","Black and white photograph. Handwritten on verso, ""Commencement Procession led by Gus Fox June 9, 1941"" ","Yuen, Shui Kong, 1917-1992",Photographer,"Union College (Schenectady, N.Y.) http://id.worldcat.org/fast/563176","Fox, Gus",,1941-06-09,"2 pages, 1 photograph : b&w ; 8 x 9.75 in. (20.32 x 24.77 cm)",Documentary photographs,In Copyright,"Box 1, Folder 12, Item C/41/5",ZWU_SCA0228_B01_F12_C41005,2025-09-12,ZWU_SCA0228_B01_F12_C41005_001.jpg;ZWU_SCA0228_B01_F12_C41005_002.jpg
,34900,Image ,"Commencement, folder 12, image C/41/6","Commencement, folder 12, image C/41/6","Black and white photograph. Handwritten on verso, ""Commencement procession June 9, 1941"" ","Yuen, Shui Kong, 1917-1992",Photographer,"Union College (Schenectady, N.Y.) http://id.worldcat.org/fast/563176",,,1941-06-09,"2 pages, 1 photograph : b&w ; 8 x 9.75 in. (20.32 x 24.77 cm)",Documentary photographs,In Copyright,"Box 1, Folder 12, Item C/41/6",ZWU_SCA0228_B01_F12_C41006,2025-09-12,ZWU_SCA0228_B01_F12_C41006_001.jpg;ZWU_SCA0228_B01_F12_C41006_002.jpg
,34900,Image ,"Commencement, folder 12, image C/41/7","Commencement, folder 12, image C/41/7","Black and white photograph. Handwritten on verso, ""Commencement Procession June 9, 1941"" ","Yuen, Shui Kong, 1917-1992",Photographer,"Union College (Schenectady, N.Y.) http://id.worldcat.org/fast/563176",,,1941-06-09,"2 pages, 1 photograph : b&w ; 8 x 9.75 in. (20.32 x 24.77 cm)",Documentary photographs,In Copyright,"Box 1, Folder 12, Item C/41/7",ZWU_SCA0228_B01_F12_C41007,2025-09-12,ZWU_SCA0228_B01_F12_C41007_001.jpg;ZWU_SCA0228_B01_F12_C41007_002.jpg
,34900,Image ,"Commencement, folder 12, image C/41/8","Commencement, folder 12, image C/41/8","Black and white photograph. Handwritten on verso, ""Commencement procession June 9, 1941"" ","Yuen, Shui Kong, 1917-1992",Photographer,"Union College (Schenectady, N.Y.) http://id.worldcat.org/fast/563176",,,1941-06-09,"2 pages, 1 photograph : b&w ; 8 x 9.75 in. (20.32 x 24.77 cm)",Documentary photographs,In Copyright,"Box 1, Folder 12, Item C/41/8",ZWU_SCA0228_B01_F12_C41008,2025-09-12,ZWU_SCA0228_B01_F12_C41008_001.jpg;ZWU_SCA0228_B01_F12_C41008_002.jpg
,34900,Image ,"Commencement, folder 12, image C/41/9","Commencement, folder 12, image C/41/9","Black and white photograph. Handwritten on verso, ""Commencement procession June 9, 1941"" ","Yuen, Shui Kong, 1917-1992",Photographer,"Union College (Schenectady, N.Y.) http://id.worldcat.org/fast/563176",,,1941-06-09,"2 pages, 1 photograph : b&w ; 8 x 9.75 in. (20.32 x 24.77 cm)",Documentary photographs,In Copyright,"Box 1, Folder 12, Item C/41/9",ZWU_SCA0228_B01_F12_C41009,2025-09-12,ZWU_SCA0228_B01_F12_C41009_001.jpg;ZWU_SCA0228_B01_F12_C41009_002.jpg
,34900,Image ,"Commencement, folder 12, image C/41/10","Commencement, folder 12, image C/41/10","Black and white photograph. Handwritten on verso, ""Commencement procession June 9, 1941"" ","Yuen, Shui Kong, 1917-1992",Photographer,"Union College (Schenectady, N.Y.) http://id.worldcat.org/fast/563176",,,1941-06-09,"2 pages, 1 photograph : b&w ; 8 x 9.75 in. (20.32 x 24.77 cm)",Documentary photographs,In Copyright,"Box 1, Folder 12, Item C/41/10",ZWU_SCA0228_B01_F12_C41010,2025-09-12,ZWU_SCA0228_B01_F12_C41010_001.jpg;ZWU_SCA0228_B01_F12_C41010_002.jpg
,34900,Image ,"Commencement, folder 12, image C/41/11","Commencement, folder 12, image C/41/11","Black and white photograph. Handwritten on verso, ""Commencement procession June 9, 1941"" ","Yuen, Shui Kong, 1917-1992",Photographer,"Union College (Schenectady, N.Y.) http://id.worldcat.org/fast/563176",,,1941-06-09,"2 pages, 1 photograph : b&w ; 8 x 9.75 in. (20.32 x 24.77 cm)",Documentary photographs,In Copyright,"Box 1, Folder 12, Item C/41/11",ZWU_SCA0228_B01_F12_C41011,2025-09-12,ZWU_SCA0228_B01_F12_C41011_001.jpg;ZWU_SCA0228_B01_F12_C41011_002.jpg
,34900,Image ,"Commencement, folder 12, image C/41/12","Commencement, folder 12, image C/41/12","Black and white photograph. Handwritten on verso, ""Commencement procession June 9, 1941"" ","Yuen, Shui Kong, 1917-1992",Photographer,"Union College (Schenectady, N.Y.) http://id.worldcat.org/fast/563176",,,1941-06-09,"2 pages, 1 photograph : b&w ; 8 x 9.75 in. (20.32 x 24.77 cm)",Documentary photographs,In Copyright,"Box 1, Folder 12, Item C/41/12",ZWU_SCA0228_B01_F12_C41012,2025-09-12,ZWU_SCA0228_B01_F12_C41012_001.jpg;ZWU_SCA0228_B01_F12_C41012_002.jpg
,34901,Image ,"College function, folder 13, image CF/MISC/1","College function, folder 13, image CF/MISC/1","Black and white photograph. Handwritten on verso, ""Moving Up Day Spring 1941"" ","Yuen, Shui Kong, 1917-1992",Photographer,"Union College (Schenectady, N.Y.) http://id.worldcat.org/fast/563176",,March 1941-May 1941,,"2 pages, 1 photograph : b&w ; 8 x 9.75 in. (20.32 x 24.77 cm)",Documentary photographs,In Copyright,"Box 1, Folder 13, Item CF/MISC/1",ZWU_SCA0228_B01_F13_CFMISC001,2025-09-12,ZWU_SCA0228_B01_F13_CFMISC001_001.jpg;ZWU_SCA0228_B01_F13_CFMISC001_002.jpg
,34901,Image ,"College function, folder 13, image CF/MISC/2","College function, folder 13, image CF/MISC/2","Black and white photograph. Handwritten on verso, ""Moving Up Day April 1941"" ","Yuen, Shui Kong, 1917-1992",Photographer,"Union College (Schenectady, N.Y.) http://id.worldcat.org/fast/563176",,,1941-04-01,"2 pages, 1 photograph : b&w ; 8 x 9.75 in. (20.32 x 24.77 cm)",Documentary photographs,In Copyright,"Box 1, Folder 13, Item CF/MISC/2",ZWU_SCA0228_B01_F13_CFMISC002,2025-09-12,ZWU_SCA0228_B01_F13_CFMISC002_001.jpg;ZWU_SCA0228_B01_F13_CFMISC002_002.jpg
,34901,Image ,"College function, folder 13, image CF/MISC/3","College function, folder 13, image CF/MISC/3","Black and white photograph. Handwritten on verso, ""Moving Up Day April 1941"" ","Yuen, Shui Kong, 1917-1992",Photographer,"Union College (Schenectady, N.Y.) http://id.worldcat.org/fast/563176",,,1941-04-01,"2 pages, 1 photograph : b&w ; 8 x 9.75 in. (20.32 x 24.77 cm)",Documentary photographs,In Copyright,"Box 1, Folder 13, Item CF/MISC/3",ZWU_SCA0228_B01_F13_CFMISC003,2025-09-12,ZWU_SCA0228_B01_F13_CFMISC003_001.jpg;ZWU_SCA0228_B01_F13_CFMISC003_002.jpg
,34901,Image ,"College function, folder 13, image CF/MISC/4","College function, folder 13, image CF/MISC/4","Black and white photograph. Handwritten on verso, ""Moving Up Day April 1941"" ","Yuen, Shui Kong, 1917-1992",Photographer,"Union College (Schenectady, N.Y.) http://id.worldcat.org/fast/563176",,,1941-04-01,"2 pages, 1 photograph : b&w ; 8 x 9.75 in. (20.32 x 24.77 cm)",Documentary photographs,In Copyright,"Box 1, Folder 13, Item CF/MISC/4",ZWU_SCA0228_B01_F13_CFMISC004,2025-09-12,ZWU_SCA0228_B01_F13_CFMISC004_001.jpg;ZWU_SCA0228_B01_F13_CFMISC004_002.jpg
,34901,Image ,"College function, folder 13, image CF/MISC/5","College function, folder 13, image CF/MISC/5","Black and white photograph. Handwritten on verso, """"Nels"" Farewell to ""Nels"" Nitchman 1941 (Seated - Dean Garis)."" ","Yuen, Shui Kong, 1917-1992",Photographer,"Union College (Schenectady, N.Y.) http://id.worldcat.org/fast/563176","Nitchman, Nelson Wallace, 1908-1991;Garis, Charles F. F.",1941,,"2 pages, 1 photograph : b&w ; 8 x 9.75 in. (20.32 x 24.77 cm)",Documentary photographs,In Copyright,"Box 1, Folder 13, Item CF/MISC/5",ZWU_SCA0228_B01_F13_CFMISC005,2025-09-12,ZWU_SCA0228_B01_F13_CFMISC005_001.jpg;ZWU_SCA0228_B01_F13_CFMISC005_002.jpg
,34901,Image ,"College function, folder 13, image CF/MISC/6","College function, folder 13, image CF/MISC/6","Black and white photograph. Handwritten on verso, """"Duke"" Nelson Farewell to ""Nels"" Nitchman 1941"" ","Yuen, Shui Kong, 1917-1992",Photographer,"Union College (Schenectady, N.Y.) http://id.worldcat.org/fast/563176","Nitchman, Nelson Wallace, 1908-1991",1941,,"2 pages, 1 photograph : b&w ; 8 x 9.75 in. (20.32 x 24.77 cm)",Documentary photographs,In Copyright,"Box 1, Folder 13, Item CF/MISC/6",ZWU_SCA0228_B01_F13_CFMISC006,2025-09-12,ZWU_SCA0228_B01_F13_CFMISC006_001.jpg;ZWU_SCA0228_B01_F13_CFMISC006_002.jpg
,34901,Image ,"College function, folder 13, image CF/MISC/7","College function, folder 13, image CF/MISC/7","Black and white photograph. Handwritten on verso, ""Dick Balch and ""Nels"" Nitchman Farewell to ""Nels"" Nitchman"" ","Yuen, Shui Kong, 1917-1992",Photographer,"Union College (Schenectady, N.Y.) http://id.worldcat.org/fast/563176","Nitchman, Nelson Wallace, 1908-1991",1941,,"2 pages, 1 photograph : b&w ; 8 x 9.75 in. (20.32 x 24.77 cm)",Documentary photographs,In Copyright,"Box 1, Folder 13, Item CF/MISC/7",ZWU_SCA0228_B01_F13_CFMISC007,2025-09-12,ZWU_SCA0228_B01_F13_CFMISC007_001.jpg;ZWU_SCA0228_B01_F13_CFMISC007_002.jpg
,34902,Image ,"Commencement, folder 14, image C/41/13","Commencement, folder 14, image C/41/13","Black and white photograph. Handwritten on verso, ""Commencement procession June 9, 1941"" ","Yuen, Shui Kong, 1917-1992",Photographer,"Union College (Schenectady, N.Y.) http://id.worldcat.org/fast/563176",,,1941-06-09,"2 pages, 1 photograph : b&w ; 8 x 9.75 in. (20.32 x 24.77 cm)",Documentary photographs,In Copyright,"Box 1, Folder 14, Item C/41/13",ZWU_SCA0228_B01_F14_C41013,2025-09-15,ZWU_SCA0228_B01_F14_C41013_001.jpg;ZWU_SCA0228_B01_F14_C41013_002.jpg
,34902,Image ,"Commencement, folder 14, image C/41/14","Commencement, folder 14, image C/41/14","Black and white photograph. Handwritten on verso, ""Commencement procession Walter C. Baker Archibald MacLeish X X X Dixon Ryan Fox June 9, 1941"" ","Yuen, Shui Kong, 1917-1992",Photographer,"Union College (Schenectady, N.Y.) http://id.worldcat.org/fast/563176","Baker, Walter C.;MacLeish, Archibald, 1892-1982;Fox, Dixon Ryan, 1887-1945",,1941-06-09,"2 pages, 1 photograph : b&w ; 8 x 9.75 in. (20.32 x 24.77 cm)",Documentary photographs,In Copyright,"Box 1, Folder 14, Item C/41/14",ZWU_SCA0228_B01_F14_C41014,2025-09-15,ZWU_SCA0228_B01_F14_C41014_001.jpg;ZWU_SCA0228_B01_F14_C41014_002.jpg
,34902,Image ,"Commencement, folder 14, image C/41/15","Commencement, folder 14, image C/41/15","Black and white photograph. Handwritten on verso, ""Commencement Class of 1941 June 9, 1941"" ","Yuen, Shui Kong, 1917-1992",Photographer,"Union College (Schenectady, N.Y.) http://id.worldcat.org/fast/563176",,,1941-06-09,"2 pages, 1 photograph : b&w ; 8 x 9.75 in. (20.32 x 24.77 cm)",Documentary photographs,In Copyright,"Box 1, Folder 14, Item C/41/15",ZWU_SCA0228_B01_F14_C41015,2025-09-15,ZWU_SCA0228_B01_F14_C41015_001.jpg;ZWU_SCA0228_B01_F14_C41015_002.jpg
,34902,Image ,"Commencement, folder 14, image C/41/16","Commencement, folder 14, image C/41/16","Black and white photograph. Handwritten on verso, ""Conferring of Degree to Archibald MacLeish at commencement June 9, 1941"" ","Yuen, Shui Kong, 1917-1992",Photographer,"Union College (Schenectady, N.Y.) http://id.worldcat.org/fast/563176","MacLeish, Archibald, 1892-1982",,1941-06-09,"2 pages, 1 photograph : b&w ; 8 x 9.75 in. (20.32 x 24.77 cm)",Documentary photographs,In Copyright,"Box 1, Folder 14, Item C/41/16",ZWU_SCA0228_B01_F14_C41016,2025-09-15,ZWU_SCA0228_B01_F14_C41016_001.jpg;ZWU_SCA0228_B01_F14_C41016_002.jpg
,34902,Image ,"Commencement, folder 14, image C/41/17","Commencement, folder 14, image C/41/17","Black and white photograph. Handwritten on verso, ""Commencement address by Archibald MacLeish June 9, 1941"" ","Yuen, Shui Kong, 1917-1992",Photographer,"Union College (Schenectady, N.Y.) http://id.worldcat.org/fast/563176","MacLeish, Archibald, 1892-1982",,1941-06-09,"2 pages, 1 photograph : b&w ; 8 x 9.75 in. (20.32 x 24.77 cm)",Documentary photographs,In Copyright,"Box 1, Folder 14, Item C/41/17",ZWU_SCA0228_B01_F14_C41017,2025-09-15,ZWU_SCA0228_B01_F14_C41017_001.jpg;ZWU_SCA0228_B01_F14_C41017_002.jpg
,34902,Image ,"Commencement, folder 14, image C/41/18","Commencement, folder 14, image C/41/18","Black and white photograph. Handwritten on verso, ""Robert Armstrong Malloy Commencement. June 9, 1941"" ","Yuen, Shui Kong, 1917-1992",Photographer,"Union College (Schenectady, N.Y.) http://id.worldcat.org/fast/563176","Malloy, Robert Armstrong",,1941-06-09,"2 pages, 1 photograph : b&w ; 8 x 9.75 in. (20.32 x 24.77 cm)",Documentary photographs,In Copyright,"Box 1, Folder 14, Item C/41/18",ZWU_SCA0228_B01_F14_C41018,2025-09-15,ZWU_SCA0228_B01_F14_C41018_001.jpg;ZWU_SCA0228_B01_F14_C41018_002.jpg
,34902,Image ,"Commencement, folder 14, image C/41/20","Commencement, folder 14, image C/41/20","Black and white photograph. Handwritten on verso, ""Gordon Parker Commencement June 9, 1941"" ","Yuen, Shui Kong, 1917-1992",Photographer,"Union College (Schenectady, N.Y.) http://id.worldcat.org/fast/563176","Parker, Gordon",,1941-06-09,"2 pages, 1 photograph : b&w ; 8 x 9.75 in. (20.32 x 24.77 cm)",Documentary photographs,In Copyright,"Box 1, Folder 14, Item C/41/20",ZWU_SCA0228_B01_F14_C41020,2025-09-15,ZWU_SCA0228_B01_F14_C41020_001.jpg;ZWU_SCA0228_B01_F14_C41020_002.jpg
,34902,Image ,"Commencement, folder 14, image C/41/21","Commencement, folder 14, image C/41/21","Black and white photograph. Handwritten on verso, ""William Frederick Walker Commencement June 9, 1941"" ","Yuen, Shui Kong, 1917-1992",Photographer,"Union College (Schenectady, N.Y.) http://id.worldcat.org/fast/563176","Walker, William Frederick",,1941-06-09,"2 pages, 1 photograph : b&w ; 8 x 9.75 in. (20.32 x 24.77 cm)",Documentary photographs,In Copyright,"Box 1, Folder 14, Item C/41/21",ZWU_SCA0228_B01_F14_C41021,2025-09-15,ZWU_SCA0228_B01_F14_C41021_001.jpg;ZWU_SCA0228_B01_F14_C41021_002.jpg
,34902,Image ,"Commencement, folder 14, image C/41/22","Commencement, folder 14, image C/41/22","Black and white photograph. Handwritten on verso, ""Austin White? Commencement June 9, 1941"" ","Yuen, Shui Kong, 1917-1992",Photographer,"Union College (Schenectady, N.Y.) http://id.worldcat.org/fast/563176","White, Austin",,1941-06-09,"2 pages, 1 photograph : b&w ; 8 x 9.75 in. (20.32 x 24.77 cm)",Documentary photographs,In Copyright,"Box 1, Folder 14, Item C/41/22",ZWU_SCA0228_B01_F14_C41022,2025-09-15,ZWU_SCA0228_B01_F14_C41022_001.jpg;ZWU_SCA0228_B01_F14_C41022_002.jpg
,34902,Image ,"Commencement, folder 14, image C/41/24","Commencement, folder 14, image C/41/24","Black and white photograph. Handwritten on verso, ""John P. Lewis Valedictory address June 9, 1941"" ","Yuen, Shui Kong, 1917-1992",Photographer,"Union College (Schenectady, N.Y.) http://id.worldcat.org/fast/563176","Lewis, John P.",,1941-06-09,"2 pages, 1 photograph : b&w ; 8 x 9.75 in. (20.32 x 24.77 cm)",Documentary photographs,In Copyright,"Box 1, Folder 14, Item C/41/24",ZWU_SCA0228_B01_F14_C41024,2025-09-15,ZWU_SCA0228_B01_F14_C41024_001.jpg;ZWU_SCA0228_B01_F14_C41024_002.jpg
,34902,Image ,"Commencement, folder 14, image C/41/25","Commencement, folder 14, image C/41/25","Black and white photograph. Handwritten on verso, ""Archibald MacLeish Dixon Ryan Fox Prof. Larrabee June 9, 1941"" ","Yuen, Shui Kong, 1917-1992",Photographer,"Union College (Schenectady, N.Y.) http://id.worldcat.org/fast/563176","Fox, Dixon Ryan, 1887-1945;MacLeish, Archibald, 1892-1982;Larrabee, Harold Atkins, 1894-1979;",,1941-06-09,"2 pages, 1 photograph : b&w ; 8 x 9.75 in. (20.32 x 24.77 cm)",Documentary photographs,In Copyright,"Box 1, Folder 14, Item C/41/25",ZWU_SCA0228_B01_F14_C41025,2025-09-15,ZWU_SCA0228_B01_F14_C41025_001.jpg;ZWU_SCA0228_B01_F14_C41025_002.jpg
,34903,Image ,"Commencement, folder 15, image C/42/1","Commencement, folder 15, image C/42/1","Black and white photograph. Handwritten on verso, ""Commencement May 1942"" ","Yuen, Shui Kong, 1917-1992",Photographer,"Union College (Schenectady, N.Y.) http://id.worldcat.org/fast/563176",,,1942-05-01,"2 pages, 1 photograph : b&w ; 8 x 9.75 in. (20.32 x 24.77 cm)",Documentary photographs,In Copyright,"Box 1, Folder 15, Item C/42/1",ZWU_SCA0228_B01_F15_C42001,2025-09-15,ZWU_SCA0228_B01_F15_C42001_001.jpg;ZWU_SCA0228_B01_F15_C42001_002.jpg
,34903,Image ,"Commencement, folder 15, image C/42/2","Commencement, folder 15, image C/42/2","Black and white photograph. Handwritten on verso, ""Commencement May 1942"" ","Yuen, Shui Kong, 1917-1992",Photographer,"Union College (Schenectady, N.Y.) http://id.worldcat.org/fast/563176",,,1942-05-01,"2 pages, 1 photograph : b&w ; 8 x 9.75 in. (20.32 x 24.77 cm)",Documentary photographs,In Copyright,"Box 1, Folder 15, Item C/42/2",ZWU_SCA0228_B01_F15_C42002,2025-09-15,ZWU_SCA0228_B01_F15_C42002_001.jpg;ZWU_SCA0228_B01_F15_C42002_002.jpg
,34904,Image ,"Commencement, folder 16, image C/43/1","Commencement, folder 16, image C/43/1","Black and white photograph. Handwritten on verso, ""Commencement 1943"" ","Yuen, Shui Kong, 1917-1992",Photographer,"Union College (Schenectady, N.Y.) http://id.worldcat.org/fast/563176",,1943,,"2 pages, 1 photograph : b&w ; 8 x 9.75 in. (20.32 x 24.77 cm)",Documentary photographs,In Copyright,"Box 1, Folder 16, Item C/43/1",ZWU_SCA0228_B01_F16_C43001,2025-09-15,ZWU_SCA0228_B01_F16_C43001_001.jpg;ZWU_SCA0228_B01_F16_C43001_002.jpg
,34904,Image ,"Commencement, folder 16, image C/43/2","Commencement, folder 16, image C/43/2","Black and white photograph. Handwritten on verso, ""Commencement 1943"" ","Yuen, Shui Kong, 1917-1992",Photographer,"Union College (Schenectady, N.Y.) http://id.worldcat.org/fast/563176",,1943,,"2 pages, 1 photograph : b&w ; 8 x 9.75 in. (20.32 x 24.77 cm)",Documentary photographs,In Copyright,"Box 1, Folder 16, Item C/43/2",ZWU_SCA0228_B01_F16_C43002,2025-09-15,ZWU_SCA0228_B01_F16_C43002_001.jpg;ZWU_SCA0228_B01_F16_C43002_002.jpg
,34904,Image ,"Commencement, folder 16, image C/43/3","Commencement, folder 16, image C/43/3","Black and white photograph. Handwritten on verso, ""Faculty Procession Commencement. 1943"" ","Yuen, Shui Kong, 1917-1992",Photographer,"Union College (Schenectady, N.Y.) http://id.worldcat.org/fast/563176",,1943,,"2 pages, 1 photograph : b&w ; 8 x 9.75 in. (20.32 x 24.77 cm)",Documentary photographs,In Copyright,"Box 1, Folder 16, Item C/43/3",ZWU_SCA0228_B01_F16_C43003,2025-09-15,ZWU_SCA0228_B01_F16_C43003_001.jpg;ZWU_SCA0228_B01_F16_C43003_002.jpg
,34904,Image ,"Commencement, folder 16, image C/43/4","Commencement, folder 16, image C/43/4","Black and white photograph. Handwritten on verso, ""Commencement 1943 Bob Stanley"" ","Yuen, Shui Kong, 1917-1992",Photographer,"Union College (Schenectady, N.Y.) http://id.worldcat.org/fast/563176","Stanley, Bob",1943,,"2 pages, 1 photograph : b&w ; 8 x 9.75 in. (20.32 x 24.77 cm)",Documentary photographs,In Copyright,"Box 1, Folder 16, Item C/43/4",ZWU_SCA0228_B01_F16_C43004,2025-09-15,ZWU_SCA0228_B01_F16_C43004_001.jpg;ZWU_SCA0228_B01_F16_C43004_002.jpg
,34904,Image ,"Commencement, folder 16, image C/43/5","Commencement, folder 16, image C/43/5","Black and white photograph. Handwritten on verso, ""Commencement 1943 Gus Fox"" ","Yuen, Shui Kong, 1917-1992",Photographer,"Union College (Schenectady, N.Y.) http://id.worldcat.org/fast/563176","Fox, Gus",1943,,"2 pages, 1 photograph : b&w ; 8 x 9.75 in. (20.32 x 24.77 cm)",Documentary photographs,In Copyright,"Box 1, Folder 16, Item C/43/5",ZWU_SCA0228_B01_F16_C43005,2025-09-15,ZWU_SCA0228_B01_F16_C43005_001.jpg;ZWU_SCA0228_B01_F16_C43005_002.jpg
,34904,Image ,"Commencement, folder 16, image C/43/6","Commencement, folder 16, image C/43/6","Black and white photograph. Handwritten on verso, ""Commencement 1943"" ","Yuen, Shui Kong, 1917-1992",Photographer,"Union College (Schenectady, N.Y.) http://id.worldcat.org/fast/563176",,1943,,"2 pages, 1 photograph : b&w ; 8 x 9.75 in. (20.32 x 24.77 cm)",Documentary photographs,In Copyright,"Box 1, Folder 16, Item C/43/6",ZWU_SCA0228_B01_F16_C43006,2025-09-15,ZWU_SCA0228_B01_F16_C43006_001.jpg;ZWU_SCA0228_B01_F16_C43006_002.jpg
,34904,Image ,"Commencement, folder 16, image C/43/7","Commencement, folder 16, image C/43/7","Black and white photograph. Handwritten on verso, ""Commencement 1943"" ","Yuen, Shui Kong, 1917-1992",Photographer,"Union College (Schenectady, N.Y.) http://id.worldcat.org/fast/563176",,1943,,"2 pages, 1 photograph : b&w ; 8 x 9.75 in. (20.32 x 24.77 cm)",Documentary photographs,In Copyright,"Box 1, Folder 16, Item C/43/7",ZWU_SCA0228_B01_F16_C43007,2025-09-15,ZWU_SCA0228_B01_F16_C43007_001.jpg;ZWU_SCA0228_B01_F16_C43007_002.jpg
,34904,Image ,"Commencement, folder 16, image C/43/8","Commencement, folder 16, image C/43/8","Black and white photograph. Handwritten on verso, ""Commencement 1943"" ","Yuen, Shui Kong, 1917-1992",Photographer,"Union College (Schenectady, N.Y.) http://id.worldcat.org/fast/563176",,1943,,"2 pages, 1 photograph : b&w ; 8 x 9.75 in. (20.32 x 24.77 cm)",Documentary photographs,In Copyright,"Box 1, Folder 16, Item C/43/8",ZWU_SCA0228_B01_F16_C43008,2025-09-15,ZWU_SCA0228_B01_F16_C43008_001.jpg;ZWU_SCA0228_B01_F16_C43008_002.jpg
,34904,Image ,"Commencement, folder 16, image C/43/9","Commencement, folder 16, image C/43/9","Black and white photograph. Handwritten on verso, ""Commencement 1943"" ","Yuen, Shui Kong, 1917-1992",Photographer,"Union College (Schenectady, N.Y.) http://id.worldcat.org/fast/563176",,1943,,"2 pages, 1 photograph : b&w ; 8 x 9.75 in. (20.32 x 24.77 cm)",Documentary photographs,In Copyright,"Box 1, Folder 16, Item C/43/9",ZWU_SCA0228_B01_F16_C43009,2025-09-15,ZWU_SCA0228_B01_F16_C43009_001.jpg;ZWU_SCA0228_B01_F16_C43009_002.jpg
,34904,Image ,"Commencement, folder 16, image C/43/10","Commencement, folder 16, image C/43/10","Black and white photograph. Handwritten on verso, ""Commencement 1943"" ","Yuen, Shui Kong, 1917-1992",Photographer,"Union College (Schenectady, N.Y.) http://id.worldcat.org/fast/563176",,1943,,"2 pages, 1 photograph : b&w ; 8 x 9.75 in. (20.32 x 24.77 cm)",Documentary photographs,In Copyright,"Box 1, Folder 16, Item C/43/10",ZWU_SCA0228_B01_F16_C43010,2025-09-15,ZWU_SCA0228_B01_F16_C43010_001.jpg;ZWU_SCA0228_B01_F16_C43010_002.jpg
,34904,Image ,"Commencement, folder 16, image C/43/11","Commencement, folder 16, image C/43/11","Black and white photograph. Handwritten on verso, ""Commencement 1943"" ","Yuen, Shui Kong, 1917-1992",Photographer,"Union College (Schenectady, N.Y.) http://id.worldcat.org/fast/563176",,1943,,"2 pages, 1 photograph : b&w ; 8 x 9.75 in. (20.32 x 24.77 cm)",Documentary photographs,In Copyright,"Box 1, Folder 16, Item C/43/11",ZWU_SCA0228_B01_F16_C43011,2025-09-15,ZWU_SCA0228_B01_F16_C43011_001.jpg;ZWU_SCA0228_B01_F16_C43011_002.jpg
,34904,Image ,"Commencement, folder 16, image C/43/12","Commencement, folder 16, image C/43/12","Black and white photograph. Handwritten on verso, ""Commencement 1943"" ","Yuen, Shui Kong, 1917-1992",Photographer,"Union College (Schenectady, N.Y.) http://id.worldcat.org/fast/563176",,1943,,"2 pages, 1 photograph : b&w ; 8 x 9.75 in. (20.32 x 24.77 cm)",Documentary photographs,In Copyright,"Box 1, Folder 16, Item C/43/12",ZWU_SCA0228_B01_F16_C43012,2025-09-15,ZWU_SCA0228_B01_F16_C43012_001.jpg;ZWU_SCA0228_B01_F16_C43012_002.jpg
,34905,Image ,"Commencement, folder 17, image C/44/1","Commencement, folder 17, image C/44/1","Black and white photograph. Handwritten on verso, ""Robert Patterson? Asst. Secretary of the Navy? Commencement June 1944"" ","Yuen, Shui Kong, 1917-1992",Photographer,"Union College (Schenectady, N.Y.) http://id.worldcat.org/fast/563176","Patterson, Robert Porter, 1891-1952",,1944-06-01,"2 pages, 1 photograph : b&w ; 8 x 9.75 in. (20.32 x 24.77 cm)",Documentary photographs,In Copyright,"Box 1, Folder 17, Item C/44/1",ZWU_SCA0228_B01_F17_C44001,2025-09-15,ZWU_SCA0228_B01_F17_C44001_001.jpg;ZWU_SCA0228_B01_F17_C44001_002.jpg
,34905,Image ,"Commencement, folder 17, image C/44/2","Commencement, folder 17, image C/44/2","Black and white photograph. Handwritten on verso, ""Commencement June 1944"" ","Yuen, Shui Kong, 1917-1992",Photographer,"Union College (Schenectady, N.Y.) http://id.worldcat.org/fast/563176",,,1944-06-01,"2 pages, 1 photograph : b&w ; 8 x 9.75 in. (20.32 x 24.77 cm)",Documentary photographs,In Copyright,"Box 1, Folder 17, Item C/44/2",ZWU_SCA0228_B01_F17_C44002,2025-09-15,ZWU_SCA0228_B01_F17_C44002_001.jpg;ZWU_SCA0228_B01_F17_C44002_002.jpg
,34905,Image ,"Commencement, folder 17, image C/44/3","Commencement, folder 17, image C/44/3","Black and white photograph. Handwritten on verso, ""Robert Patterson? Asst. Secretary of the Navy? Commencement June 1944"" ","Yuen, Shui Kong, 1917-1992",Photographer,"Union College (Schenectady, N.Y.) http://id.worldcat.org/fast/563176","Patterson, Robert Porter, 1891-1952",,1944-06-01,"2 pages, 1 photograph : b&w ; 8 x 9.75 in. (20.32 x 24.77 cm)",Documentary photographs,In Copyright,"Box 1, Folder 17, Item C/44/3",ZWU_SCA0228_B01_F17_C44003,2025-09-15,ZWU_SCA0228_B01_F17_C44003_001.jpg;ZWU_SCA0228_B01_F17_C44003_002.jpg
,34905,Image ,"Commencement, folder 17, image C/44/4","Commencement, folder 17, image C/44/4","Black and white photograph. Handwritten on verso, ""Commencement June 1944"" ","Yuen, Shui Kong, 1917-1992",Photographer,"Union College (Schenectady, N.Y.) http://id.worldcat.org/fast/563176",,,1944-06-01,"2 pages, 1 photograph : b&w ; 8 x 9.75 in. (20.32 x 24.77 cm)",Documentary photographs,In Copyright,"Box 1, Folder 17, Item C/44/4",ZWU_SCA0228_B01_F17_C44004,2025-09-15,ZWU_SCA0228_B01_F17_C44004_001.jpg;ZWU_SCA0228_B01_F17_C44004_002.jpg
,34905,Image ,"Commencement, folder 17, image C/44/5","Commencement, folder 17, image C/44/5","Black and white photograph. Handwritten on verso, ""Commencement June 1944"" ","Yuen, Shui Kong, 1917-1992",Photographer,"Union College (Schenectady, N.Y.) http://id.worldcat.org/fast/563176",,,1944-06-01,"2 pages, 1 photograph : b&w ; 8 x 9.75 in. (20.32 x 24.77 cm)",Documentary photographs,In Copyright,"Box 1, Folder 17, Item C/44/5",ZWU_SCA0228_B01_F17_C44005,2025-09-15,ZWU_SCA0228_B01_F17_C44005_001.jpg;ZWU_SCA0228_B01_F17_C44005_002.jpg
,34905,Image ,"Commencement, folder 17, image C/44/6","Commencement, folder 17, image C/44/6","Black and white photograph. Handwritten on verso, ""Commencement June 1944"" ","Yuen, Shui Kong, 1917-1992",Photographer,"Union College (Schenectady, N.Y.) http://id.worldcat.org/fast/563176",,,1944-06-01,"2 pages, 1 photograph : b&w ; 8 x 9.75 in. (20.32 x 24.77 cm)",Documentary photographs,In Copyright,"Box 1, Folder 17, Item C/44/6",ZWU_SCA0228_B01_F17_C44006,2025-09-15,ZWU_SCA0228_B01_F17_C44006_001.jpg;ZWU_SCA0228_B01_F17_C44006_002.jpg
,34906,Image ,"Commencement, folder 18, image C/45/1","Commencement, folder 18, image C/45/1","Black and white photograph. Handwritten on verso, ""Commencement June 2, 1945"" ","Yuen, Shui Kong, 1917-1992",Photographer,"Union College (Schenectady, N.Y.) http://id.worldcat.org/fast/563176",,,1945-06-02,"2 pages, 1 photograph : b&w ; 8 x 9.75 in. (20.32 x 24.77 cm)",Documentary photographs,In Copyright,"Box 1, Folder 18, Item C/45/1",ZWU_SCA0228_B01_F18_C45001,2025-09-15,ZWU_SCA0228_B01_F18_C45001_001.jpg;ZWU_SCA0228_B01_F18_C45001_002.jpg
,34906,Image ,"Commencement, folder 18, image C/45/2","Commencement, folder 18, image C/45/2","Black and white photograph. Handwritten on verso, ""Commencement June 2, 1945"" ","Yuen, Shui Kong, 1917-1992",Photographer,"Union College (Schenectady, N.Y.) http://id.worldcat.org/fast/563176",,,1945-06-02,"2 pages, 1 photograph : b&w ; 8 x 9.75 in. (20.32 x 24.77 cm)",Documentary photographs,In Copyright,"Box 1, Folder 18, Item C/45/2",ZWU_SCA0228_B01_F18_C45002,2025-09-15,ZWU_SCA0228_B01_F18_C45002_001.jpg;ZWU_SCA0228_B01_F18_C45002_002.jpg
,34906,Image ,"Commencement, folder 18, image C/45/3","Commencement, folder 18, image C/45/3","Black and white photograph. Handwritten on verso, ""Commencement June 2, 1945"" ","Yuen, Shui Kong, 1917-1992",Photographer,"Union College (Schenectady, N.Y.) http://id.worldcat.org/fast/563176",,,1945-06-02,"2 pages, 1 photograph : b&w ; 8 x 9.75 in. (20.32 x 24.77 cm)",Documentary photographs,In Copyright,"Box 1, Folder 18, Item C/45/3",ZWU_SCA0228_B01_F18_C45003,2025-09-15,ZWU_SCA0228_B01_F18_C45003_001.jpg;ZWU_SCA0228_B01_F18_C45003_002.jpg
,34906,Image ,"Commencement, folder 18, image C/45/4","Commencement, folder 18, image C/45/4","Black and white photograph. Handwritten on verso, ""Commencement June 2, 1945"" ","Yuen, Shui Kong, 1917-1992",Photographer,"Union College (Schenectady, N.Y.) http://id.worldcat.org/fast/563176",,,1945-06-02,"2 pages, 1 photograph : b&w ; 8 x 9.75 in. (20.32 x 24.77 cm)",Documentary photographs,In Copyright,"Box 1, Folder 18, Item C/45/4",ZWU_SCA0228_B01_F18_C45004,2025-09-15,ZWU_SCA0228_B01_F18_C45004_001.jpg;ZWU_SCA0228_B01_F18_C45004_002.jpg
,34906,Image ,"Commencement, folder 18, image C/45/5","Commencement, folder 18, image C/45/5","Black and white photograph. Handwritten on verso, ""Commencement June 2, 1945"" ","Yuen, Shui Kong, 1917-1992",Photographer,"Union College (Schenectady, N.Y.) http://id.worldcat.org/fast/563176",,,1945-06-02,"2 pages, 1 photograph : b&w ; 8 x 9.75 in. (20.32 x 24.77 cm)",Documentary photographs,In Copyright,"Box 1, Folder 18, Item C/45/5",ZWU_SCA0228_B01_F18_C45005,2025-09-15,ZWU_SCA0228_B01_F18_C45005_001.jpg;ZWU_SCA0228_B01_F18_C45005_002.jpg
,34906,Image ,"Commencement, folder 18, image C/45/6","Commencement, folder 18, image C/45/6","Black and white photograph. Handwritten on verso, ""Commencement June 2, 1945"" ","Yuen, Shui Kong, 1917-1992",Photographer,"Union College (Schenectady, N.Y.) http://id.worldcat.org/fast/563176",,,1945-06-02,"2 pages, 1 photograph : b&w ; 8 x 9.75 in. (20.32 x 24.77 cm)",Documentary photographs,In Copyright,"Box 1, Folder 18, Item C/45/6",ZWU_SCA0228_B01_F18_C45006,2025-09-15,ZWU_SCA0228_B01_F18_C45006_001.jpg;ZWU_SCA0228_B01_F18_C45006_002.jpg
,34906,Image ,"Commencement, folder 18, image C/45/7","Commencement, folder 18, image C/45/7","Black and white photograph. Handwritten on verso, ""Commencement June 2, 1945"" ","Yuen, Shui Kong, 1917-1992",Photographer,"Union College (Schenectady, N.Y.) http://id.worldcat.org/fast/563176",,,1945-06-02,"2 pages, 1 photograph : b&w ; 8 x 9.75 in. (20.32 x 24.77 cm)",Documentary photographs,In Copyright,"Box 1, Folder 18, Item C/45/7",ZWU_SCA0228_B01_F18_C45007,2025-09-15,ZWU_SCA0228_B01_F18_C45007_001.jpg;ZWU_SCA0228_B01_F18_C45007_002.jpg
,34906,Image ,"Commencement, folder 18, image C/45/8","Commencement, folder 18, image C/45/8","Black and white photograph. Handwritten on verso, ""Commencement June 2, 1945"" ","Yuen, Shui Kong, 1917-1992",Photographer,"Union College (Schenectady, N.Y.) http://id.worldcat.org/fast/563176",,,1945-06-02,"2 pages, 1 photograph : b&w ; 8 x 9.75 in. (20.32 x 24.77 cm)",Documentary photographs,In Copyright,"Box 1, Folder 18, Item C/45/8",ZWU_SCA0228_B01_F18_C45008,2025-09-15,ZWU_SCA0228_B01_F18_C45008_001.jpg;ZWU_SCA0228_B01_F18_C45008_002.jpg
,34906,Image ,"Commencement, folder 18, image C/45/9","Commencement, folder 18, image C/45/9","Black and white photograph. Handwritten on verso, ""Commencement June 2, 1945"" ","Yuen, Shui Kong, 1917-1992",Photographer,"Union College (Schenectady, N.Y.) http://id.worldcat.org/fast/563176",,,1945-06-02,"2 pages, 1 photograph : b&w ; 8 x 9.75 in. (20.32 x 24.77 cm)",Documentary photographs,In Copyright,"Box 1, Folder 18, Item C/45/9",ZWU_SCA0228_B01_F18_C45009,2025-09-15,ZWU_SCA0228_B01_F18_C45009_001.jpg;ZWU_SCA0228_B01_F18_C45009_002.jpg
,34906,Image ,"Commencement, folder 18, image C/45/10","Commencement, folder 18, image C/45/10","Black and white photograph. Handwritten on verso, ""Commencement June 2, 1945"" ","Yuen, Shui Kong, 1917-1992",Photographer,"Union College (Schenectady, N.Y.) http://id.worldcat.org/fast/563176",,,1945-06-02,"2 pages, 1 photograph : b&w ; 8 x 9.75 in. (20.32 x 24.77 cm)",Documentary photographs,In Copyright,"Box 1, Folder 18, Item C/45/10",ZWU_SCA0228_B01_F18_C45010,2025-09-15,ZWU_SCA0228_B01_F18_C45010_001.jpg;ZWU_SCA0228_B01_F18_C45010_002.jpg
,34906,Image ,"Commencement, folder 18, image C/45/12","Commencement, folder 18, image C/45/12","Black and white photograph. Handwritten on verso, ""Acting President Prof. Benjamin P. Whitaker addressing the graduating students and the gathering Commencement June 2, 1945 (taken with a 5x7 studio view camera)"" ","Yuen, Shui Kong, 1917-1992",Photographer,"Union College (Schenectady, N.Y.) http://id.worldcat.org/fast/563176","Whitaker, Benjamin F.",,1945-06-02,"2 pages, 1 photograph : b&w ; 8 x 9.75 in. (20.32 x 24.77 cm)",Documentary photographs,In Copyright,"Box 1, Folder 18, Item C/45/12",ZWU_SCA0228_B01_F18_C45012,2025-09-15,ZWU_SCA0228_B01_F18_C45012_001.jpg;ZWU_SCA0228_B01_F18_C45012_002.jpg
,34906,Image ,"Commencement, folder 18, image C/45/13","Commencement, folder 18, image C/45/13","Black and white photograph. Handwritten on verso, ""Commencement June 2, 1945 (taken with a 5x7 studio view camera)"" ","Yuen, Shui Kong, 1917-1992",Photographer,"Union College (Schenectady, N.Y.) http://id.worldcat.org/fast/563176",,,1945-06-02,"2 pages, 1 photograph : b&w ; 8 x 9.75 in. (20.32 x 24.77 cm)",Documentary photographs,In Copyright,"Box 1, Folder 18, Item C/45/13",ZWU_SCA0228_B01_F18_C45013,2025-09-15,ZWU_SCA0228_B01_F18_C45013_001.jpg;ZWU_SCA0228_B01_F18_C45013_002.jpg
,34906,Image ,"Commencement, folder 18, image C/45/14","Commencement, folder 18, image C/45/14","Black and white photograph. Handwritten on verso, ""Acting President Prof. Benjamin P. Whitaker congratulating the candidate and Dean Garis making the announcement Commencement June 2, 1945. (taken with a 5x7 studio view camera)"" ","Yuen, Shui Kong, 1917-1992",Photographer,"Union College (Schenectady, N.Y.) http://id.worldcat.org/fast/563176","Whitaker, Benjamin F.;Garis, Charles F. F.",,1945-06-02,"2 pages, 1 photograph : b&w ; 8 x 9.75 in. (20.32 x 24.77 cm)",Documentary photographs,In Copyright,"Box 1, Folder 18, Item C/45/14",ZWU_SCA0228_B01_F18_C45014,2025-09-15,ZWU_SCA0228_B01_F18_C45014_001.jpg;ZWU_SCA0228_B01_F18_C45014_002.jpg
,34909,Image ,"Cane rush, folder 19, image CF/CR/41","Cane rush, folder 19, image CF/CR/41","Black and white photograph. Handwritten on verso, ""Cane Rush Vermont F. S. Cane Rush?"" ","Yuen, Shui Kong, 1917-1992",Photographer,"Union College (Schenectady, N.Y.) http://id.worldcat.org/fast/563176",,,,"2 pages, 1 photograph : b&w ; 8 x 9.75 in. (20.32 x 24.77 cm)",Documentary photographs,In Copyright,"Box 1, Folder 19, Item CF/CR/41",ZWU_SCA0228_B01_F19_CFCR041,2025-09-15,ZWU_SCA0228_B01_F19_CFCR041_001.jpg;ZWU_SCA0228_B01_F19_CFCR041_002.jpg
,34909,Image ,"Cane rush, folder 19, image CF/CR/42","Cane rush, folder 19, image CF/CR/42","Black and white photograph. Handwritten on verso, ""Cane Rush Vermont F. S. Cane Rush?"" ","Yuen, Shui Kong, 1917-1992",Photographer,"Union College (Schenectady, N.Y.) http://id.worldcat.org/fast/563176",,,,"2 pages, 1 photograph : b&w ; 8 x 9.75 in. (20.32 x 24.77 cm)",Documentary photographs,In Copyright,"Box 1, Folder 19, Item CF/CR/42",ZWU_SCA0228_B01_F19_CFCR042,2025-09-15,ZWU_SCA0228_B01_F19_CFCR042_001.jpg;ZWU_SCA0228_B01_F19_CFCR042_002.jpg
,34909,Image ,"Cane rush, folder 19, image CF/CR/43","Cane rush, folder 19, image CF/CR/43","Black and white photograph. Handwritten on verso, ""Vermont F. S. Cane Rush?"" ","Yuen, Shui Kong, 1917-1992",Photographer,"Union College (Schenectady, N.Y.) http://id.worldcat.org/fast/563176",,,,"2 pages, 1 photograph : b&w ; 8 x 9.75 in. (20.32 x 24.77 cm)",Documentary photographs,In Copyright,"Box 1, Folder 19, Item CF/CR/43",ZWU_SCA0228_B01_F19_CFCR043,2025-09-15,ZWU_SCA0228_B01_F19_CFCR043_001.jpg;ZWU_SCA0228_B01_F19_CFCR043_002.jpg
,34909,Image ,"Cane rush, folder 19, image CF/CR/44","Cane rush, folder 19, image CF/CR/44","Black and white photograph. Handwritten on verso, ""Vermont F. S. Cane Rush?"" ","Yuen, Shui Kong, 1917-1992",Photographer,"Union College (Schenectady, N.Y.) http://id.worldcat.org/fast/563176",,,,"2 pages, 1 photograph : b&w ; 8 x 9.75 in. (20.32 x 24.77 cm)",Documentary photographs,In Copyright,"Box 1, Folder 19, Item CF/CR/44",ZWU_SCA0228_B01_F19_CFCR044,2025-09-15,ZWU_SCA0228_B01_F19_CFCR044_001.jpg;ZWU_SCA0228_B01_F19_CFCR044_002.jpg
,34907,Image ,"Cane rush, folder 20, image CF/CR/14","Cane rush, folder 20, image CF/CR/14","Black and white photograph. Handwritten on verso, ""Sophomores gathered in front of C.E. building before CANE RUSH September, 1939"" ","Yuen, Shui Kong, 1917-1992",Photographer,"Union College (Schenectady, N.Y.) http://id.worldcat.org/fast/563176",,,1939-09-01,"2 pages, 1 photograph : b&w ; 8 x 9.75 in. (20.32 x 24.77 cm)",Documentary photographs,In Copyright,"Box 1, Folder 20, Item CF/CR/14",ZWU_SCA0228_B01_F20_CFCR014,2025-09-15,ZWU_SCA0228_B01_F20_CFCR014_001.jpg;ZWU_SCA0228_B01_F20_CFCR014_002.jpg
,34907,Image ,"Cane rush, folder 20, image CF/CR/15","Cane rush, folder 20, image CF/CR/15","Black and white photograph. Handwritten on verso, ""YUEN Freshman-Sophomore Cane Rush September, 1939"" ","Yuen, Shui Kong, 1917-1992",Photographer,"Union College (Schenectady, N.Y.) http://id.worldcat.org/fast/563176","Yuen, Shui Kong, 1917-1992",,1939-09-01,"2 pages, 1 photograph : b&w ; 8 x 9.75 in. (20.32 x 24.77 cm)",Documentary photographs,In Copyright,"Box 1, Folder 20, Item CF/CR/15",ZWU_SCA0228_B01_F20_CFCR015,2025-09-15,ZWU_SCA0228_B01_F20_CFCR015_001.jpg;ZWU_SCA0228_B01_F20_CFCR015_002.jpg
,34907,Image ,"Cane rush, folder 20, image CF/CR/16","Cane rush, folder 20, image CF/CR/16","Black and white photograph. Handwritten on verso, ""YUEN Freshman-Sophomore Cane Rush. September, 1939"" ","Yuen, Shui Kong, 1917-1992",Photographer,"Union College (Schenectady, N.Y.) http://id.worldcat.org/fast/563176","Yuen, Shui Kong, 1917-1992",,1939-09-01,"2 pages, 1 photograph : b&w ; 8 x 9.75 in. (20.32 x 24.77 cm)",Documentary photographs,In Copyright,"Box 1, Folder 20, Item CF/CR/16",ZWU_SCA0228_B01_F20_CFCR016,2025-09-15,ZWU_SCA0228_B01_F20_CFCR016_001.jpg;ZWU_SCA0228_B01_F20_CFCR016_002.jpg
,34908,Image ,"College function, folder 21, image CF/BP/17","College function, folder 21, image CF/BP/17","Black and white photograph. Handwritten on verso, ""Bill Taylor Junior-Senior Beer Party. Jackson's Garden Spring 1941"" ","Yuen, Shui Kong, 1917-1992",Photographer,"Union College (Schenectady, N.Y.) http://id.worldcat.org/fast/563176","Taylor, William",March 1941-May 1941,,"2 pages, 1 photograph : b&w ; 8 x 9.75 in. (20.32 x 24.77 cm)",Documentary photographs,In Copyright,"Box 1, Folder 21, Item CF/BP/17",ZWU_SCA0228_B01_F21_CFBP017,2025-09-15,ZWU_SCA0228_B01_F21_CFBP017_001.jpg;ZWU_SCA0228_B01_F21_CFBP017_002.jpg
,34908,Image ,"College function, folder 21, image CF/BP/18","College function, folder 21, image CF/BP/18","Black and white photograph. Handwritten on verso, ""Junior-Senior Beer Party Jackson's Garden Spring, 1941"" ","Yuen, Shui Kong, 1917-1992",Photographer,"Union College (Schenectady, N.Y.) http://id.worldcat.org/fast/563176",,March 1941-May 1941,,"2 pages, 1 photograph : b&w ; 8 x 9.75 in. (20.32 x 24.77 cm)",Documentary photographs,In Copyright,"Box 1, Folder 21, Item CF/BP/18",ZWU_SCA0228_B01_F21_CFBP018,2025-09-15,ZWU_SCA0228_B01_F21_CFBP018_001.jpg;ZWU_SCA0228_B01_F21_CFBP018_002.jpg
,34910,Image ,"College function, folder 22, image CF/MISC/8","College function, folder 22, image CF/MISC/8","Black and white photograph. Handwritten on verso, ""Moving Up Day Spring 1939"" ","Yuen, Shui Kong, 1917-1992",Photographer,"Union College (Schenectady, N.Y.) http://id.worldcat.org/fast/563176",,March 1939-May 1939,,"2 pages, 1 photograph : b&w ; 8 x 9.75 in. (20.32 x 24.77 cm)",Documentary photographs,In Copyright,"Box 1, Folder 22, Item CF/MISC/8",ZWU_SCA0228_B01_F22_CFMISC008,2025-09-15,ZWU_SCA0228_B01_F22_CFMISC008_001.jpg;ZWU_SCA0228_B01_F22_CFMISC008_002.jpg
,34910,Image ,"College function, folder 22, image CF/MISC/9","College function, folder 22, image CF/MISC/9","Black and white photograph. Handwritten on verso, ""Moving Up Day Spring 1939"" ","Yuen, Shui Kong, 1917-1992",Photographer,"Union College (Schenectady, N.Y.) http://id.worldcat.org/fast/563176",,March 1939-May 1939,,"2 pages, 1 photograph : b&w ; 8 x 9.75 in. (20.32 x 24.77 cm)",Documentary photographs,In Copyright,"Box 1, Folder 22, Item CF/MISC/9",ZWU_SCA0228_B01_F22_CFMISC009,2025-09-15,ZWU_SCA0228_B01_F22_CFMISC009_001.jpg;ZWU_SCA0228_B01_F22_CFMISC009_002.jpg
,34911,Image ,"College function, folder 23, image CF/PF/1","College function, folder 23, image CF/PF/1","Black and white photograph. Handwritten on verso, ""Paint Fight at the IDOL Summer 1945"" ","Yuen, Shui Kong, 1917-1992",Photographer,"Union College (Schenectady, N.Y.) http://id.worldcat.org/fast/563176",,June 1945-August 1945,,"2 pages, 1 photograph : b&w ; 8 x 9.75 in. (20.32 x 24.77 cm)",Documentary photographs,In Copyright,"Box 1, Folder 23, Item CF/PF/1",ZWU_SCA0228_B01_F23_CFPF001,2025-09-15,ZWU_SCA0228_B01_F23_CFPF001_001.jpg;ZWU_SCA0228_B01_F23_CFPF001_002.jpg
,34912,Image ,"College function, folder 24, image F/PD/19","College function, folder 24, image F/PD/19","Black and white photograph. Handwritten on verso, ""Prize Day Dr. Fox, Speaker - Prof. Langsam, Dean Garis April 22, 1942"" ","Yuen, Shui Kong, 1917-1992",Photographer,"Union College (Schenectady, N.Y.) http://id.worldcat.org/fast/563176","Fox, Dixon Ryan, 1887-1945;Garis, Charles F. F.;Langsam, Walter Consuelo, 1906-1985;",,1942-04-22,"2 pages, 1 photograph : b&w ; 8 x 9.75 in. (20.32 x 24.77 cm)",Documentary photographs,In Copyright,"Box 1, Folder 24, Item CF/PD/19",ZWU_SCA0228_B01_F24_CFPD019,2025-09-15,ZWU_SCA0228_B01_F24_CFPD019_001.jpg;ZWU_SCA0228_B01_F24_CFPD019_002.jpg
,34912,Image ,"College function, folder 24, image F/PD/20","College function, folder 24, image F/PD/20","Black and white photograph. Handwritten on verso, ""Prize Day Speaker - Prof. Langsam April 22, 1942"" ","Yuen, Shui Kong, 1917-1992",Photographer,"Union College (Schenectady, N.Y.) http://id.worldcat.org/fast/563176","Langsam, Walter Consuelo, 1906-1985",,1942-04-22,"2 pages, 1 photograph : b&w ; 8 x 9.75 in. (20.32 x 24.77 cm)",Documentary photographs,In Copyright,"Box 1, Folder 24, Item CF/PD/20",ZWU_SCA0228_B01_F24_CFPD020,2025-09-15,ZWU_SCA0228_B01_F24_CFPD020_001.jpg;ZWU_SCA0228_B01_F24_CFPD020_002.jpg
,34912,Image ,"College function, folder 24, image F/PD/21","College function, folder 24, image F/PD/21","Black and white photograph. Handwritten on verso, ""Prize Day President Fox presenting prize to Roy Webster April 22, 1942"" ","Yuen, Shui Kong, 1917-1992",Photographer,"Union College (Schenectady, N.Y.) http://id.worldcat.org/fast/563176","Fox, Dixon Ryan, 1887-1945;Webster, Roy H.",,1942-04-22,"2 pages, 1 photograph : b&w ; 8 x 9.75 in. (20.32 x 24.77 cm)",Documentary photographs,In Copyright,"Box 1, Folder 24, Item CF/PD/21",ZWU_SCA0228_B01_F24_CFPD021,2025-09-15,ZWU_SCA0228_B01_F24_CFPD021_001.jpg;ZWU_SCA0228_B01_F24_CFPD021_002.jpg
,34913,Image ,"College function, folder 25, image CF/SH/1","College function, folder 25, image CF/SH/1","Black and white photograph. Handwritten on verso, ""Ben Lee? ""Sop Hop"" of '43 Spring 1941"" ","Yuen, Shui Kong, 1917-1992",Photographer,"Union College (Schenectady, N.Y.) http://id.worldcat.org/fast/563176","Lee, Robert",March 1941-May 1941,,"2 pages, 1 photograph : b&w ; 8 x 9.75 in. (20.32 x 24.77 cm)",Documentary photographs,In Copyright,"Box 1, Folder 25, Item CF/SH/1",ZWU_SCA0228_B01_F25_CFSH001,2025-09-15,ZWU_SCA0228_B01_F25_CFSH001_001.jpg;ZWU_SCA0228_B01_F25_CFSH001_002.jpg
,34914,Image ,"College function, folder 26, image CF/UCB/22","College function, folder 26, image CF/UCB/22","Black and white photograph. Handwritten on verso, ""Union College Band Playing at the Thanksgiving Dinner 1943 Charlie Male"" ","Yuen, Shui Kong, 1917-1992",Photographer,"Union College (Schenectady, N.Y.) http://id.worldcat.org/fast/563176","Male, Charlie",,1943-11-01,"2 pages, 1 photograph : b&w ; 8 x 9.75 in. (20.32 x 24.77 cm)",Documentary photographs,In Copyright,"Box 1, Folder 26, Item CF/UCB/22",ZWU_SCA0228_B01_F26_CFUCB022,2025-09-15,ZWU_SCA0228_B01_F26_CFUCB022_001.jpg;ZWU_SCA0228_B01_F26_CFUCB022_002.jpg
,34914,Image ,"College function, folder 26, image CF/UCB/23","College function, folder 26, image CF/UCB/23","Black and white photograph. Handwritten on verso, ""Union College Band Playing at the Thanksgiving Dinner 1943 Charlie Male"" ","Yuen, Shui Kong, 1917-1992",Photographer,"Union College (Schenectady, N.Y.) http://id.worldcat.org/fast/563176","Male, Charlie",,1943-11-01,"2 pages, 1 photograph : b&w ; 8 x 9.75 in. (20.32 x 24.77 cm)",Documentary photographs,In Copyright,"Box 1, Folder 26, Item CF/UCB/23",ZWU_SCA0228_B01_F26_CFUCB023,2025-09-15,ZWU_SCA0228_B01_F26_CFUCB023_001.jpg;ZWU_SCA0228_B01_F26_CFUCB023_002.jpg
,34915,Image ,"College function, folder 27, image CF/UCB/24","College function, folder 27, image CF/UCB/24","Black and white photograph. Handwritten on verso, ""Fall 1939"" ","Yuen, Shui Kong, 1917-1992",Photographer,"Union College (Schenectady, N.Y.) http://id.worldcat.org/fast/563176",,September 1939-November 1939,,"2 pages, 1 photograph : b&w ; 8 x 9.75 in. (20.32 x 24.77 cm)",Documentary photographs,In Copyright,"Box 1, Folder 27, Item CF/UCB/24",ZWU_SCA0228_B01_F27_CFUCB024,2025-09-15,ZWU_SCA0228_B01_F27_CFUCB024_001.jpg;ZWU_SCA0228_B01_F27_CFUCB024_002.jpg
,34915,Image ,"College function, folder 27, image CF/UCB/25","College function, folder 27, image CF/UCB/25","Black and white photograph. Handwritten on verso, ""Band at football game Fall 1939"" ","Yuen, Shui Kong, 1917-1992",Photographer,"Union College (Schenectady, N.Y.) http://id.worldcat.org/fast/563176",,September 1939-November 1939,,"2 pages, 1 photograph : b&w ; 8 x 9.75 in. (20.32 x 24.77 cm)",Documentary photographs,In Copyright,"Box 1, Folder 27, Item CF/UCB/25",ZWU_SCA0228_B01_F27_CFUCB025,2025-09-15,ZWU_SCA0228_B01_F27_CFUCB025_001.jpg;ZWU_SCA0228_B01_F27_CFUCB025_002.jpg
,34915,Image ,"College function, folder 27, image CF/UCB/26","College function, folder 27, image CF/UCB/26","Black and white photograph. Handwritten on verso, ""Union College Band Fall 1939"" ","Yuen, Shui Kong, 1917-1992",Photographer,"Union College (Schenectady, N.Y.) http://id.worldcat.org/fast/563176",,September 1939-November 1939,,"2 pages, 1 photograph : b&w ; 8 x 9.75 in. (20.32 x 24.77 cm)",Documentary photographs,In Copyright,"Box 1, Folder 27, Item CF/UCB/26",ZWU_SCA0228_B01_F27_CFUCB026,2025-09-15,ZWU_SCA0228_B01_F27_CFUCB026_001.jpg;ZWU_SCA0228_B01_F27_CFUCB026_002.jpg
,34915,Image ,"College function, folder 27, image CF/UCB/27","College function, folder 27, image CF/UCB/27","Black and white photograph. Handwritten on verso, ""Band at football game Fall 1939 Bill Taylor"" ","Yuen, Shui Kong, 1917-1992",Photographer,"Union College (Schenectady, N.Y.) http://id.worldcat.org/fast/563176","Taylor, William",September 1939-November 1939,,"2 pages, 1 photograph : b&w ; 8 x 9.75 in. (20.32 x 24.77 cm)",Documentary photographs,In Copyright,"Box 1, Folder 27, Item CF/UCB/27",ZWU_SCA0228_B01_F27_CFUCB027,2025-09-15,ZWU_SCA0228_B01_F27_CFUCB027_001.jpg;ZWU_SCA0228_B01_F27_CFUCB027_002.jpg
,34915,Image ,"College function, folder 27, image CF/UCB/28","College function, folder 27, image CF/UCB/28","Black and white photograph. Handwritten on verso, ""Band at football game (Conductor - Charles Male?) Fall 1939"" ","Yuen, Shui Kong, 1917-1992",Photographer,"Union College (Schenectady, N.Y.) http://id.worldcat.org/fast/563176","Male, Charles",September 1939-November 1939,,"2 pages, 1 photograph : b&w ; 8 x 9.75 in. (20.32 x 24.77 cm)",Documentary photographs,In Copyright,"Box 1, Folder 27, Item CF/UCB/28",ZWU_SCA0228_B01_F27_CFUCB028,2025-09-15,ZWU_SCA0228_B01_F27_CFUCB028_001.jpg;ZWU_SCA0228_B01_F27_CFUCB028_002.jpg
,34915,Image ,"College function, folder 27, image CF/UCB/29","College function, folder 27, image CF/UCB/29","Black and white photograph. Handwritten on verso, ""Union College Band Fall 1939"" ","Yuen, Shui Kong, 1917-1992",Photographer,"Union College (Schenectady, N.Y.) http://id.worldcat.org/fast/563176",,September 1939-November 1939,,"2 pages, 1 photograph : b&w ; 8 x 9.75 in. (20.32 x 24.77 cm)",Documentary photographs,In Copyright,"Box 1, Folder 27, Item CF/UCB/29",ZWU_SCA0228_B01_F27_CFUCB029,2025-09-15,ZWU_SCA0228_B01_F27_CFUCB029_001.jpg;ZWU_SCA0228_B01_F27_CFUCB029_002.jpg
,34915,Image ,"College function, folder 27, image CF/UCB/30","College function, folder 27, image CF/UCB/30","Black and white photograph. Handwritten on verso, ""Union College Band Alumni Day June 1940"" ","Yuen, Shui Kong, 1917-1992",Photographer,"Union College (Schenectady, N.Y.) http://id.worldcat.org/fast/563176",,,1940-06-01,"2 pages, 1 photograph : b&w ; 8 x 9.75 in. (20.32 x 24.77 cm)",Documentary photographs,In Copyright,"Box 1, Folder 27, Item CF/UCB/30",ZWU_SCA0228_B01_F27_CFUCB030,2025-09-15,ZWU_SCA0228_B01_F27_CFUCB030_001.jpg;ZWU_SCA0228_B01_F27_CFUCB030_002.jpg
,34915,Image ,"College function, folder 27, image CF/UCB/31","College function, folder 27, image CF/UCB/31","Black and white photograph. Handwritten on verso, ""Union College Band - led by Dick Griffith played at Chapel Spring 1941"" ","Yuen, Shui Kong, 1917-1992",Photographer,"Union College (Schenectady, N.Y.) http://id.worldcat.org/fast/563176","Griffith, Dickinson E.",March 1941-May 1941,,"2 pages, 1 photograph : b&w ; 8 x 9.75 in. (20.32 x 24.77 cm)",Documentary photographs,In Copyright,"Box 1, Folder 27, Item CF/UCB/31",ZWU_SCA0228_B01_F27_CFUCB031,2025-09-15,ZWU_SCA0228_B01_F27_CFUCB031_001.jpg;ZWU_SCA0228_B01_F27_CFUCB031_002.jpg
,34915,Image ,"College function, folder 27, image CF/UCB/32","College function, folder 27, image CF/UCB/32","Black and white photograph. Handwritten on verso, ""Williard H. Taylor and others Union College Band Fall 1940"" Handwritten on the piece of paper included with the photograph, ""Bill Taylor and several member of UCB 1/5/65 now reclassified as CF/UCB/32""","Yuen, Shui Kong, 1917-1992",Photographer,"Union College (Schenectady, N.Y.) http://id.worldcat.org/fast/563176","Taylor, Willard H.",September 1940-November 1940,,"3 pages, 1 photograph : b&w ; 8 x 9.75 in. (20.32 x 24.77 cm)",Documentary photographs,In Copyright,"Box 1, Folder 27, Item CF/UCB/32",ZWU_SCA0228_B01_F27_CFUCB032,2025-09-15,ZWU_SCA0228_B01_F27_CFUCB032_001.jpg;ZWU_SCA0228_B01_F27_CFUCB032_002.jpg;ZWU_SCA0228_B01_F27_CFUCB032_003.jpg
,34916,Image ,"Guests of honor, folder 01, image GH 1","Guests of honor, folder 01, image GH 1","Black and white photograph. Handwritten on verso, ""Dr. T.Z. Koo Spring 1940""","Yuen, Shui Kong, 1917-1992",Photographer,"Union College (Schenectady, N.Y.) http://id.worldcat.org/fast/563176","Koo, T. Z., 1887-1971",March 1940-May 1940,,"2 pages, 1 photograph : b&w ; 8 x 9.75 in. (20.32 x 24.77 cm)",Documentary photographs,In Copyright,"Box 2, Folder 1, Item GH 1",ZWU_SCA0228_B02_F01_GH001,2025-09-16,ZWU_SCA0228_B02_F01_GH001_001.jpg;ZWU_SCA0228_B02_F01_GH001_002.jpg
,34916,Image ,"Guests of honor, folder 01, image GH 2","Guests of honor, folder 01, image GH 2","Black and white photograph. Handwritten on verso, ""Dr. T.Z. Koo Spring 1940""","Yuen, Shui Kong, 1917-1992",Photographer,"Union College (Schenectady, N.Y.) http://id.worldcat.org/fast/563176","Koo, T. Z., 1887-1971",March 1940-May 1940,,"2 pages, 1 photograph : b&w ; 8 x 9.75 in. (20.32 x 24.77 cm)",Documentary photographs,In Copyright,"Box 2, Folder 1, Item GH 2",ZWU_SCA0228_B02_F01_GH002,2025-09-16,ZWU_SCA0228_B02_F01_GH002_001.jpg;ZWU_SCA0228_B02_F01_GH002_002.jpg
,34916,Image ,"Guests of honor, folder 01, image GH 3","Guests of honor, folder 01, image GH 3","Black and white photograph. Handwritten on verso, ""President Fox, Professor Danton, Dr. T.Z. Koo and Mr. Houghton Spring 1940""","Yuen, Shui Kong, 1917-1992",Photographer,"Union College (Schenectady, N.Y.) http://id.worldcat.org/fast/563176","Fox, Dixon Ryan, 1887-1945; Danton, George; Koo, T. Z., 1887-1971; Houghton, Herbert",March 1940-May 1940,,"2 pages, 1 photograph : b&w ; 8 x 9.75 in. (20.32 x 24.77 cm)",Documentary photographs,In Copyright,"Box 2, Folder 1, Item GH 3",ZWU_SCA0228_B02_F01_GH003,2025-09-16,ZWU_SCA0228_B02_F01_GH003_001.jpg;ZWU_SCA0228_B02_F01_GH003_002.jpg
,34916,Image ,"Guests of honor, folder 01, image GH 5","Guests of honor, folder 01, image GH 5","Black and white photograph. Handwritten on verso, ""Dr. Hu Hsih, the Chinese Ambassador to the United States, was elected Honorary ? Chancellor of Union University ?, visited Union College on October 26-28, 1940 gave a lecteure on Philosophy to a class of students""","Yuen, Shui Kong, 1917-1992",Photographer,"Union College (Schenectady, N.Y.) http://id.worldcat.org/fast/563176","Hu, Shi, 1891-1962","October 26-28, 1940",,"2 pages, 1 photograph : b&w ; 8 x 9.75 in. (20.32 x 24.77 cm)",Documentary photographs,In Copyright,"Box 2, Folder 1, Item GH 5",ZWU_SCA0228_B02_F01_GH005,2025-09-16,ZWU_SCA0228_B02_F01_GH005_001.jpg;ZWU_SCA0228_B02_F01_GH005_002.jpg
,34916,Image ,"Guests of honor, folder 01, image GH 6","Guests of honor, folder 01, image GH 6","Black and white photograph. Handwritten on verso, ""Dr. Hu Hsih, Chinese Scholar and the Chinese Ambassador to the United States, was the speaker at the Commencement on June 10, 1940. (This photograph should be included in the 1940 Commencement portfolio)""","Yuen, Shui Kong, 1917-1992",Photographer,"Union College (Schenectady, N.Y.) http://id.worldcat.org/fast/563176","Hu, Shi, 1891-1962",,1940-06-10,"2 pages, 1 photograph : b&w ; 8 x 9.75 in. (20.32 x 24.77 cm)",Documentary photographs,In Copyright,"Box 2, Folder 1, Item GH 6",ZWU_SCA0228_B02_F01_GH006,2025-09-16,ZWU_SCA0228_B02_F01_GH006_001.jpg;ZWU_SCA0228_B02_F01_GH006_002.jpg
,34916,Image ,"Guests of honor, folder 01, image GH 7","Guests of honor, folder 01, image GH 7","Black and white photograph. Handwritten on verso, ""Commander Horner of V-12 stationed at Union and President Fox August 27, 1943""","Yuen, Shui Kong, 1917-1992",Photographer,"Union College (Schenectady, N.Y.) http://id.worldcat.org/fast/563176","Fox, Dixon Ryan, 1887-1945",,1943-08-27,"2 pages, 1 photograph : b&w ; 8 x 9.75 in. (20.32 x 24.77 cm)",Documentary photographs,In Copyright,"Box 2, Folder 1, Item GH 7",ZWU_SCA0228_B02_F01_GH007,2025-09-16,ZWU_SCA0228_B02_F01_GH007_001.jpg;ZWU_SCA0228_B02_F01_GH007_002.jpg
,34916,Image ,"Guests of honor, folder 01, image GH 9","Guests of honor, folder 01, image GH 9","Black and white photograph. Handwritten on verso, ""Robert Patterson and President Fox Commencement 1944 June 1944. (This photograph should also be included in the 1944 Commencement portfolio)""","Yuen, Shui Kong, 1917-1992",Photographer,"Union College (Schenectady, N.Y.) http://id.worldcat.org/fast/563176","Fox, Dixon Ryan, 1887-1945; Patterson, Robert Porter, 1891-1952",,1944-06-01,"2 pages, 1 photograph : b&w ; 8 x 9.75 in. (20.32 x 24.77 cm)",Documentary photographs,In Copyright,"Box 2, Folder 1, Item GH 9",ZWU_SCA0228_B02_F01_GH009,2025-09-16,ZWU_SCA0228_B02_F01_GH009_001.jpg;ZWU_SCA0228_B02_F01_GH009_002.jpg
,34917,Image ,"Individuals and other pictures, folder 02, image DP 35","Individuals and other pictures, folder 02, image DP 35","Black and white photograph. Handwritten on verso, ""Ed Ward, Mac Yuen + Bob Nothacker Spring 1941""","Yuen, Shui Kong, 1917-1992",Photographer,"Union College (Schenectady, N.Y.) http://id.worldcat.org/fast/563176","Ward, Edward; Yuen, Shui Kong, 1917-1992; Nothacker, Robert W.",March 1941-May 1941,,"2 pages, 1 photograph : b&w ; 8 x 9.75 in. (20.32 x 24.77 cm)",Documentary photographs,In Copyright,"Box 2, Folder 2, Item DP 35",ZWU_SCA0228_B02_F02_DP035,2025-09-16,ZWU_SCA0228_B02_F02_DP035_001.jpg;ZWU_SCA0228_B02_F02_DP035_002.jpg
,34917,Image ,"Individuals and other pictures, folder 02, image DP 36","Individuals and other pictures, folder 02, image DP 36","Black and white photograph. Handwritten on verso, ""Dave Bock and Mac Yuen at Jackson's Garden August, 1945""","Yuen, Shui Kong, 1917-1992",Photographer,"Union College (Schenectady, N.Y.) http://id.worldcat.org/fast/563176","Bock, David; Yuen, Shui Kong, 1917-1992",,1945-08-01,"2 pages, 1 photograph : b&w ; 8 x 9.75 in. (20.32 x 24.77 cm)",Documentary photographs,In Copyright,"Box 2, Folder 2, Item DP 36",ZWU_SCA0228_B02_F02_DP036,2025-09-16,ZWU_SCA0228_B02_F02_DP036_001.jpg;ZWU_SCA0228_B02_F02_DP036_002.jpg
,34917,Image ,"Individuals and other pictures, folder 02, image DP 37","Individuals and other pictures, folder 02, image DP 37","Black and white photograph. Handwritten on verso, ""Bob Nothacker, Bill Taylor, Kenny Nicholson May, 1942""","Yuen, Shui Kong, 1917-1992",Photographer,"Union College (Schenectady, N.Y.) http://id.worldcat.org/fast/563176","Nothacker, Robert W.; Taylor, Willard H.; Nicholson, Kenny",,1942-05-01,"2 pages, 1 photograph : b&w ; 8 x 9.75 in. (20.32 x 24.77 cm)",Documentary photographs,In Copyright,"Box 2, Folder 2, Item DP 37",ZWU_SCA0228_B02_F02_DP037,2025-09-16,ZWU_SCA0228_B02_F02_DP037_001.jpg;ZWU_SCA0228_B02_F02_DP037_002.jpg
,34917,Image ,"Individuals and other pictures, folder 02, image DP 38","Individuals and other pictures, folder 02, image DP 38","Black and white photograph. Handwritten on verso, """"Bob"" Caswell, Jr. 1942""","Yuen, Shui Kong, 1917-1992",Photographer,"Union College (Schenectady, N.Y.) http://id.worldcat.org/fast/563176","Caswell, Robert, Jr, Jr",1942,,"2 pages, 1 photograph : b&w ; 8 x 9.75 in. (20.32 x 24.77 cm)",Documentary photographs,In Copyright,"Box 2, Folder 2, Item DP 38",ZWU_SCA0228_B02_F02_DP038,2025-09-16,ZWU_SCA0228_B02_F02_DP038_001.jpg;ZWU_SCA0228_B02_F02_DP038_002.jpg
,34917,Image ,"Individuals and other pictures, folder 02, image DP 39","Individuals and other pictures, folder 02, image DP 39","Black and white photograph. Handwritten on verso, ""George Hemstead April 18, 1941""","Yuen, Shui Kong, 1917-1992",Photographer,"Union College (Schenectady, N.Y.) http://id.worldcat.org/fast/563176","Hemstead, George",,1941-04-18,"2 pages, 1 photograph : b&w ; 8 x 9.75 in. (20.32 x 24.77 cm)",Documentary photographs,In Copyright,"Box 2, Folder 2, Item DP 39",ZWU_SCA0228_B02_F02_DP039,2025-09-16,ZWU_SCA0228_B02_F02_DP039_001.jpg;ZWU_SCA0228_B02_F02_DP039_002.jpg
,34917,Image ,"Individuals and other pictures, folder 02, image DP 40","Individuals and other pictures, folder 02, image DP 40","Black and white photograph. Handwritten on verso, """"Ben"" Lee January 6, 1942""","Yuen, Shui Kong, 1917-1992",Photographer,"Union College (Schenectady, N.Y.) http://id.worldcat.org/fast/563176","Lee, Robert",,1942-06-01,"2 pages, 1 photograph : b&w ; 8 x 9.75 in. (20.32 x 24.77 cm)",Documentary photographs,In Copyright,"Box 2, Folder 2, Item DP 40",ZWU_SCA0228_B02_F02_DP040,2025-09-16,ZWU_SCA0228_B02_F02_DP040_001.jpg;ZWU_SCA0228_B02_F02_DP040_002.jpg
,34917,Image ,"Individuals and other pictures, folder 02, image DP 41","Individuals and other pictures, folder 02, image DP 41","Black and white photograph. Handwritten on verso, ""Bill Marzluff April, 1943""","Yuen, Shui Kong, 1917-1992",Photographer,"Union College (Schenectady, N.Y.) http://id.worldcat.org/fast/563176","Marzluff, William",,1943-04-01,"2 pages, 1 photograph : b&w ; 8 x 9.75 in. (20.32 x 24.77 cm)",Documentary photographs,In Copyright,"Box 2, Folder 2, Item DP 41",ZWU_SCA0228_B02_F02_DP041,2025-09-16,ZWU_SCA0228_B02_F02_DP041_001.jpg;ZWU_SCA0228_B02_F02_DP041_002.jpg
,34917,Image ,"Individuals and other pictures, folder 02, image DP 42","Individuals and other pictures, folder 02, image DP 42","Black and white photograph. Handwritten on verso, ""Bob Nothatcher + Ed Scantlebury December, 1940""","Yuen, Shui Kong, 1917-1992",Photographer,"Union College (Schenectady, N.Y.) http://id.worldcat.org/fast/563176","Nothacker, Robert W.; Scantlebury, Edwin",,1940-12-01,"2 pages, 1 photograph : b&w ; 8 x 9.75 in. (20.32 x 24.77 cm)",Documentary photographs,In Copyright,"Box 2, Folder 2, Item DP 42",ZWU_SCA0228_B02_F02_DP042,2025-09-16,ZWU_SCA0228_B02_F02_DP042_001.jpg;ZWU_SCA0228_B02_F02_DP042_002.jpg
,34917,Image ,"Individuals and other pictures, folder 02, image DP 43","Individuals and other pictures, folder 02, image DP 43","Black and white photograph. Handwritten on verso, ""Ronnie Ostrander April 11, 1941""","Yuen, Shui Kong, 1917-1992",Photographer,"Union College (Schenectady, N.Y.) http://id.worldcat.org/fast/563176","Ostrander, Ronald",,1941-04-11,"2 pages, 1 photograph : b&w ; 8 x 9.75 in. (20.32 x 24.77 cm)",Documentary photographs,In Copyright,"Box 2, Folder 2, Item DP 43",ZWU_SCA0228_B02_F02_DP043,2025-09-16,ZWU_SCA0228_B02_F02_DP043_001.jpg;ZWU_SCA0228_B02_F02_DP043_002.jpg
,34917,Image ,"Individuals and other pictures, folder 02, image DP 44","Individuals and other pictures, folder 02, image DP 44","Black and white photograph. Handwritten on verso, ""Dick Plunkett 1941""","Yuen, Shui Kong, 1917-1992",Photographer,"Union College (Schenectady, N.Y.) http://id.worldcat.org/fast/563176","Plunkett, Richard",1941,,"2 pages, 1 photograph : b&w ; 8 x 9.75 in. (20.32 x 24.77 cm)",Documentary photographs,In Copyright,"Box 2, Folder 2, Item DP 44",ZWU_SCA0228_B02_F02_DP044,2025-09-16,ZWU_SCA0228_B02_F02_DP044_001.jpg;ZWU_SCA0228_B02_F02_DP044_002.jpg
,34917,Image ,"Individuals and other pictures, folder 02, image DP 45","Individuals and other pictures, folder 02, image DP 45","Black and white photograph. Handwritten on verso, ""Wm. Walker (I) Spring, 1941""","Yuen, Shui Kong, 1917-1992",Photographer,"Union College (Schenectady, N.Y.) http://id.worldcat.org/fast/563176","Walker, William Frederick",March 1941-May 1941,,"2 pages, 1 photograph : b&w ; 8 x 9.75 in. (20.32 x 24.77 cm)",Documentary photographs,In Copyright,"Box 2, Folder 2, Item DP 45",ZWU_SCA0228_B02_F02_DP045,2025-09-16,ZWU_SCA0228_B02_F02_DP045_001.jpg;ZWU_SCA0228_B02_F02_DP045_002.jpg
,34917,Image ,"Individuals and other pictures, folder 02, image DP 46","Individuals and other pictures, folder 02, image DP 46","Black and white photograph. Handwritten on verso, ""Roy H. Webster February 1, 1941""","Yuen, Shui Kong, 1917-1992",Photographer,"Union College (Schenectady, N.Y.) http://id.worldcat.org/fast/563176","Webster, Roy H.",,1941-02-01,"2 pages, 1 photograph : b&w ; 8 x 9.75 in. (20.32 x 24.77 cm)",Documentary photographs,In Copyright,"Box 2, Folder 2, Item DP 46",ZWU_SCA0228_B02_F02_DP046,2025-09-16,ZWU_SCA0228_B02_F02_DP046_001.jpg;ZWU_SCA0228_B02_F02_DP046_002.jpg
,34917,Image ,"Individuals and other pictures, folder 02, image DP 47","Individuals and other pictures, folder 02, image DP 47","Black and white photograph. Handwritten on verso, """"Austie"" White April 18, 1941""","Yuen, Shui Kong, 1917-1992",Photographer,"Union College (Schenectady, N.Y.) http://id.worldcat.org/fast/563176","White, Austin",,1941-04-18,"2 pages, 1 photograph : b&w ; 8 x 9.75 in. (20.32 x 24.77 cm)",Documentary photographs,In Copyright,"Box 2, Folder 2, Item DP 47",ZWU_SCA0228_B02_F02_DP047,2025-09-16,ZWU_SCA0228_B02_F02_DP047_001.jpg;ZWU_SCA0228_B02_F02_DP047_002.jpg
,34917,Image ,"Individuals and other pictures, folder 02, image DP 48","Individuals and other pictures, folder 02, image DP 48","Black and white photograph. Handwritten on verso, ""Clancy Woodward (Spring 1941?)""","Yuen, Shui Kong, 1917-1992",Photographer,"Union College (Schenectady, N.Y.) http://id.worldcat.org/fast/563176","Woodward, Clancy",March 1941-May 1941,,"2 pages, 1 photograph : b&w ; 8 x 9.75 in. (20.32 x 24.77 cm)",Documentary photographs,In Copyright,"Box 2, Folder 2, Item DP 48",ZWU_SCA0228_B02_F02_DP048,2025-09-16,ZWU_SCA0228_B02_F02_DP048_001.jpg;ZWU_SCA0228_B02_F02_DP048_002.jpg
,34917,Image ,"Individuals and other pictures, folder 02, image DP 49","Individuals and other pictures, folder 02, image DP 49","Black and white photograph. Handwritten on verso, ""Bob Molloy + Parents June 9, 1941""","Yuen, Shui Kong, 1917-1992",Photographer,"Union College (Schenectady, N.Y.) http://id.worldcat.org/fast/563176","Malloy, Robert Armstrong",,1941-06-09,"2 pages, 1 photograph : b&w ; 8 x 9.75 in. (20.32 x 24.77 cm)",Documentary photographs,In Copyright,"Box 2, Folder 2, Item DP 49",ZWU_SCA0228_B02_F02_DP049,2025-09-16,ZWU_SCA0228_B02_F02_DP049_001.jpg;ZWU_SCA0228_B02_F02_DP049_002.jpg
,34917,Image ,"Individuals and other pictures, folder 02, image DP 50","Individuals and other pictures, folder 02, image DP 50","Black and white photograph. Handwritten on verso, ""Bob + Margie Nothacker 1943""","Yuen, Shui Kong, 1917-1992",Photographer,"Union College (Schenectady, N.Y.) http://id.worldcat.org/fast/563176","Nothacker, Robert W.; Nothacker, Margie",1943,,"2 pages, 1 photograph : b&w ; 8 x 9.75 in. (20.32 x 24.77 cm)",Documentary photographs,In Copyright,"Box 2, Folder 2, Item DP 50",ZWU_SCA0228_B02_F02_DP050,2025-09-16,ZWU_SCA0228_B02_F02_DP050_001.jpg;ZWU_SCA0228_B02_F02_DP050_002.jpg
,34917,Image ,"Individuals and other pictures, folder 02, image DP 51","Individuals and other pictures, folder 02, image DP 51","Black and white photograph. Handwritten on verso, ""George Weed + Mother Summer, 1943""","Yuen, Shui Kong, 1917-1992",Photographer,"Union College (Schenectady, N.Y.) http://id.worldcat.org/fast/563176","Weed, George",June 1943-August 1943,,"2 pages, 1 photograph : b&w ; 8 x 9.75 in. (20.32 x 24.77 cm)",Documentary photographs,In Copyright,"Box 2, Folder 2, Item DP 51",ZWU_SCA0228_B02_F02_DP051,2025-09-16,ZWU_SCA0228_B02_F02_DP051_001.jpg;ZWU_SCA0228_B02_F02_DP051_002.jpg
,34917,Image ,"Individuals and other pictures, folder 02, image DP 52","Individuals and other pictures, folder 02, image DP 52","Black and white photograph. Handwritten on verso, ""Ms Josephine Δɸ cook + housemaid Junior Prom Weekend, 1941""","Yuen, Shui Kong, 1917-1992",Photographer,"Union College (Schenectady, N.Y.) http://id.worldcat.org/fast/563176",,1941,,"2 pages, 1 photograph : b&w ; 8 x 9.75 in. (20.32 x 24.77 cm)",Documentary photographs,In Copyright,"Box 2, Folder 2, Item DP 52",ZWU_SCA0228_B02_F02_DP052,2025-09-16,ZWU_SCA0228_B02_F02_DP052_001.jpg;ZWU_SCA0228_B02_F02_DP052_002.jpg
,34918,Image ,"Delta phi quarantine, folder 03, image DP 2","Delta phi quarantine, folder 03, image DP 2","Black and white photograph. Handwritten on verso, ""Breakfast Δɸ Quarantine December 1940"" Photo captioned with names of subjects on small piece of paper taped on the long, bottom edge of photograph, ""George Weed, Hemstead Wm Walker Bob Malloy (President) Plunkett?""","Yuen, Shui Kong, 1917-1992",Photographer,"Union College (Schenectady, N.Y.) http://id.worldcat.org/fast/563176","Weed, George; Hemstead, George; Walker, William Harold; Malloy, Robert Armstrong; Plunkett, Richard",,1940-12-01,"3 pages, 1 photograph : b&w ; 8 x 9.75 in. (20.32 x 24.77 cm)",Documentary photographs,In Copyright,"Box 2, Folder 3, Item DP 2",ZWU_SCA0228_B02_F03_DP002,2025-09-16,ZWU_SCA0228_B02_F03_DP002_001.jpg;ZWU_SCA0228_B02_F03_DP002_002.jpg
,34918,Image ,"Delta phi quarantine, folder 03, image DP 3","Delta phi quarantine, folder 03, image DP 3","Black and white photograph. Handwritten on verso, ""Δɸ Quarantine December 1940"" Photo captioned with names of subjects on small piece of paper taped on the short, bottom edge of photograph, ""Bob Nothacker Burt Ball Austin White""","Yuen, Shui Kong, 1917-1992",Photographer,"Union College (Schenectady, N.Y.) http://id.worldcat.org/fast/563176","Nothacker, Robert W.; Ball, Burton; White, Austin",,1940-12-01,"3 pages, 1 photograph : b&w ; 8 x 9.75 in. (20.32 x 24.77 cm)",Documentary photographs,In Copyright,"Box 2, Folder 3, Item DP 3",ZWU_SCA0228_B02_F03_DP003,2025-09-16,ZWU_SCA0228_B02_F03_DP003_001.jpg;ZWU_SCA0228_B02_F03_DP003_002.jpg
,34918,Image ,"Delta phi quarantine, folder 03, image DP 4","Delta phi quarantine, folder 03, image DP 4","Black and white photograph. Handwritten on verso, ""Δɸ Quarantine December 1940"" Photo captioned with names of subjects on small piece of paper taped on the long, bottom edge of photograph, ""Bob Caswell? Bob Nothacker Burt Ball George Weed""","Yuen, Shui Kong, 1917-1992",Photographer,"Union College (Schenectady, N.Y.) http://id.worldcat.org/fast/563176","Caswell, Robert, Jr, Jr; Nothacker, Robert W.; Ball, Burton; Weed, George",,1940-12-01,"3 pages, 1 photograph : b&w ; 8 x 9.75 in. (20.32 x 24.77 cm)",Documentary photographs,In Copyright,"Box 2, Folder 3, Item DP 4",ZWU_SCA0228_B02_F03_DP004,2025-09-16,ZWU_SCA0228_B02_F03_DP004_001.jpg;ZWU_SCA0228_B02_F03_DP004_002.jpg
,34918,Image ,"Delta phi quarantine, folder 03, image DP 5","Delta phi quarantine, folder 03, image DP 5","Black and white photograph. Handwritten on verso, ""Δɸ Quarantine. December 1940"" Photo captioned with names of subjects on small piece of paper taped on the long, bottom edge of photograph, ""WM Walker II Dick Addams Ben Lee Roy Webster""","Yuen, Shui Kong, 1917-1992",Photographer,"Union College (Schenectady, N.Y.) http://id.worldcat.org/fast/563176","Walker, William Harold; Adams, Richard; Lee, Robert; Webster, Roy H.",,1940-12-01,"3 pages, 1 photograph : b&w ; 8 x 9.75 in. (20.32 x 24.77 cm)",Documentary photographs,In Copyright,"Box 2, Folder 3, Item DP 5",ZWU_SCA0228_B02_F03_DP005,2025-09-16,ZWU_SCA0228_B02_F03_DP005_001.jpg;ZWU_SCA0228_B02_F03_DP005_002.jpg
,34918,Image ,"Delta phi quarantine, folder 03, image DP 6","Delta phi quarantine, folder 03, image DP 6","Black and white photograph. Handwritten on verso, ""Δɸ Quarantine December 1940"" Photo captioned with names of subjects on small piece of paper taped on the long, bottom edge of photograph, ""WM Walker II Burt Ball Frank Thyne? Dick Addams Ben Lee Roy Webster""","Yuen, Shui Kong, 1917-1992",Photographer,"Union College (Schenectady, N.Y.) http://id.worldcat.org/fast/563176","Walker, William Harold; Ball, Burton; Thyne, Frank; Adams, Richard; Lee, Robertjamin; Webster, Roy H.",,1940-12-01,"3 pages, 1 photograph : b&w ; 8 x 9.75 in. (20.32 x 24.77 cm)",Documentary photographs,In Copyright,"Box 2, Folder 3, Item DP 6",ZWU_SCA0228_B02_F03_DP006,2025-09-16,ZWU_SCA0228_B02_F03_DP006_001.jpg;ZWU_SCA0228_B02_F03_DP006_002.jpg
,34918,Image ,"Delta phi quarantine, folder 03, image DP 7","Delta phi quarantine, folder 03, image DP 7","Black and white photograph. Handwritten on verso, ""Δɸ Quarantine. December 1940"" Photo captioned with names of subjects on small piece of paper taped on the long, bottom edge of photograph, ""Pete Plummer WM Walker II George Weed Zimmer? Dick Addams Bob Malloy Ben Lee""","Yuen, Shui Kong, 1917-1992",Photographer,"Union College (Schenectady, N.Y.) http://id.worldcat.org/fast/563176","Plummer, Walter Elmer; Walker, William Harold; Weed, George; Zimmer,?; Adams, Richard; Malloy, Robert Armstrong; Lee, Robert",,1940-12-01,"3 pages, 1 photograph : b&w ; 8 x 9.75 in. (20.32 x 24.77 cm)",Documentary photographs,In Copyright,"Box 2, Folder 3, Item DP 7",ZWU_SCA0228_B02_F03_DP007,2025-09-16,ZWU_SCA0228_B02_F03_DP007_001.jpg;ZWU_SCA0228_B02_F03_DP007_002.jpg
,34918,Image ,"Delta phi quarantine, folder 03, image DP 8","Delta phi quarantine, folder 03, image DP 8","Black and white photograph. Handwritten on verso, ""Δɸ Quarantine December 1940""","Yuen, Shui Kong, 1917-1992",Photographer,"Union College (Schenectady, N.Y.) http://id.worldcat.org/fast/563176",,,1940-12-01,"2 pages, 1 photograph : b&w ; 8 x 9.75 in. (20.32 x 24.77 cm)",Documentary photographs,In Copyright,"Box 2, Folder 3, Item DP 8",ZWU_SCA0228_B02_F03_DP008,2025-09-16,ZWU_SCA0228_B02_F03_DP008_001.jpg;ZWU_SCA0228_B02_F03_DP008_002.jpg
,34918,Image ,"Delta phi quarantine, folder 03, image DP 9","Delta phi quarantine, folder 03, image DP 9","Black and white photograph. Handwritten on verso, ""Δɸ Quarantine December 1940"" Photo captioned with names of subjects on small piece of paper taped on the short, bottom edge of photograph, ""Bob Malloy""","Yuen, Shui Kong, 1917-1992",Photographer,"Union College (Schenectady, N.Y.) http://id.worldcat.org/fast/563176","Malloy, Robert Armstrong",,1940-12-01,"3 pages, 1 photograph : b&w ; 8 x 9.75 in. (20.32 x 24.77 cm)",Documentary photographs,In Copyright,"Box 2, Folder 3, Item DP 9",ZWU_SCA0228_B02_F03_DP009,2025-09-16,ZWU_SCA0228_B02_F03_DP009_001.jpg;ZWU_SCA0228_B02_F03_DP009_002.jpg
,34918,Image ,"Delta phi quarantine, folder 03, image DP 10","Delta phi quarantine, folder 03, image DP 10","Black and white photograph. Handwritten on verso, ""Δɸ Quarantine December 1940 Bob Nothacker""","Yuen, Shui Kong, 1917-1992",Photographer,"Union College (Schenectady, N.Y.) http://id.worldcat.org/fast/563176","Nothacker, Robert W.",,1940-12-01,"2 pages, 1 photograph : b&w ; 8 x 9.75 in. (20.32 x 24.77 cm)",Documentary photographs,In Copyright,"Box 2, Folder 3, Item DP 10",ZWU_SCA0228_B02_F03_DP010,2025-09-16,ZWU_SCA0228_B02_F03_DP010_001.jpg;ZWU_SCA0228_B02_F03_DP010_002.jpg
,34918,Image ,"Delta phi quarantine, folder 03, image DP 11","Delta phi quarantine, folder 03, image DP 11","Black and white photograph. Handwritten on verso, ""Sunday, the end of Δɸ Quarantine December 1940"" Photo captioned with names of subjects on small piece of paper taped on the long, bottom edge of photograph, ""Bob Malloy Burt Ball Austin White Gordon Parker""","Yuen, Shui Kong, 1917-1992",Photographer,"Union College (Schenectady, N.Y.) http://id.worldcat.org/fast/563176","Malloy, Robert Armstrong; Ball, Burton; White, Austin; Parker, Gordon",,1940-12-01,"3 pages, 1 photograph : b&w ; 8 x 9.75 in. (20.32 x 24.77 cm)",Documentary photographs,In Copyright,"Box 2, Folder 3, Item DP 11",ZWU_SCA0228_B02_F03_DP011,2025-09-16,ZWU_SCA0228_B02_F03_DP011_001.jpg;ZWU_SCA0228_B02_F03_DP011_002.jpg
,34919,Image ,"Delta phi house, folder 04, image DP 1","Delta phi house, folder 04, image DP 1","Black and white photograph. Handwritten on verso, ""Δɸ  House/H5 (A) 1941""","Yuen, Shui Kong, 1917-1992",Photographer,"Union College (Schenectady, N.Y.) http://id.worldcat.org/fast/563176",,1941,,"2 pages, 1 photograph : b&w ; 8 x 9.75 in. (20.32 x 24.77 cm)",Documentary photographs,In Copyright,"Box 2, Folder 4, Item DP 1",ZWU_SCA0228_B02_F04_DP001,2025-09-16,ZWU_SCA0228_B02_F04_DP001_001.jpg;ZWU_SCA0228_B02_F04_DP001_002.jpg
,34920,Image ,"Engineering Science Management War Training, folder 05, image ESMWT/1","Engineering Science Management War Training, folder 05, image ESMWT/1","Black and white photograph. Handwritten on verso, """"Tom"" Male Instructor ""Mac"" Yuen (Trainee) Engineering Science Management War Training Summer, 1945""","Yuen, Shui Kong, 1917-1992",Photographer,"Union College (Schenectady, N.Y.) http://id.worldcat.org/fast/563176","Yuen, Shui Kong, 1917-1992; Male, Tom",June 1945-August 1945,,"2 pages, 1 photograph : b&w ; 8 x 9.75 in. (20.32 x 24.77 cm)",Documentary photographs,In Copyright,"Box 2, Folder 5, Item ESMWT/1",ZWU_SCA0228_B02_F05_ESMWT001,2025-09-16,ZWU_SCA0228_B02_F05_ESMWT001_001.jpg;ZWU_SCA0228_B02_F05_ESMWT001_002.jpg
,34920,Image ,"Engineering Science Management War Training, folder 05, image ESMWT/2","Engineering Science Management War Training, folder 05, image ESMWT/2","Black and white photograph. Handwritten on verso, ""Engineering Science Management War Training Summer 1945 ""Tom"" Male Instructor ""Mac"" Yuen Trainee""","Yuen, Shui Kong, 1917-1992",Photographer,"Union College (Schenectady, N.Y.) http://id.worldcat.org/fast/563176","Yuen, Shui Kong, 1917-1992; Male, Tom",June 1945-August 1945,,"2 pages, 1 photograph : b&w ; 8 x 9.75 in. (20.32 x 24.77 cm)",Documentary photographs,In Copyright,"Box 2, Folder 5, Item ESMWT/2",ZWU_SCA0228_B02_F05_ESMWT002,2025-09-16,ZWU_SCA0228_B02_F05_ESMWT002_001.jpg;ZWU_SCA0228_B02_F05_ESMWT002_002.jpg
,34920,Image ,"Engineering Science Management War Training, folder 05, image ESMWT/3","Engineering Science Management War Training, folder 05, image ESMWT/3","Black and white photograph. Handwritten on verso, ""Engineering Science Management War Training Summer 1945""","Yuen, Shui Kong, 1917-1992",Photographer,"Union College (Schenectady, N.Y.) http://id.worldcat.org/fast/563176",,June 1945-August 1945,,"2 pages, 1 photograph : b&w ; 8 x 9.75 in. (20.32 x 24.77 cm)",Documentary photographs,In Copyright,"Box 2, Folder 5, Item ESMWT/3",ZWU_SCA0228_B02_F05_ESMWT003,2025-09-16,ZWU_SCA0228_B02_F05_ESMWT003_001.jpg;ZWU_SCA0228_B02_F05_ESMWT003_002.jpg
,34920,Image ,"Engineering Science Management War Training, folder 05, image ESMWT/4","Engineering Science Management War Training, folder 05, image ESMWT/4","Black and white photograph. Handwritten on verso, ""Engineering Science Management War Training Summer 1945""","Yuen, Shui Kong, 1917-1992",Photographer,"Union College (Schenectady, N.Y.) http://id.worldcat.org/fast/563176",,June 1945-August 1945,,"2 pages, 1 photograph : b&w ; 8 x 9.75 in. (20.32 x 24.77 cm)",Documentary photographs,In Copyright,"Box 2, Folder 5, Item ESMWT/4",ZWU_SCA0228_B02_F05_ESMWT004,2025-09-16,ZWU_SCA0228_B02_F05_ESMWT004_001.jpg;ZWU_SCA0228_B02_F05_ESMWT004_002.jpg
,34921,Image ,"Mountebank stage fire, folder 06, image MISC/F/1 ","Mountebank stage fire, folder 06, image MISC/F/1 ","Black and white photograph. Handwritten on verso, ""Mountebank Summer Theatre Stage Fire April 17, 1941""","Yuen, Shui Kong, 1917-1992",Photographer,"Union College (Schenectady, N.Y.) http://id.worldcat.org/fast/563176",,,1941-04-17,"2 pages, 1 photograph : b&w ; 8 x 9.75 in. (20.32 x 24.77 cm)",Documentary photographs,In Copyright,"Box 2, Folder 6, Item MISC/F/1",ZWU_SCA0228_B02_F06_MISCF001,2025-09-16,ZWU_SCA0228_B02_F06_MISCF001_001.jpg;ZWU_SCA0228_B02_F06_MISCF001_002.jpg
,34921,Image ,"Mountebank stage fire, folder 06, image MISC/F/2","Mountebank stage fire, folder 06, image MSF 02","Black and white photograph. Handwritten on verso, ""Mountebank Summer Theatre Stage Fire April 17, 1941""","Yuen, Shui Kong, 1917-1992",Photographer,"Union College (Schenectady, N.Y.) http://id.worldcat.org/fast/563176",,,1941-04-17,"2 pages, 1 photograph : b&w ; 8 x 9.75 in. (20.32 x 24.77 cm)",Documentary photographs,In Copyright,"Box 2, Folder 6, Item MISC/F/2",ZWU_SCA0228_B02_F06_MISCF002,2025-09-16,ZWU_SCA0228_B02_F06_MISCF002_001.jpg;ZWU_SCA0228_B02_F06_MISCF002_002.jpg
,34921,Image ,"Mountebank stage fire, folder 06, image MISC/F/3","Mountebank stage fire, folder 06, image MSF 03","Black and white photograph. Handwritten on verso, ""Mountebank Summer Theatre Stage Fire April 17, 1941""","Yuen, Shui Kong, 1917-1992",Photographer,"Union College (Schenectady, N.Y.) http://id.worldcat.org/fast/563176",,,1941-04-17,"2 pages, 1 photograph : b&w ; 8 x 9.75 in. (20.32 x 24.77 cm)",Documentary photographs,In Copyright,"Box 2, Folder 6, Item MISC/F/3",ZWU_SCA0228_B02_F06_MISCF003,2025-09-16,ZWU_SCA0228_B02_F06_MISCF003_001.jpg;ZWU_SCA0228_B02_F06_MISCF003_002.jpg
,34921,Image ,"Mountebank stage fire, folder 06, image MISC/F/4","Mountebank stage fire, folder 06, image MSF 04","Black and white photograph. Handwritten on verso, ""Mountebank Summer Theatre Stage Fire April 17, 1941""","Yuen, Shui Kong, 1917-1992",Photographer,"Union College (Schenectady, N.Y.) http://id.worldcat.org/fast/563176",,,1941-04-17,"2 pages, 1 photograph : b&w ; 8 x 9.75 in. (20.32 x 24.77 cm)",Documentary photographs,In Copyright,"Box 2, Folder 6, Item MISC/F/4",ZWU_SCA0228_B02_F06_MISCF004,2025-09-16,ZWU_SCA0228_B02_F06_MISCF004_001.jpg;ZWU_SCA0228_B02_F06_MISCF004_002.jpg
,34921,Image ,"Mountebank stage fire, folder 06, image MISC/F/5","Mountebank stage fire, folder 06, image MSF 05","Black and white photograph. Handwritten on verso, ""Mountebank Summer Theatre Stage Fire April 17, 1941""","Yuen, Shui Kong, 1917-1992",Photographer,"Union College (Schenectady, N.Y.) http://id.worldcat.org/fast/563176",,,1941-04-17,"2 pages, 1 photograph : b&w ; 8 x 9.75 in. (20.32 x 24.77 cm)",Documentary photographs,In Copyright,"Box 2, Folder 6, Item MISC/F/5",ZWU_SCA0228_B02_F06_MISCF005,2025-09-16,ZWU_SCA0228_B02_F06_MISCF005_001.jpg;ZWU_SCA0228_B02_F06_MISCF005_002.jpg
,34922,Image ,"Bowl of rice concert, folder 07, image F/MISC/1","Bowl of rice concert, folder 07, image F/MISC/1","Black and white photograph. Handwritten on verso, ""Dr. Glen Smith Bowl of Rice Concert given by the Medical Association of Schenectady held at Union College to raise fund in aid of China May 1941""","Yuen, Shui Kong, 1917-1992",Photographer,"Union College (Schenectady, N.Y.) http://id.worldcat.org/fast/563176",,,1941-05-01,"2 pages, 1 photograph : b&w ; 8 x 9.75 in. (20.32 x 24.77 cm)",Documentary photographs,In Copyright,"Box 2, Folder 7, Item F/MISC/1",ZWU_SCA0228_B02_F07_FMISC001,2025-09-16,ZWU_SCA0228_B02_F07_FMISC001_001.jpg;ZWU_SCA0228_B02_F07_FMISC001_002.jpg
,34922,Image ,"Bowl of rice concert, folder 07, image F/MISC/2","Bowl of rice concert, folder 07, image F/MISC/2","Black and white photograph. Handwritten on verso, ""Boy's Club Bowl of Rice Concert given by the Medical Association of Schenectady held at Union College to raise fund in aid of China. May 1941""","Yuen, Shui Kong, 1917-1992",Photographer,"Union College (Schenectady, N.Y.) http://id.worldcat.org/fast/563176",,,1941-05-01,"2 pages, 1 photograph : b&w ; 8 x 9.75 in. (20.32 x 24.77 cm)",Documentary photographs,In Copyright,"Box 2, Folder 7, Item F/MISC/2",ZWU_SCA0228_B02_F07_FMISC002,2025-09-16,ZWU_SCA0228_B02_F07_FMISC002_001.jpg;ZWU_SCA0228_B02_F07_FMISC002_002.jpg
,34922,Image ,"Bowl of rice concert, folder 07, image F/MISC/3","Bowl of rice concert, folder 07, image F/MISC/3","Black and white photograph. Handwritten on verso, ""Bowl of Rice Concert given by the Medical Association of Schenectady held at Union College to raise fund in aid of China. May 1941""","Yuen, Shui Kong, 1917-1992",Photographer,"Union College (Schenectady, N.Y.) http://id.worldcat.org/fast/563176",,,1941-05-01,"2 pages, 1 photograph : b&w ; 8 x 9.75 in. (20.32 x 24.77 cm)",Documentary photographs,In Copyright,"Box 2, Folder 7, Item F/MISC/3",ZWU_SCA0228_B02_F07_FMISC003,2025-09-16,ZWU_SCA0228_B02_F07_FMISC003_001.jpg;ZWU_SCA0228_B02_F07_FMISC003_002.jpg
,34923,Image ,"Coca cola spotlight band, folder 08, image F/MISC/11","Coca cola spotlight band, folder 08, image F/MISC/11","Black and white photograph. Handwritten on verso, ""Coca Cola Spotlight Band (Louis Prima?) 1944""","Yuen, Shui Kong, 1917-1992",Photographer,"Union College (Schenectady, N.Y.) http://id.worldcat.org/fast/563176",,1944,,"2 pages, 1 photograph : b&w ; 8 x 9.75 in. (20.32 x 24.77 cm)",Documentary photographs,In Copyright,"Box 2, Folder 8, Item F/MISC/11",ZWU_SCA0228_B02_F08_FMISC011,2025-09-16,ZWU_SCA0228_B02_F08_FMISC011_001.jpg;ZWU_SCA0228_B02_F08_FMISC011_002.jpg
,34923,Image ,"Coca cola spotlight band, folder 08, image F/MISC13A","Coca cola spotlight band, folder 08, image F/MISC13A","Black and white photograph. Handwritten on verso, ""Coca Cola Spotlight Band (Louis Prima?) 1944""","Yuen, Shui Kong, 1917-1992",Photographer,"Union College (Schenectady, N.Y.) http://id.worldcat.org/fast/563176",,1944,,"2 pages, 1 photograph : b&w ; 8 x 9.75 in. (20.32 x 24.77 cm)",Documentary photographs,In Copyright,"Box 2, Folder 8, Item F/MISC/13A",ZWU_SCA0228_B02_F08_FMISC013A,2025-09-16,ZWU_SCA0228_B02_F08_FMISC013A_001.jpg;ZWU_SCA0228_B02_F08_FMISC013A_002.jpg
,34923,Image ,"Coca cola spotlight band, folder 08, image F/MISC13B ","Coca cola spotlight band, folder 08, image F/MISC13B ","Black and white photograph. Handwritten on verso, ""Mm. Whittaker? Dean Garis Coca Cola Spotlight Band (Louis Prima) 1944""","Yuen, Shui Kong, 1917-1992",Photographer,"Union College (Schenectady, N.Y.) http://id.worldcat.org/fast/563176","Garis, Charles F. F.",1944,,"2 pages, 1 photograph : b&w ; 8 x 9.75 in. (20.32 x 24.77 cm)",Documentary photographs,In Copyright,"Box 2, Folder 8, Item F/MISC/13B",ZWU_SCA0228_B02_F08_FMISC013B,2025-09-16,ZWU_SCA0228_B02_F08_FMISC013B_001.jpg;ZWU_SCA0228_B02_F08_FMISC013B_002.jpg
,34923,Image ,"Coca cola spotlight band, folder 08, image F/MISC14","Coca cola spotlight band, folder 08, image F/MISC14","Black and white photograph. Handwritten on verso, ""Coca Cola Spotlight Band (Louis Prima?) 1944""","Yuen, Shui Kong, 1917-1992",Photographer,"Union College (Schenectady, N.Y.) http://id.worldcat.org/fast/563176",,1944,,"2 pages, 1 photograph : b&w ; 8 x 9.75 in. (20.32 x 24.77 cm)",Documentary photographs,In Copyright,"Box 2, Folder 8, Item F/MISC/14",ZWU_SCA0228_B02_F08_FMISC014,2025-09-16,ZWU_SCA0228_B02_F08_FMISC014_001.jpg;ZWU_SCA0228_B02_F08_FMISC014_002.jpg
,34923,Image ,"Coca cola spotlight band, folder 08, image F/MISC15","Coca cola spotlight band, folder 08, image F/MISC15","Black and white photograph. Handwritten on verso, ""Coca Cola Spotlight Band (Louis Prima?) 1944""","Yuen, Shui Kong, 1917-1992",Photographer,"Union College (Schenectady, N.Y.) http://id.worldcat.org/fast/563176",,1944,,"2 pages, 1 photograph : b&w ; 8 x 9.75 in. (20.32 x 24.77 cm)",Documentary photographs,In Copyright,"Box 2, Folder 8, Item F/MISC/15",ZWU_SCA0228_B02_F08_FMISC015,2025-09-16,ZWU_SCA0228_B02_F08_FMISC015_001.jpg;ZWU_SCA0228_B02_F08_FMISC015_002.jpg
,34923,Image ,"Coca cola spotlight band, folder 08, image F/MISC16","Coca cola spotlight band, folder 08, image F/MISC16","Black and white photograph. Handwritten on verso, ""Coca Cola Spotlight Band (Louis Prima?) 1944""","Yuen, Shui Kong, 1917-1992",Photographer,"Union College (Schenectady, N.Y.) http://id.worldcat.org/fast/563176",,1944,,"2 pages, 1 photograph : b&w ; 8 x 9.75 in. (20.32 x 24.77 cm)",Documentary photographs,In Copyright,"Box 2, Folder 8, Item F/MISC/16",ZWU_SCA0228_B02_F08_FMISC016,2025-09-16,ZWU_SCA0228_B02_F08_FMISC016_001.jpg;ZWU_SCA0228_B02_F08_FMISC016_002.jpg
,34924,Image ,"Dance December, 1943, folder 09, image F/MISC/17","Dance December, 1943, folder 09, image F/MISC/17","Black and white photograph. Handwritten on verso, ""Dance December, 1943""","Yuen, Shui Kong, 1917-1992",Photographer,"Union College (Schenectady, N.Y.) http://id.worldcat.org/fast/563176",,,1943-12-01,"2 pages, 1 photograph : b&w ; 8 x 9.75 in. (20.32 x 24.77 cm)",Documentary photographs,In Copyright,"Box 2, Folder 9, Item F/MISC/17",ZWU_SCA0228_B02_F09_FMISC017,2025-09-16,ZWU_SCA0228_B02_F09_FMISC017_001.jpg;ZWU_SCA0228_B02_F09_FMISC017_002.jpg
,34924,Image ,"Dance December, 1943, folder 09, image F/MISC/18","Dance December, 1943, folder 09, image F/MISC/18","Black and white photograph. Handwritten on verso, ""Dance December, 1943 Prof. Bob Stanley?""","Yuen, Shui Kong, 1917-1992",Photographer,"Union College (Schenectady, N.Y.) http://id.worldcat.org/fast/563176","Stanley, Bob",,1943-12-01,"2 pages, 1 photograph : b&w ; 8 x 9.75 in. (20.32 x 24.77 cm)",Documentary photographs,In Copyright,"Box 2, Folder 9, Item F/MISC/18",ZWU_SCA0228_B02_F09_FMISC018,2025-09-16,ZWU_SCA0228_B02_F09_FMISC018_001.jpg;ZWU_SCA0228_B02_F09_FMISC018_002.jpg
,34924,Image ,"Dance December, 1943, folder 09, image F/MISC/19","Dance December, 1943, folder 09, image F/MISC/19","Black and white photograph. Handwritten on verso, ""Dance December 1943""","Yuen, Shui Kong, 1917-1992",Photographer,"Union College (Schenectady, N.Y.) http://id.worldcat.org/fast/563176",,,1943-12-01,"2 pages, 1 photograph : b&w ; 8 x 9.75 in. (20.32 x 24.77 cm)",Documentary photographs,In Copyright,"Box 2, Folder 9, Item F/MISC/19",ZWU_SCA0228_B02_F09_FMISC019,2025-09-16,ZWU_SCA0228_B02_F09_FMISC019_001.jpg;ZWU_SCA0228_B02_F09_FMISC019_002.jpg
,34924,Image ,"Dance December, 1943, folder 09, image F/MISC/20","Dance December, 1943, folder 09, image F/MISC/20","Black and white photograph. Handwritten on verso, ""Dance December 1943 Fred Bronner""","Yuen, Shui Kong, 1917-1992",Photographer,"Union College (Schenectady, N.Y.) http://id.worldcat.org/fast/563176","Bronner, Frederick L.",,1943-12-01,"2 pages, 1 photograph : b&w ; 8 x 9.75 in. (20.32 x 24.77 cm)",Documentary photographs,In Copyright,"Box 2, Folder 9, Item F/MISC/20",ZWU_SCA0228_B02_F09_FMISC020,2025-09-16,ZWU_SCA0228_B02_F09_FMISC020_001.jpg;ZWU_SCA0228_B02_F09_FMISC020_002.jpg
,34924,Image ,"Dance December, 1943, folder 09, image F/MISC/21","Dance December, 1943, folder 09, image F/MISC/21","Black and white photograph. Handwritten on verso, ""Dance December, 1943""","Yuen, Shui Kong, 1917-1992",Photographer,"Union College (Schenectady, N.Y.) http://id.worldcat.org/fast/563176",,,1943-12-01,"2 pages, 1 photograph : b&w ; 8 x 9.75 in. (20.32 x 24.77 cm)",Documentary photographs,In Copyright,"Box 2, Folder 9, Item F/MISC/21",ZWU_SCA0228_B02_F09_FMISC021,2025-09-16,ZWU_SCA0228_B02_F09_FMISC021_001.jpg;ZWU_SCA0228_B02_F09_FMISC021_002.jpg
,34924,Image ,"Dance December, 1943, folder 09, image F/MISC/22","Dance December, 1943, folder 09, image F/MISC/22","Black and white photograph. Handwritten on verso, ""Dance December 1943""","Yuen, Shui Kong, 1917-1992",Photographer,"Union College (Schenectady, N.Y.) http://id.worldcat.org/fast/563176",,,1943-12-01,"2 pages, 1 photograph : b&w ; 8 x 9.75 in. (20.32 x 24.77 cm)",Documentary photographs,In Copyright,"Box 2, Folder 9, Item F/MISC/22",ZWU_SCA0228_B02_F09_FMISC022,2025-09-16,ZWU_SCA0228_B02_F09_FMISC022_001.jpg;ZWU_SCA0228_B02_F09_FMISC022_002.jpg
,34924,Image ,"Dance December, 1943, folder 09, image F/MISC/23","Dance December, 1943, folder 09, image F/MISC/23","Black and white photograph. Handwritten on verso, ""A V-12 student playing the Drum during Intermission Dance December, 1943""","Yuen, Shui Kong, 1917-1992",Photographer,"Union College (Schenectady, N.Y.) http://id.worldcat.org/fast/563176",,,1943-12-01,"2 pages, 1 photograph : b&w ; 8 x 9.75 in. (20.32 x 24.77 cm)",Documentary photographs,In Copyright,"Box 2, Folder 9, Item F/MISC/23",ZWU_SCA0228_B02_F09_FMISC023,2025-09-16,ZWU_SCA0228_B02_F09_FMISC023_001.jpg;ZWU_SCA0228_B02_F09_FMISC023_002.jpg
,34925,Image ,"Union College concert series, folder 10, image F/UCCS/4","Union College concert series, folder 10, image F/UCCS/4","Black and white photograph. Handwritten on verso, ""(Union College Concert Series) Artist unknown Function performed in 1941 1941""","Yuen, Shui Kong, 1917-1992",Photographer,"Union College (Schenectady, N.Y.) http://id.worldcat.org/fast/563176",,1941,,"2 pages, 1 photograph : b&w ; 8 x 9.75 in. (20.32 x 24.77 cm)",Documentary photographs,In Copyright,"Box 2, Folder 10, Item F/UCCS/4",ZWU_SCA0228_B02_F10_FUCCS004,2025-09-16,ZWU_SCA0228_B02_F10_FUCCS004_001.jpg;ZWU_SCA0228_B02_F10_FUCCS004_002.jpg
,34925,Image ,"Union College concert series, folder 10, image F/UCCS/5","Union College concert series, folder 10, image F/UCCS/5","Black and white photograph. Handwritten on verso, ""(Union College Concert Series). Helen Jepson Jan. 16, 1942""","Yuen, Shui Kong, 1917-1992",Photographer,"Union College (Schenectady, N.Y.) http://id.worldcat.org/fast/563176","Jepson, Helen",,1942-01-16,"2 pages, 1 photograph : b&w ; 8 x 9.75 in. (20.32 x 24.77 cm)",Documentary photographs,In Copyright,"Box 2, Folder 10, Item F/UCCS/5",ZWU_SCA0228_B02_F10_FUCCS005,2025-09-16,ZWU_SCA0228_B02_F10_FUCCS005_001.jpg;ZWU_SCA0228_B02_F10_FUCCS005_002.jpg
,34925,Image ,"Union College concert series, folder 10, image F/UCCS/6","Union College concert series, folder 10, image F/UCCS/6","Black and white photograph. Handwritten on verso, ""Union College Concert Series Paul Robeson February 6, 1942""","Yuen, Shui Kong, 1917-1992",Photographer,"Union College (Schenectady, N.Y.) http://id.worldcat.org/fast/563176","Robeson, Paul",,1942-02-06,"2 pages, 1 photograph : b&w ; 8 x 9.75 in. (20.32 x 24.77 cm)",Documentary photographs,In Copyright,"Box 2, Folder 10, Item F/UCCS/6",ZWU_SCA0228_B02_F10_FUCCS006,2025-09-16,ZWU_SCA0228_B02_F10_FUCCS006_001.jpg;ZWU_SCA0228_B02_F10_FUCCS006_002.jpg
,34925,Image ,"Union College concert series, folder 10, image F/UCCS/7","Union College concert series, folder 10, image F/UCCS/7","Black and white photograph. Handwritten on verso, ""Union College Concert Series Paul Robeson (Lawrence Brown - accompanying at the piano). February 6, 1942""","Yuen, Shui Kong, 1917-1992",Photographer,"Union College (Schenectady, N.Y.) http://id.worldcat.org/fast/563176","Robeson, Paul; Brown, Lawrence",,1942-02-06,"2 pages, 1 photograph : b&w ; 8 x 9.75 in. (20.32 x 24.77 cm)",Documentary photographs,In Copyright,"Box 2, Folder 10, Item F/UCCS/7",ZWU_SCA0228_B02_F10_FUCCS007,2025-09-16,ZWU_SCA0228_B02_F10_FUCCS007_001.jpg;ZWU_SCA0228_B02_F10_FUCCS007_002.jpg
,34925,Image ,"Union College concert series, folder 10, image F/UCCS/8","Union College concert series, folder 10, image F/UCCS/8","Black and white photograph. Handwritten on verso, ""Union College Concert Series Clara Rockmore February 6, 1942""","Yuen, Shui Kong, 1917-1992",Photographer,"Union College (Schenectady, N.Y.) http://id.worldcat.org/fast/563176","Rockmore, Clara",,1942-02-06,"2 pages, 1 photograph : b&w ; 8 x 9.75 in. (20.32 x 24.77 cm)",Documentary photographs,In Copyright,"Box 2, Folder 10, Item F/UCCS/8",ZWU_SCA0228_B02_F10_FUCCS008,2025-09-17,ZWU_SCA0228_B02_F10_FUCCS008_001.jpg;ZWU_SCA0228_B02_F10_FUCCS008_002.jpg
,34925,Image ,"Union College concert series, folder 10, image F/UCCS/9","Union College concert series, folder 10, image F/UCCS/9","Black and white photograph. Handwritten on verso, ""Union College Concert Series Union College Glee Club February 6, 1942""","Yuen, Shui Kong, 1917-1992",Photographer,"Union College (Schenectady, N.Y.) http://id.worldcat.org/fast/563176",,,1942-02-06,"2 pages, 1 photograph : b&w ; 8 x 9.75 in. (20.32 x 24.77 cm)",Documentary photographs,In Copyright,"Box 2, Folder 10, Item F/UCCS/9",ZWU_SCA0228_B02_F10_FUCCS009,2025-09-17,ZWU_SCA0228_B02_F10_FUCCS009_001.jpg;ZWU_SCA0228_B02_F10_FUCCS009_002.jpg
,34926,Image ,"Freshman camp, folder 11, image FC/3","Freshman camp, folder 11, image FC/3","Black and white photograph. Handwritten on verso, ""Freshman Camp Pilot Knot, Lake George September 6-10, 1940""","Yuen, Shui Kong, 1917-1992",Photographer,"Union College (Schenectady, N.Y.) http://id.worldcat.org/fast/563176",,"September 6-10, 1940",,"2 pages, 1 photograph : b&w ; 8 x 9.75 in. (20.32 x 24.77 cm)",Documentary photographs,In Copyright,"Box 2, Folder 11, Item FC 03",ZWU_SCA0228_B02_F11_FC003,2025-09-17,ZWU_SCA0228_B02_F11_FC003_001.jpg;ZWU_SCA0228_B02_F11_FC003_002.jpg
,34926,Image ,"Freshman camp, folder 11, image FC/4","Freshman camp, folder 11, image FC/4","Black and white photograph. Handwritten on verso, ""Freshman Camp Pilot Knot, Lake George September 6-10, 1940""","Yuen, Shui Kong, 1917-1992",Photographer,"Union College (Schenectady, N.Y.) http://id.worldcat.org/fast/563176",,"September 6-10, 1940",,"2 pages, 1 photograph : b&w ; 8 x 9.75 in. (20.32 x 24.77 cm)",Documentary photographs,In Copyright,"Box 2, Folder 11, Item FC 04",ZWU_SCA0228_B02_F11_FC004,2025-09-17,ZWU_SCA0228_B02_F11_FC004_001.jpg;ZWU_SCA0228_B02_F11_FC004_002.jpg
,34926,Image ,"Freshman camp, folder 11, image FC/5","Freshman camp, folder 11, image FC/5","Black and white photograph. Handwritten on verso, ""Prof. Walter Langsam Freshman Camp Pilot Knot, Lake George September 6-10, 1940""","Yuen, Shui Kong, 1917-1992",Photographer,"Union College (Schenectady, N.Y.) http://id.worldcat.org/fast/563176","Langsam, Walter Consuelo, 1906-1985","September 6-10, 1940",,"2 pages, 1 photograph : b&w ; 8 x 9.75 in. (20.32 x 24.77 cm)",Documentary photographs,In Copyright,"Box 2, Folder 11, Item FC 05",ZWU_SCA0228_B02_F11_FC005,2025-09-17,ZWU_SCA0228_B02_F11_FC005_001.jpg;ZWU_SCA0228_B02_F11_FC005_002.jpg
,34926,Image ,"Freshman camp, folder 11, image FC/6","Freshman camp, folder 11, image FC/6","Black and white photograph. Handwritten on verso, ""Freshman Camp Pilot Knot, Lake George September 6-10, 1940""","Yuen, Shui Kong, 1917-1992",Photographer,"Union College (Schenectady, N.Y.) http://id.worldcat.org/fast/563176",,"September 6-10, 1940",,"2 pages, 1 photograph : b&w ; 8 x 9.75 in. (20.32 x 24.77 cm)",Documentary photographs,In Copyright,"Box 2, Folder 11, Item FC 06",ZWU_SCA0228_B02_F11_FC006,2025-09-17,ZWU_SCA0228_B02_F11_FC006_001.jpg;ZWU_SCA0228_B02_F11_FC006_002.jpg
,34926,Image ,"Freshman camp, folder 11, image FC/7","Freshman camp, folder 11, image FC/7","Black and white photograph. Handwritten on verso, ""Freshman Camp Pilot Knot, Lake George September 6-10, 1940""","Yuen, Shui Kong, 1917-1992",Photographer,"Union College (Schenectady, N.Y.) http://id.worldcat.org/fast/563176",,"September 6-10, 1940",,"2 pages, 1 photograph : b&w ; 8 x 9.75 in. (20.32 x 24.77 cm)",Documentary photographs,In Copyright,"Box 2, Folder 11, Item FC 07",ZWU_SCA0228_B02_F11_FC007,2025-09-17,ZWU_SCA0228_B02_F11_FC007_001.jpg;ZWU_SCA0228_B02_F11_FC007_002.jpg
,34926,Image ,"Freshman camp, folder 11, image FC/8","Freshman camp, folder 11, image FC/8","Black and white photograph. Handwritten on verso, ""Freshman Camp Pilot Knot, Lake George September 6-10, 1940""","Yuen, Shui Kong, 1917-1992",Photographer,"Union College (Schenectady, N.Y.) http://id.worldcat.org/fast/563176",,"September 6-10, 1940",,"2 pages, 1 photograph : b&w ; 8 x 9.75 in. (20.32 x 24.77 cm)",Documentary photographs,In Copyright,"Box 2, Folder 11, Item FC 08",ZWU_SCA0228_B02_F11_FC008,2025-09-17,ZWU_SCA0228_B02_F11_FC008_001.jpg;ZWU_SCA0228_B02_F11_FC008_002.jpg
,34926,Image ,"Freshman camp, folder 11, image FC/9","Freshman camp, folder 11, image FC/9","Black and white photograph. Handwritten on verso, ""Freshman Camp Pilot Knot, Lake George September 6-10, 1940""","Yuen, Shui Kong, 1917-1992",Photographer,"Union College (Schenectady, N.Y.) http://id.worldcat.org/fast/563176",,"September 6-10, 1940",,"2 pages, 1 photograph : b&w ; 8 x 9.75 in. (20.32 x 24.77 cm)",Documentary photographs,In Copyright,"Box 2, Folder 11, Item FC 09",ZWU_SCA0228_B02_F11_FC009,2025-09-17,ZWU_SCA0228_B02_F11_FC009_001.jpg;ZWU_SCA0228_B02_F11_FC009_002.jpg
,34926,Image ,"Freshman camp, folder 11, image FC/11","Freshman camp, folder 11, image FC/11","Black and white photograph. Handwritten on verso, ""Freshman Camp Pilot Knot, Lake George September 6-10, 1940""","Yuen, Shui Kong, 1917-1992",Photographer,"Union College (Schenectady, N.Y.) http://id.worldcat.org/fast/563176",,"September 6-10, 1940",,"2 pages, 1 photograph : b&w ; 8 x 9.75 in. (20.32 x 24.77 cm)",Documentary photographs,In Copyright,"Box 2, Folder 11, Item FC 11",ZWU_SCA0228_B02_F11_FC011,2025-09-17,ZWU_SCA0228_B02_F11_FC011_001.jpg;ZWU_SCA0228_B02_F11_FC011_002.jpg
,34927,Image ,"Funeral service of Present Ryan Dixon Fox, folder 12, image CF/DRF/1","Funeral service of Present Ryan Dixon Fox, folder 12, image CF/DRF/1","Black and white photograph. Handwritten on verso, ""Funeral Service President Dixon Ryan Fox Laid-in-State Memorial Chapel Union College February 2, 1945""","Yuen, Shui Kong, 1917-1992",Photographer,"Union College (Schenectady, N.Y.) http://id.worldcat.org/fast/563176","Fox, Dixon Ryan, 1887-1945",,1945-02-02,"2 pages, 1 photograph : b&w ; 8 x 9.75 in. (20.32 x 24.77 cm)",Documentary photographs,In Copyright,"Box 2, Folder 12, Item CF/DRF/1",ZWU_SCA0228_B02_F12_CFDRF001,2025-09-17,ZWU_SCA0228_B02_F12_CFDRF001_001.jpg;ZWU_SCA0228_B02_F12_CFDRF001_002.jpg
,34927,Image ,"Walker, William Harold; Ball, Burton; Thyne, Frank; Adams, Richard; Lee, Robert; Webster, Roy H.","Funeral service of Present Ryan Dixon Fox, folder 12, image CF/DRF/2","Black and white photograph. Handwritten on verso, ""Funeral Service President Dixon Ryan Fox Memorial Chapel Union College February 2, 1945""","Yuen, Shui Kong, 1917-1992",Photographer,"Union College (Schenectady, N.Y.) http://id.worldcat.org/fast/563176","Fox, Dixon Ryan, 1887-1945",,1945-02-02,"2 pages, 1 photograph : b&w ; 8 x 9.75 in. (20.32 x 24.77 cm)",Documentary photographs,In Copyright,"Box 2, Folder 12, Item CF/DRF/2",ZWU_SCA0228_B02_F12_CFDRF002,2025-09-17,ZWU_SCA0228_B02_F12_CFDRF002_001.jpg;ZWU_SCA0228_B02_F12_CFDRF002_002.jpg
,34927,Image ,"Funeral service of Present Ryan Dixon Fox, folder 12, image CF/DRF/3","Funeral service of Present Ryan Dixon Fox, folder 12, image CF/DRF/3","Black and white photograph. Handwritten on verso, ""Funeral Service President Dixon Ryan Fox Memorial Chapel Union College Feb. 2, 1945 Prof. John March""","Yuen, Shui Kong, 1917-1992",Photographer,"Union College (Schenectady, N.Y.) http://id.worldcat.org/fast/563176","Fox, Dixon Ryan, 1887-1945; March, John Lewis, 1873-",,1945-02-02,"2 pages, 1 photograph : b&w ; 8 x 9.75 in. (20.32 x 24.77 cm)",Documentary photographs,In Copyright,"Box 2, Folder 12, Item CF/DRF/3",ZWU_SCA0228_B02_F12_CFDRF003,2025-09-17,ZWU_SCA0228_B02_F12_CFDRF003_001.jpg;ZWU_SCA0228_B02_F12_CFDRF003_002.jpg
,34927,Image ,"Funeral service of Present Ryan Dixon Fox, folder 12, image CF/DRF/4","Funeral service of Present Ryan Dixon Fox, folder 12, image CF/DRF/4","Black and white photograph. Handwritten on verso, ""Funeral Service President Dixon Ryan Fox Memorial Chapel Union College February 2, 1945""","Yuen, Shui Kong, 1917-1992",Photographer,"Union College (Schenectady, N.Y.) http://id.worldcat.org/fast/563176","Fox, Dixon Ryan, 1887-1945",,1945-02-02,"2 pages, 1 photograph : b&w ; 8 x 9.75 in. (20.32 x 24.77 cm)",Documentary photographs,In Copyright,"Box 2, Folder 12, Item CF/DRF/4",ZWU_SCA0228_B02_F12_CFDRF004,2025-09-17,ZWU_SCA0228_B02_F12_CFDRF004_001.jpg;ZWU_SCA0228_B02_F12_CFDRF004_002.jpg
,34927,Image ,"Funeral service of Present Ryan Dixon Fox, folder 12, image CF/DRF/5","Funeral service of Present Ryan Dixon Fox, folder 12, image CF/DRF/5","Black and white photograph. Handwritten on verso, ""Funeral Service President Dixon Ryan Fox Memorial Chapel Union College February 2, 1945""","Yuen, Shui Kong, 1917-1992",Photographer,"Union College (Schenectady, N.Y.) http://id.worldcat.org/fast/563176","Fox, Dixon Ryan, 1887-1945",,1945-02-02,"2 pages, 1 photograph : b&w ; 8 x 9.75 in. (20.32 x 24.77 cm)",Documentary photographs,In Copyright,"Box 2, Folder 12, Item CF/DRF/5",ZWU_SCA0228_B02_F12_CFDRF005,2025-09-17,ZWU_SCA0228_B02_F12_CFDRF005_001.jpg;ZWU_SCA0228_B02_F12_CFDRF005_002.jpg
,34928,Image ,"Freshman camp, folder 13, image FC/41/1","Freshman camp, folder 13, image FC/41/1","Black and white photograph. Handwritten on verso, ""Freshman Camp, 1941""","Yuen, Shui Kong, 1917-1992",Photographer,"Union College (Schenectady, N.Y.) http://id.worldcat.org/fast/563176",,1941,,"2 pages, 1 photograph : b&w ; 8 x 9.75 in. (20.32 x 24.77 cm)",Documentary photographs,In Copyright,"Box 2, Folder 13, Item FC/41/1",ZWU_SCA0228_B02_F13_FC41001,2025-09-17,ZWU_SCA0228_B02_F13_FC41001_001.jpg;ZWU_SCA0228_B02_F13_FC41001_002.jpg
,34928,Image ,"Freshman camp, folder 13, image FC/41/2","Freshman camp, folder 13, image FC/41/2","Black and white photograph. Handwritten on verso, ""Freshman Camp, 1941""","Yuen, Shui Kong, 1917-1992",Photographer,"Union College (Schenectady, N.Y.) http://id.worldcat.org/fast/563176",,1941,,"2 pages, 1 photograph : b&w ; 8 x 9.75 in. (20.32 x 24.77 cm)",Documentary photographs,In Copyright,"Box 2, Folder 13, Item FC/41/2",ZWU_SCA0228_B02_F13_FC41002,2025-09-17,ZWU_SCA0228_B02_F13_FC41002_001.jpg;ZWU_SCA0228_B02_F13_FC41002_002.jpg
,34928,Image ,"Freshman camp, folder 13, image FC/41/3","Freshman camp, folder 13, image FC/41/3","Black and white photograph. Handwritten on verso, ""Freshman Camp, 1941""","Yuen, Shui Kong, 1917-1992",Photographer,"Union College (Schenectady, N.Y.) http://id.worldcat.org/fast/563176",,1941,,"2 pages, 1 photograph : b&w ; 8 x 9.75 in. (20.32 x 24.77 cm)",Documentary photographs,In Copyright,"Box 2, Folder 13, Item FC/41/3",ZWU_SCA0228_B02_F13_FC41003,2025-09-17,ZWU_SCA0228_B02_F13_FC41003_001.jpg;ZWU_SCA0228_B02_F13_FC41003_002.jpg
,34928,Image ,"Freshman camp, folder 13, image FC/41/4","Freshman camp, folder 13, image FC/41/4","Black and white photograph. Handwritten on verso, ""Freshman Camp, 1941""","Yuen, Shui Kong, 1917-1992",Photographer,"Union College (Schenectady, N.Y.) http://id.worldcat.org/fast/563176",,1941,,"2 pages, 1 photograph : b&w ; 8 x 9.75 in. (20.32 x 24.77 cm)",Documentary photographs,In Copyright,"Box 2, Folder 13, Item FC/41/4",ZWU_SCA0228_B02_F13_FC41004,2025-09-17,ZWU_SCA0228_B02_F13_FC41004_001.jpg;ZWU_SCA0228_B02_F13_FC41004_002.jpg
,34928,Image ,"Freshman camp, folder 13, image FC/41/5","Freshman camp, folder 13, image FC/41/5","Black and white photograph. Handwritten on verso, ""Freshman Camp, 1941""","Yuen, Shui Kong, 1917-1992",Photographer,"Union College (Schenectady, N.Y.) http://id.worldcat.org/fast/563176",,1941,,"2 pages, 1 photograph : b&w ; 8 x 9.75 in. (20.32 x 24.77 cm)",Documentary photographs,In Copyright,"Box 2, Folder 13, Item FC/41/5",ZWU_SCA0228_B02_F13_FC41005,2025-09-17,ZWU_SCA0228_B02_F13_FC41005_001.jpg;ZWU_SCA0228_B02_F13_FC41005_002.jpg
,34928,Image ,"Freshman camp, folder 13, image FC/41/6","Freshman camp, folder 13, image FC/41/6","Black and white photograph. Handwritten on verso, ""Freshman Camp, 1941""","Yuen, Shui Kong, 1917-1992",Photographer,"Union College (Schenectady, N.Y.) http://id.worldcat.org/fast/563176",,1941,,"2 pages, 1 photograph : b&w ; 8 x 9.75 in. (20.32 x 24.77 cm)",Documentary photographs,In Copyright,"Box 2, Folder 13, Item FC/41/6",ZWU_SCA0228_B02_F13_FC41006,2025-09-17,ZWU_SCA0228_B02_F13_FC41006_001.jpg;ZWU_SCA0228_B02_F13_FC41006_002.jpg
,34928,Image ,"Freshman camp, folder 13, image FC/41/7","Freshman camp, folder 13, image FC/41/7","Black and white photograph. Handwritten on verso, ""Freshman Camp, 1941""","Yuen, Shui Kong, 1917-1992",Photographer,"Union College (Schenectady, N.Y.) http://id.worldcat.org/fast/563176",,1941,,"2 pages, 1 photograph : b&w ; 8 x 9.75 in. (20.32 x 24.77 cm)",Documentary photographs,In Copyright,"Box 2, Folder 13, Item FC/41/7",ZWU_SCA0228_B02_F13_FC41007,2025-09-17,ZWU_SCA0228_B02_F13_FC41007_001.jpg;ZWU_SCA0228_B02_F13_FC41007_002.jpg
,34928,Image ,"Freshman camp, folder 13, image FC/41/8","Freshman camp, folder 13, image FC/41/8","Black and white photograph. Handwritten on verso, ""Freshman Camp, 1941""","Yuen, Shui Kong, 1917-1992",Photographer,"Union College (Schenectady, N.Y.) http://id.worldcat.org/fast/563176",,1941,,"2 pages, 1 photograph : b&w ; 8 x 9.75 in. (20.32 x 24.77 cm)",Documentary photographs,In Copyright,"Box 2, Folder 13, Item FC/41/8",ZWU_SCA0228_B02_F13_FC41008,2025-09-17,ZWU_SCA0228_B02_F13_FC41008_001.jpg;ZWU_SCA0228_B02_F13_FC41008_002.jpg
,34928,Image ,"Freshman camp, folder 13, image FC/41/9","Freshman camp, folder 13, image FC/41/9","Black and white photograph. Handwritten on verso, ""Freshman Camp, 1941""","Yuen, Shui Kong, 1917-1992",Photographer,"Union College (Schenectady, N.Y.) http://id.worldcat.org/fast/563176",,1941,,"2 pages, 1 photograph : b&w ; 8 x 9.75 in. (20.32 x 24.77 cm)",Documentary photographs,In Copyright,"Box 2, Folder 13, Item FC/41/9",ZWU_SCA0228_B02_F13_FC41009,2025-09-17,ZWU_SCA0228_B02_F13_FC41009_001.jpg;ZWU_SCA0228_B02_F13_FC41009_002.jpg
,34928,Image ,"Freshman camp, folder 13, image FC/41/10","Freshman camp, folder 13, image FC/41/10","Black and white photograph. Handwritten on verso, ""Freshman Camp, 1941""","Yuen, Shui Kong, 1917-1992",Photographer,"Union College (Schenectady, N.Y.) http://id.worldcat.org/fast/563176",,1941,,"2 pages, 1 photograph : b&w ; 8 x 9.75 in. (20.32 x 24.77 cm)",Documentary photographs,In Copyright,"Box 2, Folder 13, Item FC/41/10",ZWU_SCA0228_B02_F13_FC41010,2025-09-17,ZWU_SCA0228_B02_F13_FC41010_001.jpg;ZWU_SCA0228_B02_F13_FC41010_002.jpg
,34928,Image ,"Freshman camp, folder 13, image FC/41/11","Freshman camp, folder 13, image FC/41/11","Black and white photograph. Handwritten on verso, ""Freshman Camp, 1941""","Yuen, Shui Kong, 1917-1992",Photographer,"Union College (Schenectady, N.Y.) http://id.worldcat.org/fast/563176",,1941,,"2 pages, 1 photograph : b&w ; 8 x 9.75 in. (20.32 x 24.77 cm)",Documentary photographs,In Copyright,"Box 2, Folder 13, Item FC FC/41/11",ZWU_SCA0228_B02_F13_FC41011,2025-09-17,ZWU_SCA0228_B02_F13_FC41011_001.jpg;ZWU_SCA0228_B02_F13_FC41011_002.jpg
,34928,Image ,"Freshman camp, folder 13, image FC/41/12","Freshman camp, folder 13, image FC/41/12","Black and white photograph. Handwritten on verso, ""Freshman Camp, 1941""","Yuen, Shui Kong, 1917-1992",Photographer,"Union College (Schenectady, N.Y.) http://id.worldcat.org/fast/563176",,1941,,"2 pages, 1 photograph : b&w ; 8 x 9.75 in. (20.32 x 24.77 cm)",Documentary photographs,In Copyright,"Box 2, Folder 13, Item FC/41/12",ZWU_SCA0228_B02_F13_FC41012,2025-09-17,ZWU_SCA0228_B02_F13_FC41012_001.jpg;ZWU_SCA0228_B02_F13_FC41012_002.jpg
,34928,Image ,"Freshman camp, folder 13, image FC/41/13","Freshman camp, folder 13, image FC/41/13","Black and white photograph. Handwritten on verso, ""Freshman Camp, 1941""","Yuen, Shui Kong, 1917-1992",Photographer,"Union College (Schenectady, N.Y.) http://id.worldcat.org/fast/563176",,1941,,"2 pages, 1 photograph : b&w ; 8 x 9.75 in. (20.32 x 24.77 cm)",Documentary photographs,In Copyright,"Box 2, Folder 13, Item FC/41/13",ZWU_SCA0228_B02_F13_FC41013,2025-09-17,ZWU_SCA0228_B02_F13_FC41013_001.jpg;ZWU_SCA0228_B02_F13_FC41013_002.jpg
,34928,Image ,"Freshman camp, folder 13, image FC/41/14","Freshman camp, folder 13, image FC/41/14","Black and white photograph. Handwritten on verso, ""Freshman Camp, 1941""","Yuen, Shui Kong, 1917-1992",Photographer,"Union College (Schenectady, N.Y.) http://id.worldcat.org/fast/563176",,1941,,"2 pages, 1 photograph : b&w ; 8 x 9.75 in. (20.32 x 24.77 cm)",Documentary photographs,In Copyright,"Box 2, Folder 13, Item FC/41/14",ZWU_SCA0228_B02_F13_FC41014,2025-09-17,ZWU_SCA0228_B02_F13_FC41014_001.jpg;ZWU_SCA0228_B02_F13_FC41014_002.jpg
,34928,Image ,"Freshman camp, folder 13, image FC/41/15","Freshman camp, folder 13, image FC/41/15","Black and white photograph. Handwritten on verso, ""Freshman Camp, 1941""","Yuen, Shui Kong, 1917-1992",Photographer,"Union College (Schenectady, N.Y.) http://id.worldcat.org/fast/563176",,1941,,"2 pages, 1 photograph : b&w ; 8 x 9.75 in. (20.32 x 24.77 cm)",Documentary photographs,In Copyright,"Box 2, Folder 13, Item FC/41/15",ZWU_SCA0228_B02_F13_FC41015,2025-09-17,ZWU_SCA0228_B02_F13_FC41015_001.jpg;ZWU_SCA0228_B02_F13_FC41015_002.jpg
,34928,Image ,"Freshman camp, folder 13, image FC/41/16","Freshman camp, folder 13, image FC/41/16","Black and white photograph. Handwritten on verso, ""Freshman Camp, 1941""","Yuen, Shui Kong, 1917-1992",Photographer,"Union College (Schenectady, N.Y.) http://id.worldcat.org/fast/563176",,1941,,"2 pages, 1 photograph : b&w ; 8 x 9.75 in. (20.32 x 24.77 cm)",Documentary photographs,In Copyright,"Box 2, Folder 13, Item FC/41/16",ZWU_SCA0228_B02_F13_FC41016,2025-09-17,ZWU_SCA0228_B02_F13_FC41016_001.jpg;ZWU_SCA0228_B02_F13_FC41016_002.jpg
,34928,Image ,"Freshman camp, folder 13, image FC/41/17","Freshman camp, folder 13, image FC/41/17","Black and white photograph. Handwritten on verso, ""Freshman Camp, 1941""","Yuen, Shui Kong, 1917-1992",Photographer,"Union College (Schenectady, N.Y.) http://id.worldcat.org/fast/563176",,1941,,"2 pages, 1 photograph : b&w ; 8 x 9.75 in. (20.32 x 24.77 cm)",Documentary photographs,In Copyright,"Box 2, Folder 13, Item FC/41/17",ZWU_SCA0228_B02_F13_FC41017,2025-09-17,ZWU_SCA0228_B02_F13_FC41017_001.jpg;ZWU_SCA0228_B02_F13_FC41017_002.jpg
,34928,Image ,"Freshman camp, folder 13, image FC/41/18","Freshman camp, folder 13, image FC/41/18","Black and white photograph. Handwritten on verso, ""Freshman Camp, 1941 Dean Garis""","Yuen, Shui Kong, 1917-1992",Photographer,"Union College (Schenectady, N.Y.) http://id.worldcat.org/fast/563176",,1941,,"2 pages, 1 photograph : b&w ; 8 x 9.75 in. (20.32 x 24.77 cm)",Documentary photographs,In Copyright,"Box 2, Folder 13, Item FC/41/18",ZWU_SCA0228_B02_F13_FC41018,2025-09-17,ZWU_SCA0228_B02_F13_FC41018_001.jpg;ZWU_SCA0228_B02_F13_FC41018_002.jpg
,34928,Image ,"Freshman camp, folder 13, image FC/41/18 B","Freshman camp, folder 13, image FC/41/18 B","Negatives (photographic). Handwritten on verso of film sleeve, ""Freshman Camp, 1941 Dean Garis""","Yuen, Shui Kong, 1917-1992",Photographer,"Union College (Schenectady, N.Y.) http://id.worldcat.org/fast/563176","Garis, Charles F. F.",1941,,"1 page, 1 negative (photographic) : b&w ; 4 x 5 in. (10.16 x 12.7 cm)",Documentary photographs,In Copyright,"Box 2, Folder 13, Item FC/41/18B",ZWU_SCA0228_B02_F13_FC41018B,2025-10-10,ZWU_SCA0228_B02_F13_FC41018B_001.jpg
,34928,Image ,"Freshman camp, folder 13, image FC/41/19","Freshman camp, folder 13, image FC/41/19","Black and white photograph. Handwritten on verso, ""Freshman Camp, 1941 Professor Ben. Whitaker Talked to Division II students""","Yuen, Shui Kong, 1917-1992",Photographer,"Union College (Schenectady, N.Y.) http://id.worldcat.org/fast/563176",,1941,,"2 pages, 1 photograph : b&w ; 8 x 9.75 in. (20.32 x 24.77 cm)",Documentary photographs,In Copyright,"Box 2, Folder 13, Item FC/41/19",ZWU_SCA0228_B02_F13_FC41019,2025-09-17,ZWU_SCA0228_B02_F13_FC41019_001.jpg;ZWU_SCA0228_B02_F13_FC41019_002.jpg
,34928,Image ,"Freshman camp, folder 13, image FC/41/20","Freshman camp, folder 13, image FC/41/20","Black and white photograph. Handwritten on verso, ""Freshman Camp, 1941""","Yuen, Shui Kong, 1917-1992",Photographer,"Union College (Schenectady, N.Y.) http://id.worldcat.org/fast/563176",,1941,,"2 pages, 1 photograph : b&w ; 8 x 9.75 in. (20.32 x 24.77 cm)",Documentary photographs,In Copyright,"Box 2, Folder 13, Item FC/41/20",ZWU_SCA0228_B02_F13_FC41020,2025-09-17,ZWU_SCA0228_B02_F13_FC41020_001.jpg;ZWU_SCA0228_B02_F13_FC41020_002.jpg
,34928,Image ,"Freshman camp, folder 13, image FC/41/21","Freshman camp, folder 13, image FC/41/21","Black and white photograph. Handwritten on verso, ""Freshman Camp, 1941. Dr. Bennett""","Yuen, Shui Kong, 1917-1992",Photographer,"Union College (Schenectady, N.Y.) http://id.worldcat.org/fast/563176",,1941,,"2 pages, 1 photograph : b&w ; 8 x 9.75 in. (20.32 x 24.77 cm)",Documentary photographs,In Copyright,"Box 2, Folder 13, Item FC/41/21",ZWU_SCA0228_B02_F13_FC41021,2025-09-17,ZWU_SCA0228_B02_F13_FC41021_001.jpg;ZWU_SCA0228_B02_F13_FC41021_002.jpg
,34928,Image ,"Freshman camp, folder 13, image FC/41/22","Freshman camp, folder 13, image FC/41/22","Black and white photograph. Handwritten on verso, ""Freshman Camp, 1941. Bill Ketz""","Yuen, Shui Kong, 1917-1992",Photographer,"Union College (Schenectady, N.Y.) http://id.worldcat.org/fast/563176","Ketz, Wilford, 1906-1991",1941,,"2 pages, 1 photograph : b&w ; 8 x 9.75 in. (20.32 x 24.77 cm)",Documentary photographs,In Copyright,"Box 2, Folder 13, Item FC/41/22",ZWU_SCA0228_B02_F13_FC41022,2025-09-17,ZWU_SCA0228_B02_F13_FC41022_001.jpg;ZWU_SCA0228_B02_F13_FC41022_002.jpg
,34928,Image ,"Freshman camp, folder 13, image FC/41/23","Freshman camp, folder 13, image FC/41/23","Black and white photograph. Handwritten on verso, ""Freshman Camp, 1941. Prof. Gus Fox""","Yuen, Shui Kong, 1917-1992",Photographer,"Union College (Schenectady, N.Y.) http://id.worldcat.org/fast/563176","Fox, Gus",1941,,"2 pages, 1 photograph : b&w ; 8 x 9.75 in. (20.32 x 24.77 cm)",Documentary photographs,In Copyright,"Box 2, Folder 13, Item FC/41/23",ZWU_SCA0228_B02_F13_FC41023,2025-09-17,ZWU_SCA0228_B02_F13_FC41023_001.jpg;ZWU_SCA0228_B02_F13_FC41023_002.jpg
,34928,Image ,"Freshman camp, folder 13, image FC/41/24","Freshman camp, folder 13, image FC/41/24","Black and white photograph. Handwritten on verso, ""Freshman Camp, 1941. Dr. B. Johnson""","Yuen, Shui Kong, 1917-1992",Photographer,"Union College (Schenectady, N.Y.) http://id.worldcat.org/fast/563176",,1941,,"2 pages, 1 photograph : b&w ; 8 x 9.75 in. (20.32 x 24.77 cm)",Documentary photographs,In Copyright,"Box 2, Folder 13, Item FC/41/24",ZWU_SCA0228_B02_F13_FC41024,2025-09-17,ZWU_SCA0228_B02_F13_FC41024_001.jpg;ZWU_SCA0228_B02_F13_FC41024_002.jpg
,34928,Image ,"Freshman camp, folder 13, image FC/41/25","Freshman camp, folder 13, image FC/41/25","Black and white photograph. Handwritten on verso, ""Freshman Camp, 1941""","Yuen, Shui Kong, 1917-1992",Photographer,"Union College (Schenectady, N.Y.) http://id.worldcat.org/fast/563176",,1941,,"2 pages, 1 photograph : b&w ; 8 x 9.75 in. (20.32 x 24.77 cm)",Documentary photographs,In Copyright,"Box 2, Folder 13, Item FC/41/25",ZWU_SCA0228_B02_F13_FC41025,2025-09-17,ZWU_SCA0228_B02_F13_FC41025_001.jpg;ZWU_SCA0228_B02_F13_FC41025_002.jpg
,34928,Image ,"Freshman camp, folder 13, image FC/41/26","Freshman camp, folder 13, image FC/41/26","Black and white photograph. Handwritten on verso, ""Freshman Camp, 1941. Professor Benjamin Whitaker""","Yuen, Shui Kong, 1917-1992",Photographer,"Union College (Schenectady, N.Y.) http://id.worldcat.org/fast/563176","Whitaker, Benjamin",1941,,"2 pages, 1 photograph : b&w ; 8 x 9.75 in. (20.32 x 24.77 cm)",Documentary photographs,In Copyright,"Box 2, Folder 13, Item FC/41/26",ZWU_SCA0228_B02_F13_FC41026,2025-09-17,ZWU_SCA0228_B02_F13_FC41026_001.jpg;ZWU_SCA0228_B02_F13_FC41026_002.jpg
,34928,Image ,"Freshman camp, folder 13, image FC/41/27","Freshman camp, folder 13, image FC/41/27","Black and white photograph. Handwritten on verso, ""Freshman Camp, 1941""","Yuen, Shui Kong, 1917-1992",Photographer,"Union College (Schenectady, N.Y.) http://id.worldcat.org/fast/563176",,1941,,"2 pages, 1 photograph : b&w ; 8 x 9.75 in. (20.32 x 24.77 cm)",Documentary photographs,In Copyright,"Box 2, Folder 13, Item FC/41/27",ZWU_SCA0228_B02_F13_FC41027,2025-09-17,ZWU_SCA0228_B02_F13_FC41027_001.jpg;ZWU_SCA0228_B02_F13_FC41027_002.jpg
,34928,Image ,"Freshman camp, folder 13, image FC/41/28","Freshman camp, folder 13, image FC/41/28","Black and white photograph. Handwritten on verso, ""Freshman Camp, 1941""","Yuen, Shui Kong, 1917-1992",Photographer,"Union College (Schenectady, N.Y.) http://id.worldcat.org/fast/563176",,1941,,"2 pages, 1 photograph : b&w ; 8 x 9.75 in. (20.32 x 24.77 cm)",Documentary photographs,In Copyright,"Box 2, Folder 13, Item FC/41/28",ZWU_SCA0228_B02_F13_FC41028,2025-09-17,ZWU_SCA0228_B02_F13_FC41028_001.jpg;ZWU_SCA0228_B02_F13_FC41028_002.jpg
,34928,Image ,"Freshman camp, folder 13, image FC/41/29","Freshman camp, folder 13, image FC/41/29","Black and white photograph. Handwritten on verso, ""Freshman Camp, 1941""","Yuen, Shui Kong, 1917-1992",Photographer,"Union College (Schenectady, N.Y.) http://id.worldcat.org/fast/563176",,1941,,"2 pages, 1 photograph : b&w ; 8 x 9.75 in. (20.32 x 24.77 cm)",Documentary photographs,In Copyright,"Box 2, Folder 13, Item FC/41/29",ZWU_SCA0228_B02_F13_FC41029,2025-09-17,ZWU_SCA0228_B02_F13_FC41029_001.jpg;ZWU_SCA0228_B02_F13_FC41029_002.jpg
,34928,Image ,"Freshman camp, folder 13, image FC/41/30","Freshman camp, folder 13, image FC/41/30","Black and white photograph. Handwritten on verso, ""Freshman Camp, 1941""","Yuen, Shui Kong, 1917-1992",Photographer,"Union College (Schenectady, N.Y.) http://id.worldcat.org/fast/563176",,1941,,"2 pages, 1 photograph : b&w ; 8 x 9.75 in. (20.32 x 24.77 cm)",Documentary photographs,In Copyright,"Box 2, Folder 13, Item FC/41/30",ZWU_SCA0228_B02_F13_FC41030,2025-09-17,ZWU_SCA0228_B02_F13_FC41030_001.jpg;ZWU_SCA0228_B02_F13_FC41030_002.jpg
,34928,Image ,"Freshman camp, folder 13, image FC/41/31","Freshman camp, folder 13, image FC/41/31","Black and white photograph. Handwritten on verso, ""Freshman Camp, 1941""","Yuen, Shui Kong, 1917-1992",Photographer,"Union College (Schenectady, N.Y.) http://id.worldcat.org/fast/563176",,1941,,"2 pages, 1 photograph : b&w ; 8 x 9.75 in. (20.32 x 24.77 cm)",Documentary photographs,In Copyright,"Box 2, Folder 13, Item FC/41/31",ZWU_SCA0228_B02_F13_FC41031,2025-09-17,ZWU_SCA0228_B02_F13_FC41031_001.jpg;ZWU_SCA0228_B02_F13_FC41031_002.jpg
,34928,Image ,"Freshman camp, folder 13, image FC/41/32","Freshman camp, folder 13, image FC/41/32","Black and white photograph. Handwritten on verso, ""Freshman Camp, 1941""","Yuen, Shui Kong, 1917-1992",Photographer,"Union College (Schenectady, N.Y.) http://id.worldcat.org/fast/563176",,1941,,"2 pages, 1 photograph : b&w ; 8 x 9.75 in. (20.32 x 24.77 cm)",Documentary photographs,In Copyright,"Box 2, Folder 13, Item FC/41/32",ZWU_SCA0228_B02_F13_FC41032,2025-09-17,ZWU_SCA0228_B02_F13_FC41032_001.jpg;ZWU_SCA0228_B02_F13_FC41032_002.jpg
,34928,Image ,"Freshman camp, folder 13, image FC/41/33","Freshman camp, folder 13, image FC/41/33","Black and white photograph. Handwritten on verso, ""Freshman Camp, 1941""","Yuen, Shui Kong, 1917-1992",Photographer,"Union College (Schenectady, N.Y.) http://id.worldcat.org/fast/563176",,1941,,"2 pages, 1 photograph : b&w ; 8 x 9.75 in. (20.32 x 24.77 cm)",Documentary photographs,In Copyright,"Box 2, Folder 13, Item FC/41/33",ZWU_SCA0228_B02_F13_FC41033,2025-09-17,ZWU_SCA0228_B02_F13_FC41033_001.jpg;ZWU_SCA0228_B02_F13_FC41033_002.jpg
,34928,Image ,"Freshman camp, folder 13, image FC/41/34","Freshman camp, folder 13, image FC/41/34","Black and white photograph. Handwritten on verso, ""Freshman Camp, 1941""","Yuen, Shui Kong, 1917-1992",Photographer,"Union College (Schenectady, N.Y.) http://id.worldcat.org/fast/563176",,1941,,"2 pages, 1 photograph : b&w ; 8 x 9.75 in. (20.32 x 24.77 cm)",Documentary photographs,In Copyright,"Box 2, Folder 13, Item FC/41/34",ZWU_SCA0228_B02_F13_FC41034,2025-09-17,ZWU_SCA0228_B02_F13_FC41034_001.jpg;ZWU_SCA0228_B02_F13_FC41034_002.jpg
,34929,Image ,"Fraternity houses, folder 14, image FH 1","Fraternity houses, folder 14, image FH 1","Black and white photograph. Handwritten on verso, ""Kappa Alpha February 1, 1941 11:00 a.m.""","Yuen, Shui Kong, 1917-1992",Photographer,"Union College (Schenectady, N.Y.) http://id.worldcat.org/fast/563176",,,1941-02-01,"2 pages, 1 photograph : b&w ; 8 x 9.75 in. (20.32 x 24.77 cm)",Documentary photographs,In Copyright,"Box 2, Folder 14, Item FH 1",ZWU_SCA0228_B02_F14_FH001,2025-09-17,ZWU_SCA0228_B02_F14_FH001_001.jpg;ZWU_SCA0228_B02_F14_FH001_002.jpg
,34929,Image ,"Fraternity houses, folder 14, image FH 2","Fraternity houses, folder 14, image FH 2","Black and white photograph. Handwritten on verso, ""Kappa Alpha February 1, 1941 11:00 a.m.""","Yuen, Shui Kong, 1917-1992",Photographer,"Union College (Schenectady, N.Y.) http://id.worldcat.org/fast/563176",,,1941-02-01,"2 pages, 1 photograph : b&w ; 8 x 9.75 in. (20.32 x 24.77 cm)",Documentary photographs,In Copyright,"Box 2, Folder 14, Item FH 2",ZWU_SCA0228_B02_F14_FH002,2025-09-17,ZWU_SCA0228_B02_F14_FH002_001.jpg;ZWU_SCA0228_B02_F14_FH002_002.jpg
,34929,Image ,"Fraternity houses, folder 14, image FH 3","Fraternity houses, folder 14, image FH 3","Black and white photograph. Handwritten on verso, ""Sigma Phi February 1941 afternoon""","Yuen, Shui Kong, 1917-1992",Photographer,"Union College (Schenectady, N.Y.) http://id.worldcat.org/fast/563176",,1941,,"2 pages, 1 photograph : b&w ; 8 x 9.75 in. (20.32 x 24.77 cm)",Documentary photographs,In Copyright,"Box 2, Folder 14, Item FH 3",ZWU_SCA0228_B02_F14_FH003,2025-09-17,ZWU_SCA0228_B02_F14_FH003_001.jpg;ZWU_SCA0228_B02_F14_FH003_002.jpg
,34929,Image ,"Fraternity houses, folder 14, image FH 4","Fraternity houses, folder 14, image FH 4","Black and white photograph. Handwritten on verso, ""Sigma Phi February 1941, afternoon""","Yuen, Shui Kong, 1917-1992",Photographer,"Union College (Schenectady, N.Y.) http://id.worldcat.org/fast/563176",,1941,,"2 pages, 1 photograph : b&w ; 8 x 9.75 in. (20.32 x 24.77 cm)",Documentary photographs,In Copyright,"Box 2, Folder 14, Item FH 4",ZWU_SCA0228_B02_F14_FH004,2025-09-17,ZWU_SCA0228_B02_F14_FH004_001.jpg;ZWU_SCA0228_B02_F14_FH004_002.jpg
,34929,Image ,"Fraternity houses, folder 14, image FH 5","Fraternity houses, folder 14, image FH 5","Black and white photograph. Handwritten on verso, ""Delta Phi Spring 1941""","Yuen, Shui Kong, 1917-1992",Photographer,"Union College (Schenectady, N.Y.) http://id.worldcat.org/fast/563176",,1941,,"2 pages, 1 photograph : b&w ; 8 x 9.75 in. (20.32 x 24.77 cm)",Documentary photographs,In Copyright,"Box 2, Folder 14, Item FH 5",ZWU_SCA0228_B02_F14_FH005,2025-09-17,ZWU_SCA0228_B02_F14_FH005_001.jpg;ZWU_SCA0228_B02_F14_FH005_002.jpg
,34929,Image ,"Fraternity houses, folder 14, image FH 6","Fraternity houses, folder 14, image FH 6","Black and white photograph. Handwritten on verso, ""Delta Phi 1941""","Yuen, Shui Kong, 1917-1992",Photographer,"Union College (Schenectady, N.Y.) http://id.worldcat.org/fast/563176",,1941,,"2 pages, 1 photograph : b&w ; 8 x 9.75 in. (20.32 x 24.77 cm)",Documentary photographs,In Copyright,"Box 2, Folder 14, Item FH 6",ZWU_SCA0228_B02_F14_FH006,2025-09-17,ZWU_SCA0228_B02_F14_FH006_001.jpg;ZWU_SCA0228_B02_F14_FH006_002.jpg
,34929,Image ,"Fraternity houses, folder 14, image FH 7","Fraternity houses, folder 14, image FH 7","Black and white photograph. Handwritten on verso, ""Delta Phi February 1,1941 8:30 a.m.""","Yuen, Shui Kong, 1917-1992",Photographer,"Union College (Schenectady, N.Y.) http://id.worldcat.org/fast/563176",,,1941-02-01,"2 pages, 1 photograph : b&w ; 8 x 9.75 in. (20.32 x 24.77 cm)",Documentary photographs,In Copyright,"Box 2, Folder 14, Item FH 7",ZWU_SCA0228_B02_F14_FH007,2025-09-17,ZWU_SCA0228_B02_F14_FH007_001.jpg;ZWU_SCA0228_B02_F14_FH007_002.jpg
,34929,Image ,"Fraternity houses, folder 14, image FH 8","Fraternity houses, folder 14, image FH 8","Black and white photograph. Handwritten on verso, ""Psi U. 1941""","Yuen, Shui Kong, 1917-1992",Photographer,"Union College (Schenectady, N.Y.) http://id.worldcat.org/fast/563176",,,1941-02-01,"2 pages, 1 photograph : b&w ; 8 x 9.75 in. (20.32 x 24.77 cm)",Documentary photographs,In Copyright,"Box 2, Folder 14, Item FH 8",ZWU_SCA0228_B02_F14_FH008,2025-09-17,ZWU_SCA0228_B02_F14_FH008_001.jpg;ZWU_SCA0228_B02_F14_FH008_002.jpg
,34929,Image ,"Fraternity houses, folder 14, image FH 9","Fraternity houses, folder 14, image FH 9","Black and white photograph. Handwritten on verso, ""Psi U. February 1941""","Yuen, Shui Kong, 1917-1992",Photographer,"Union College (Schenectady, N.Y.) http://id.worldcat.org/fast/563176",,,1941-02-01,"2 pages, 1 photograph : b&w ; 8 x 9.75 in. (20.32 x 24.77 cm)",Documentary photographs,In Copyright,"Box 2, Folder 14, Item FH 9",ZWU_SCA0228_B02_F14_FH009,2025-09-17,ZWU_SCA0228_B02_F14_FH009_001.jpg;ZWU_SCA0228_B02_F14_FH009_002.jpg
,34929,Image ,"Fraternity houses, folder 14, image FH 10","Fraternity houses, folder 14, image FH 10","Black and white photograph. Handwritten on verso, ""Psi U. February 1941""","Yuen, Shui Kong, 1917-1992",Photographer,"Union College (Schenectady, N.Y.) http://id.worldcat.org/fast/563176",,,1941-02-01,"2 pages, 1 photograph : b&w ; 8 x 9.75 in. (20.32 x 24.77 cm)",Documentary photographs,In Copyright,"Box 2, Folder 14, Item FH 10",ZWU_SCA0228_B02_F14_FH010,2025-09-17,ZWU_SCA0228_B02_F14_FH010_001.jpg;ZWU_SCA0228_B02_F14_FH010_002.jpg
,34929,Image ,"Fraternity houses, folder 14, image FH 11","Fraternity houses, folder 14, image FH 11","Black and white photograph. Handwritten on verso, ""D. U. February 1941""","Yuen, Shui Kong, 1917-1992",Photographer,"Union College (Schenectady, N.Y.) http://id.worldcat.org/fast/563176",,,1941-02-01,"2 pages, 1 photograph : b&w ; 8 x 9.75 in. (20.32 x 24.77 cm)",Documentary photographs,In Copyright,"Box 2, Folder 14, Item FH 11",ZWU_SCA0228_B02_F14_FH011,2025-09-17,ZWU_SCA0228_B02_F14_FH011_001.jpg;ZWU_SCA0228_B02_F14_FH011_002.jpg
,34929,Image ,"Fraternity houses, folder 14, image FH 12","Fraternity houses, folder 14, image FH 12","Black and white photograph. Handwritten on verso, ""D. U. 1941""","Yuen, Shui Kong, 1917-1992",Photographer,"Union College (Schenectady, N.Y.) http://id.worldcat.org/fast/563176",,1941,,"2 pages, 1 photograph : b&w ; 8 x 9.75 in. (20.32 x 24.77 cm)",Documentary photographs,In Copyright,"Box 2, Folder 14, Item FH 12",ZWU_SCA0228_B02_F14_FH012,2025-09-17,ZWU_SCA0228_B02_F14_FH012_001.jpg;ZWU_SCA0228_B02_F14_FH012_002.jpg
,34929,Image ,"Fraternity houses, folder 14, image FH 13","Fraternity houses, folder 14, image FH 13","Black and white photograph. Handwritten on verso, ""D. U. February 1941""","Yuen, Shui Kong, 1917-1992",Photographer,"Union College (Schenectady, N.Y.) http://id.worldcat.org/fast/563176",,,1941-02-01,"2 pages, 1 photograph : b&w ; 8 x 9.75 in. (20.32 x 24.77 cm)",Documentary photographs,In Copyright,"Box 2, Folder 14, Item FH 13",ZWU_SCA0228_B02_F14_FH013,2025-09-17,ZWU_SCA0228_B02_F14_FH013_001.jpg;ZWU_SCA0228_B02_F14_FH013_002.jpg
,34929,Image ,"Fraternity houses, folder 15, image FH 14","Fraternity houses, folder 15, image FH 14","Black and white photograph. Handwritten on verso, ""Chi Psi 1941""","Yuen, Shui Kong, 1917-1992",Photographer,"Union College (Schenectady, N.Y.) http://id.worldcat.org/fast/563176",,1941,,"2 pages, 1 photograph : b&w ; 8 x 9.75 in. (20.32 x 24.77 cm)",Documentary photographs,In Copyright,"Box 2, Folder 15, Item FH 14",ZWU_SCA0228_B02_F15_FH014,2025-09-18,ZWU_SCA0228_B02_F15_FH014_001.jpg;ZWU_SCA0228_B02_F15_FH014_002.jpg
,34929,Image ,"Fraternity houses, folder 15, image FH 15","Fraternity houses, folder 15, image FH 15","Black and white photograph. Handwritten on verso, ""Chi Psi February 1941""","Yuen, Shui Kong, 1917-1992",Photographer,"Union College (Schenectady, N.Y.) http://id.worldcat.org/fast/563176",,,1941-02-01,"2 pages, 1 photograph : b&w ; 8 x 9.75 in. (20.32 x 24.77 cm)",Documentary photographs,In Copyright,"Box 2, Folder 15, Item FH 15",ZWU_SCA0228_B02_F15_FH015,2025-09-18,ZWU_SCA0228_B02_F15_FH015_001.jpg;ZWU_SCA0228_B02_F15_FH015_002.jpg
,34929,Image ,"Fraternity houses, folder 15, image FH 16","Fraternity houses, folder 15, image FH 16","Black and white photograph. Handwritten on verso, ""Chi Psi February 1941""","Yuen, Shui Kong, 1917-1992",Photographer,"Union College (Schenectady, N.Y.) http://id.worldcat.org/fast/563176",,,1941-02-01,"2 pages, 1 photograph : b&w ; 8 x 9.75 in. (20.32 x 24.77 cm)",Documentary photographs,In Copyright,"Box 2, Folder 15, Item FH 16",ZWU_SCA0228_B02_F15_FH016,2025-09-18,ZWU_SCA0228_B02_F15_FH016_001.jpg;ZWU_SCA0228_B02_F15_FH016_002.jpg
,34929,Image ,"Fraternity houses, folder 15, image FH 17","Fraternity houses, folder 15, image FH 17","Black and white photograph. Handwritten on verso, ""Theta Delta Chi February 7, 1941 10:30 a.m.""","Yuen, Shui Kong, 1917-1992",Photographer,"Union College (Schenectady, N.Y.) http://id.worldcat.org/fast/563176",,,1941-02-07,"2 pages, 1 photograph : b&w ; 8 x 9.75 in. (20.32 x 24.77 cm)",Documentary photographs,In Copyright,"Box 2, Folder 15, Item FH 17",ZWU_SCA0228_B02_F15_FH017,2025-09-18,ZWU_SCA0228_B02_F15_FH017_001.jpg;ZWU_SCA0228_B02_F15_FH017_002.jpg
,34929,Image ,"Fraternity houses, folder 15, image FH 18","Fraternity houses, folder 15, image FH 18","Black and white photograph. Handwritten on verso, ""Theta Delta Chi February 7, 1941 10:30 a.m.""","Yuen, Shui Kong, 1917-1992",Photographer,"Union College (Schenectady, N.Y.) http://id.worldcat.org/fast/563176",,,1941-02-07,"2 pages, 1 photograph : b&w ; 8 x 9.75 in. (20.32 x 24.77 cm)",Documentary photographs,In Copyright,"Box 2, Folder 15, Item FH 18",ZWU_SCA0228_B02_F15_FH018,2025-09-18,ZWU_SCA0228_B02_F15_FH018_001.jpg;ZWU_SCA0228_B02_F15_FH018_002.jpg
,34929,Image ,"Fraternity houses, folder 15, image FH 19","Fraternity houses, folder 15, image FH 19","Black and white photograph. Handwritten on verso, ""Alpha Delta Phi February 1941 Afternoon""","Yuen, Shui Kong, 1917-1992",Photographer,"Union College (Schenectady, N.Y.) http://id.worldcat.org/fast/563176",,,1941-02-01,"2 pages, 1 photograph : b&w ; 8 x 9.75 in. (20.32 x 24.77 cm)",Documentary photographs,In Copyright,"Box 2, Folder 15, Item FH 19",ZWU_SCA0228_B02_F15_FH019,2025-09-18,ZWU_SCA0228_B02_F15_FH019_001.jpg;ZWU_SCA0228_B02_F15_FH019_002.jpg
,34929,Image ,"Fraternity houses, folder 15, image FH 20","Fraternity houses, folder 15, image FH 20","Black and white photograph. Handwritten on verso, ""Alpha Delta Phi February 1941 Afternoon""","Yuen, Shui Kong, 1917-1992",Photographer,"Union College (Schenectady, N.Y.) http://id.worldcat.org/fast/563176",,,1941-02-01,"2 pages, 1 photograph : b&w ; 8 x 9.75 in. (20.32 x 24.77 cm)",Documentary photographs,In Copyright,"Box 2, Folder 15, Item FH 20",ZWU_SCA0228_B02_F15_FH020,2025-09-18,ZWU_SCA0228_B02_F15_FH020_001.jpg;ZWU_SCA0228_B02_F15_FH020_002.jpg
,34929,Image ,"Fraternity houses, folder 15, image FH 21","Fraternity houses, folder 15, image FH 21","Black and white photograph. Handwritten on verso, ""Beta Theta Pi February 1, 1941 11:00 a.m.""","Yuen, Shui Kong, 1917-1992",Photographer,"Union College (Schenectady, N.Y.) http://id.worldcat.org/fast/563176",,,1941-02-01,"2 pages, 1 photograph : b&w ; 8 x 9.75 in. (20.32 x 24.77 cm)",Documentary photographs,In Copyright,"Box 2, Folder 15, Item FH 21",ZWU_SCA0228_B02_F15_FH021,2025-09-18,ZWU_SCA0228_B02_F15_FH021_001.jpg;ZWU_SCA0228_B02_F15_FH021_002.jpg
,34929,Image ,"Fraternity houses, folder 15, image FH 22","Fraternity houses, folder 15, image FH 22","Black and white photograph. Handwritten on verso, ""Beta Theta Pi February 1, 1941 11:00 a.m.""","Yuen, Shui Kong, 1917-1992",Photographer,"Union College (Schenectady, N.Y.) http://id.worldcat.org/fast/563176",,,1941-02-01,"2 pages, 1 photograph : b&w ; 8 x 9.75 in. (20.32 x 24.77 cm)",Documentary photographs,In Copyright,"Box 2, Folder 15, Item FH 22",ZWU_SCA0228_B02_F15_FH022,2025-09-18,ZWU_SCA0228_B02_F15_FH022_001.jpg;ZWU_SCA0228_B02_F15_FH022_002.jpg
,34929,Image ,"Fraternity houses, folder 15, image FH 23","Fraternity houses, folder 15, image FH 23","Black and white photograph. Handwritten on verso, ""Phi Delta Theta February 1, 1941 8:40 a.m.""","Yuen, Shui Kong, 1917-1992",Photographer,"Union College (Schenectady, N.Y.) http://id.worldcat.org/fast/563176",,,1941-02-01,"2 pages, 1 photograph : b&w ; 8 x 9.75 in. (20.32 x 24.77 cm)",Documentary photographs,In Copyright,"Box 2, Folder 15, Item FH 23",ZWU_SCA0228_B02_F15_FH023,2025-09-18,ZWU_SCA0228_B02_F15_FH023_001.jpg;ZWU_SCA0228_B02_F15_FH023_002.jpg
,34929,Image ,"Fraternity houses, folder 15, image FH 24","Fraternity houses, folder 15, image FH 24","Black and white photograph. Handwritten on verso, ""Phi Delta Theta February 1, 1941 8:40 a.m.""","Yuen, Shui Kong, 1917-1992",Photographer,"Union College (Schenectady, N.Y.) http://id.worldcat.org/fast/563176",,,1941-02-01,"2 pages, 1 photograph : b&w ; 8 x 9.75 in. (20.32 x 24.77 cm)",Documentary photographs,In Copyright,"Box 2, Folder 15, Item FH 24",ZWU_SCA0228_B02_F15_FH024,2025-09-18,ZWU_SCA0228_B02_F15_FH024_001.jpg;ZWU_SCA0228_B02_F15_FH024_002.jpg
,34929,Image ,"Fraternity houses, folder 15, image FH 25","Fraternity houses, folder 15, image FH 25","Black and white photograph. Handwritten on verso, ""Phi Gamma Delta February 1, 1941 8:50 a.m.""","Yuen, Shui Kong, 1917-1992",Photographer,"Union College (Schenectady, N.Y.) http://id.worldcat.org/fast/563176",,,1941-02-01,"2 pages, 1 photograph : b&w ; 8 x 9.75 in. (20.32 x 24.77 cm)",Documentary photographs,In Copyright,"Box 2, Folder 15, Item FH 25",ZWU_SCA0228_B02_F15_FH025,2025-09-18,ZWU_SCA0228_B02_F15_FH025_001.jpg;ZWU_SCA0228_B02_F15_FH025_002.jpg
,34929,Image ,"Fraternity houses, folder 16, image FH 26","Fraternity houses, folder 16, image FH 26","Black and white photograph. Handwritten on verso, ""Phi Gamma Delta February 1, 1941 8:50 a.m.""","Yuen, Shui Kong, 1917-1992",Photographer,"Union College (Schenectady, N.Y.) http://id.worldcat.org/fast/563176",,,1941-02-01,"2 pages, 1 photograph : b&w ; 8 x 9.75 in. (20.32 x 24.77 cm)",Documentary photographs,In Copyright,"Box 2, Folder 16, Item FH 26",ZWU_SCA0228_B02_F16_FH026,2025-09-18,ZWU_SCA0228_B02_F16_FH026_001.jpg;ZWU_SCA0228_B02_F16_FH026_002.jpg
,34929,Image ,"Fraternity houses, folder 16, image FH 27","Fraternity houses, folder 16, image FH 27","Black and white photograph. Handwritten on verso, ""Phi Sigma Delta February 7, 1941 10:40 a.m.""","Yuen, Shui Kong, 1917-1992",Photographer,"Union College (Schenectady, N.Y.) http://id.worldcat.org/fast/563176",,,1941-02-07,"2 pages, 1 photograph : b&w ; 8 x 9.75 in. (20.32 x 24.77 cm)",Documentary photographs,In Copyright,"Box 2, Folder 16, Item FH 27",ZWU_SCA0228_B02_F16_FH027,2025-09-18,ZWU_SCA0228_B02_F16_FH027_001.jpg;ZWU_SCA0228_B02_F16_FH027_002.jpg
,34929,Image ,"Fraternity houses, folder 16, image FH 28","Fraternity houses, folder 16, image FH 28","Black and white photograph. Handwritten on verso, ""Phi Sigma Delta February 7, 1941 10:40 a.m.""","Yuen, Shui Kong, 1917-1992",Photographer,"Union College (Schenectady, N.Y.) http://id.worldcat.org/fast/563176",,,1941-02-07,"2 pages, 1 photograph : b&w ; 8 x 9.75 in. (20.32 x 24.77 cm)",Documentary photographs,In Copyright,"Box 2, Folder 16, Item FH 28",ZWU_SCA0228_B02_F16_FH028,2025-09-18,ZWU_SCA0228_B02_F16_FH028_001.jpg;ZWU_SCA0228_B02_F16_FH028_002.jpg
,34929,Image ,"Fraternity houses, folder 16, image FH 29","Fraternity houses, folder 16, image FH 29","Black and white photograph. Handwritten on verso, ""Phi Sigma Kappa February 7, 1941 10:50 a.m.""","Yuen, Shui Kong, 1917-1992",Photographer,"Union College (Schenectady, N.Y.) http://id.worldcat.org/fast/563176",,,1941-02-07,"2 pages, 1 photograph : b&w ; 8 x 9.75 in. (20.32 x 24.77 cm)",Documentary photographs,In Copyright,"Box 2, Folder 16, Item FH 29",ZWU_SCA0228_B02_F16_FH029,2025-09-18,ZWU_SCA0228_B02_F16_FH029_001.jpg;ZWU_SCA0228_B02_F16_FH029_002.jpg
,34929,Image ,"Fraternity houses, folder 16, image FH 30","Fraternity houses, folder 16, image FH 30","Black and white photograph. Handwritten on verso, ""Phi Sigma Kappa February 7, 1941 10:50 a.m.""","Yuen, Shui Kong, 1917-1992",Photographer,"Union College (Schenectady, N.Y.) http://id.worldcat.org/fast/563176",,,1941-02-07,"2 pages, 1 photograph : b&w ; 8 x 9.75 in. (20.32 x 24.77 cm)",Documentary photographs,In Copyright,"Box 2, Folder 16, Item FH 30",ZWU_SCA0228_B02_F16_FH030,2025-09-18,ZWU_SCA0228_B02_F16_FH030_001.jpg;ZWU_SCA0228_B02_F16_FH030_002.jpg
,34929,Image ,"Fraternity houses, folder 16, image FH 31","Fraternity houses, folder 16, image FH 31","Black and white photograph. Handwritten on verso, ""Sigma Chi February 7, 1941 Morning""","Yuen, Shui Kong, 1917-1992",Photographer,"Union College (Schenectady, N.Y.) http://id.worldcat.org/fast/563176",,,1941-02-07,"2 pages, 1 photograph : b&w ; 8 x 9.75 in. (20.32 x 24.77 cm)",Documentary photographs,In Copyright,"Box 2, Folder 16, Item FH 31",ZWU_SCA0228_B02_F16_FH031,2025-09-18,ZWU_SCA0228_B02_F16_FH031_001.jpg;ZWU_SCA0228_B02_F16_FH031_002.jpg
,34929,Image ,"Fraternity houses, folder 16, image FH 32","Fraternity houses, folder 16, image FH 32","Black and white photograph. Handwritten on verso, ""Sigma Chi February 7, 1941 Morning""","Yuen, Shui Kong, 1917-1992",Photographer,"Union College (Schenectady, N.Y.) http://id.worldcat.org/fast/563176",,,1941-02-07,"2 pages, 1 photograph : b&w ; 8 x 9.75 in. (20.32 x 24.77 cm)",Documentary photographs,In Copyright,"Box 2, Folder 16, Item FH 32",ZWU_SCA0228_B02_F16_FH032,2025-09-18,ZWU_SCA0228_B02_F16_FH032_001.jpg;ZWU_SCA0228_B02_F16_FH032_002.jpg
,34929,Image ,"Fraternity houses, folder 16, image FH 33","Fraternity houses, folder 16, image FH 33","Black and white photograph. Handwritten on verso, ""Delta Chi February 1941""","Yuen, Shui Kong, 1917-1992",Photographer,"Union College (Schenectady, N.Y.) http://id.worldcat.org/fast/563176",,,1941-02-01,"2 pages, 1 photograph : b&w ; 8 x 9.75 in. (20.32 x 24.77 cm)",Documentary photographs,In Copyright,"Box 2, Folder 16, Item FH 33",ZWU_SCA0228_B02_F16_FH033,2025-09-18,ZWU_SCA0228_B02_F16_FH033_001.jpg;ZWU_SCA0228_B02_F16_FH033_002.jpg
,34929,Image ,"Fraternity houses, folder 16, image FH 34","Fraternity houses, folder 16, image FH 34","Black and white photograph. Handwritten on verso, ""Delta Chi February 1941""","Yuen, Shui Kong, 1917-1992",Photographer,"Union College (Schenectady, N.Y.) http://id.worldcat.org/fast/563176",,,1941-02-01,"2 pages, 1 photograph : b&w ; 8 x 9.75 in. (20.32 x 24.77 cm)",Documentary photographs,In Copyright,"Box 2, Folder 16, Item FH 34",ZWU_SCA0228_B02_F16_FH034,2025-09-18,ZWU_SCA0228_B02_F16_FH034_001.jpg;ZWU_SCA0228_B02_F16_FH034_002.jpg
,34929,Image ,"Fraternity houses, folder 16, image FH 35","Fraternity houses, folder 16, image FH 35","Black and white photograph. Handwritten on verso, ""Kappa Sigma February 7, 1941 Morning""","Yuen, Shui Kong, 1917-1992",Photographer,"Union College (Schenectady, N.Y.) http://id.worldcat.org/fast/563176",,,1941-02-07,"2 pages, 1 photograph : b&w ; 8 x 9.75 in. (20.32 x 24.77 cm)",Documentary photographs,In Copyright,"Box 2, Folder 16, Item FH 35",ZWU_SCA0228_B02_F16_FH035,2025-09-18,ZWU_SCA0228_B02_F16_FH035_001.jpg;ZWU_SCA0228_B02_F16_FH035_002.jpg
,34929,Image ,"Fraternity houses, folder 16, image FH 36","Fraternity houses, folder 16, image FH 36","Black and white photograph. Handwritten on verso, ""Kappa Sigma February 7, 1941 Morning""","Yuen, Shui Kong, 1917-1992",Photographer,"Union College (Schenectady, N.Y.) http://id.worldcat.org/fast/563176",,,1941-02-07,"2 pages, 1 photograph : b&w ; 8 x 9.75 in. (20.32 x 24.77 cm)",Documentary photographs,In Copyright,"Box 2, Folder 16, Item FH 36",ZWU_SCA0228_B02_F16_FH036,2025-09-18,ZWU_SCA0228_B02_F16_FH036_001.jpg;ZWU_SCA0228_B02_F16_FH036_002.jpg
,34929,Image ,"Fraternity houses, folder 16, image FH 37","Fraternity houses, folder 16, image FH 37","Black and white photograph. Handwritten on verso, ""Kappa Nu February, 1941""","Yuen, Shui Kong, 1917-1992",Photographer,"Union College (Schenectady, N.Y.) http://id.worldcat.org/fast/563176",,,1941-02-01,"2 pages, 1 photograph : b&w ; 8 x 9.75 in. (20.32 x 24.77 cm)",Documentary photographs,In Copyright,"Box 2, Folder 16, Item FH 37",ZWU_SCA0228_B02_F16_FH037,2025-09-18,ZWU_SCA0228_B02_F16_FH037_001.jpg;ZWU_SCA0228_B02_F16_FH037_002.jpg
,34930,Image ,"Faculty and staff, folder 17, image FS 1","Faculty and staff, folder 17, image FS 1","Black and white photograph. Handwritten on verso, ""AGNES of Chemistry Laboratory April 18, 1941""","Yuen, Shui Kong, 1917-1992",Photographer,"Union College (Schenectady, N.Y.) http://id.worldcat.org/fast/563176",,,1941-04-18,"2 pages, 1 photograph : b&w ; 8 x 9.75 in. (20.32 x 24.77 cm)",Documentary photographs,In Copyright,"Box 2, Folder 17, Item FS 1",ZWU_SCA0228_B02_F17_FS001,2025-09-18,ZWU_SCA0228_B02_F17_FS001_001.jpg;ZWU_SCA0228_B02_F17_FS001_002.jpg
,34930,Image ,"Faculty and staff, folder 17, image FS 2","Faculty and staff, folder 17, image FS 2","Black and white photograph. Handwritten on verso, ""Professor Fred. L. Bronner January 7, 1941""","Yuen, Shui Kong, 1917-1992",Photographer,"Union College (Schenectady, N.Y.) http://id.worldcat.org/fast/563176","Bronner, Frederick L.",,1941-01-07,"2 pages, 1 photograph : b&w ; 8 x 9.75 in. (20.32 x 24.77 cm)",Documentary photographs,In Copyright,"Box 2, Folder 17, Item FS 2",ZWU_SCA0228_B02_F17_FS002,2025-09-18,ZWU_SCA0228_B02_F17_FS002_001.jpg;ZWU_SCA0228_B02_F17_FS002_002.jpg
,34930,Image ,"Faculty and staff, folder 17, image FS 3","Faculty and staff, folder 17, image FS 3","Black and white photograph. Handwritten on verso, ""Mr. Fred. L. Bronner January 7, 1941""","Yuen, Shui Kong, 1917-1992",Photographer,"Union College (Schenectady, N.Y.) http://id.worldcat.org/fast/563176","Bronner, Frederick L.",,1941-01-07,"2 pages, 1 photograph : b&w ; 8 x 9.75 in. (20.32 x 24.77 cm)",Documentary photographs,In Copyright,"Box 2, Folder 17, Item FS 3",ZWU_SCA0228_B02_F17_FS003,2025-09-18,ZWU_SCA0228_B02_F17_FS003_001.jpg;ZWU_SCA0228_B02_F17_FS003_002.jpg
,34930,Image ,"Faculty and staff, folder 17, image FS 4","Faculty and staff, folder 17, image FS 4","Black and white photograph. Handwritten on verso, ""Professor Fred. L. Bronner 1943""","Yuen, Shui Kong, 1917-1992",Photographer,"Union College (Schenectady, N.Y.) http://id.worldcat.org/fast/563176","Bronner, Frederick L.",1943,,"2 pages, 1 photograph : b&w ; 8 x 9.75 in. (20.32 x 24.77 cm)",Documentary photographs,In Copyright,"Box 2, Folder 17, Item FS 4",ZWU_SCA0228_B02_F17_FS004,2025-09-18,ZWU_SCA0228_B02_F17_FS004_001.jpg;ZWU_SCA0228_B02_F17_FS004_002.jpg
,34930,Image ,"Faculty and staff, folder 17, image FS 5","Faculty and staff, folder 17, image FS 5","Black and white photograph. Handwritten on verso, ""Professor Fred. L. Bronner + Al Ciampa Spring, 1941""","Yuen, Shui Kong, 1917-1992",Photographer,"Union College (Schenectady, N.Y.) http://id.worldcat.org/fast/563176","Bronner, Frederick L.; Ciampa, Albert E.",1941,,"2 pages, 1 photograph : b&w ; 8 x 9.75 in. (20.32 x 24.77 cm)",Documentary photographs,In Copyright,"Box 2, Folder 17, Item FS 5",ZWU_SCA0228_B02_F17_FS005,2025-09-18,ZWU_SCA0228_B02_F17_FS005_001.jpg;ZWU_SCA0228_B02_F17_FS005_002.jpg
,34930,Image ,"Faculty and staff, folder 17, image FS 6","Faculty and staff, folder 17, image FS 6","Black and white photograph. Handwritten on verso, ""Al Ciampa April 12, 1941""","Yuen, Shui Kong, 1917-1992",Photographer,"Union College (Schenectady, N.Y.) http://id.worldcat.org/fast/563176","Ciampa, Albert E.",,1941-04-12,"2 pages, 1 photograph : b&w ; 8 x 9.75 in. (20.32 x 24.77 cm)",Documentary photographs,In Copyright,"Box 2, Folder 17, Item FS 6",ZWU_SCA0228_B02_F17_FS006,2025-09-18,ZWU_SCA0228_B02_F17_FS006_001.jpg;ZWU_SCA0228_B02_F17_FS006_002.jpg
,34930,Image ,"Faculty and staff, folder 17, image FS 7","Faculty and staff, folder 17, image FS 7","Black and white photograph. Handwritten on verso, ""Professor George Danton December 1940""","Yuen, Shui Kong, 1917-1992",Photographer,"Union College (Schenectady, N.Y.) http://id.worldcat.org/fast/563176","Danton, George",,1940-12-01,"2 pages, 1 photograph : b&w ; 8 x 9.75 in. (20.32 x 24.77 cm)",Documentary photographs,In Copyright,"Box 2, Folder 17, Item FS 7",ZWU_SCA0228_B02_F17_FS007,2025-09-18,ZWU_SCA0228_B02_F17_FS007_001.jpg;ZWU_SCA0228_B02_F17_FS007_002.jpg
,34930,Image ,"Faculty and staff, folder 17, image FS 9","Faculty and staff, folder 17, image FS 9","Black and white photograph. Handwritten on verso, ""Ed. Fitz. Athletic Dep't February 9, 1941""","Yuen, Shui Kong, 1917-1992",Photographer,"Union College (Schenectady, N.Y.) http://id.worldcat.org/fast/563176","Fitz, Ed",,1941-02-04,"2 pages, 1 photograph : b&w ; 8 x 9.75 in. (20.32 x 24.77 cm)",Documentary photographs,In Copyright,"Box 2, Folder 17, Item FS 9",ZWU_SCA0228_B02_F17_FS009,2025-09-18,ZWU_SCA0228_B02_F17_FS009_001.jpg;ZWU_SCA0228_B02_F17_FS009_002.jpg
,34930,Image ,"Faculty and staff, folder 17, image FS 10","Faculty and staff, folder 17, image FS 10","Black and white photograph. Handwritten on verso, ""Ed Fitz Winter 1941""","Yuen, Shui Kong, 1917-1992",Photographer,"Union College (Schenectady, N.Y.) http://id.worldcat.org/fast/563176","Fitz, Ed", December 1941-February 1942,,"2 pages, 1 photograph : b&w ; 8 x 9.75 in. (20.32 x 24.77 cm)",Documentary photographs,In Copyright,"Box 2, Folder 17, Item FS 10",ZWU_SCA0228_B02_F17_FS010,2025-09-18,ZWU_SCA0228_B02_F17_FS010_001.jpg;ZWU_SCA0228_B02_F17_FS010_002.jpg
,34930,Image ,"Faculty and staff, folder 17, image FS 12","Faculty and staff, folder 17, image FS 12","Black and white photograph. Handwritten on verso, ""Dean C. F. Garis Fall 1941""","Yuen, Shui Kong, 1917-1992",Photographer,"Union College (Schenectady, N.Y.) http://id.worldcat.org/fast/563176","Garis, Charles F. F.",September 1941-November 1941,,"2 pages, 1 photograph : b&w ; 8 x 9.75 in. (20.32 x 24.77 cm)",Documentary photographs,In Copyright,"Box 2, Folder 17, Item FS 12",ZWU_SCA0228_B02_F17_FS012,2025-09-18,ZWU_SCA0228_B02_F17_FS012_001.jpg;ZWU_SCA0228_B02_F17_FS012_002.jpg
,34930,Image ,"Faculty and staff, folder 17, image FS 14","Faculty and staff, folder 17, image FS 14","Black and white photograph. Handwritten on verso, ""Professor B. Johnson April 7, 1942""","Yuen, Shui Kong, 1917-1992",Photographer,"Union College (Schenectady, N.Y.) http://id.worldcat.org/fast/563176",,,1942-04-07,"2 pages, 1 photograph : b&w ; 8 x 9.75 in. (20.32 x 24.77 cm)",Documentary photographs,In Copyright,"Box 2, Folder 17, Item FS 14",ZWU_SCA0228_B02_F17_FS014,2025-09-18,ZWU_SCA0228_B02_F17_FS014_001.jpg;ZWU_SCA0228_B02_F17_FS014_002.jpg
,34930,Image ,"Faculty and staff, folder 18, image FS 15","Faculty and staff, folder 18, image FS 15","Black and white photograph. Handwritten on verso, ""Mrs. B. Johnson + dog Spring 1942""","Yuen, Shui Kong, 1917-1992",Photographer,"Union College (Schenectady, N.Y.) http://id.worldcat.org/fast/563176",,March 1942-May 1942,,"2 pages, 1 photograph : b&w ; 8 x 9.75 in. (20.32 x 24.77 cm)",Documentary photographs,In Copyright,"Box 2, Folder 18, Item FS 15",ZWU_SCA0228_B02_F18_FS015,2025-09-18,ZWU_SCA0228_B02_F18_FS015_001.jpg;ZWU_SCA0228_B02_F18_FS015_002.jpg
,34930,Image ,"Faculty and staff, folder 18, image FS 16","Faculty and staff, folder 18, image FS 16","Black and white photograph. Handwritten on verso, ""Professor George Kellog + Professor John March 1943""","Yuen, Shui Kong, 1917-1992",Photographer,"Union College (Schenectady, N.Y.) http://id.worldcat.org/fast/563176","Kellogg, George Dwight; March, John Lewis, 1873-",,1943-03-01,"2 pages, 1 photograph : b&w ; 8 x 9.75 in. (20.32 x 24.77 cm)",Documentary photographs,In Copyright,"Box 2, Folder 18, Item FS 16",ZWU_SCA0228_B02_F18_FS016,2025-09-18,ZWU_SCA0228_B02_F18_FS016_001.jpg;ZWU_SCA0228_B02_F18_FS016_002.jpg
,34930,Image ,"Faculty and staff, folder 18, image FS 18","Faculty and staff, folder 18, image FS 18","Black and white photograph. Handwritten on verso, ""Art Lawrence April 19, 1941""","Yuen, Shui Kong, 1917-1992",Photographer,"Union College (Schenectady, N.Y.) http://id.worldcat.org/fast/563176","Lawrence, Arthur C.",,1941-04-19,"2 pages, 1 photograph : b&w ; 8 x 9.75 in. (20.32 x 24.77 cm)",Documentary photographs,In Copyright,"Box 2, Folder 18, Item FS 18",ZWU_SCA0228_B02_F18_FS018,2025-09-18,ZWU_SCA0228_B02_F18_FS018_001.jpg;ZWU_SCA0228_B02_F18_FS018_002.jpg
,34930,Image ,"Faculty and staff, folder 18, image FS 19","Faculty and staff, folder 18, image FS 19","Black and white photograph. Handwritten on verso, ""Nels Nitchman Art Lawrence (Union-Williams). nov 2, 1940""","Yuen, Shui Kong, 1917-1992",Photographer,"Union College (Schenectady, N.Y.) http://id.worldcat.org/fast/563176","Lawrence, Arthur C.; Nitchman, Nelson Wallace, 1908-1991",,1940-11-02,"2 pages, 1 photograph : b&w ; 8 x 9.75 in. (20.32 x 24.77 cm)",Documentary photographs,In Copyright,"Box 2, Folder 18, Item FS 19",ZWU_SCA0228_B02_F18_FS019,2025-09-18,ZWU_SCA0228_B02_F18_FS019_001.jpg;ZWU_SCA0228_B02_F18_FS019_002.jpg
,34930,Image ,"Faculty and staff, folder 18, image FS 20","Faculty and staff, folder 18, image FS 20","Black and white photograph. Handwritten on verso, ""Professor E.S.C. Smith February 4, 1942""","Yuen, Shui Kong, 1917-1992",Photographer,"Union College (Schenectady, N.Y.) http://id.worldcat.org/fast/563176","Smith, Edward S. C. (Edward Staples Cousens), 1894-1971",,1942-02-04,"2 pages, 1 photograph : b&w ; 8 x 9.75 in. (20.32 x 24.77 cm)",Documentary photographs,In Copyright,"Box 2, Folder 18, Item FS 20",ZWU_SCA0228_B02_F18_FS020,2025-09-18,ZWU_SCA0228_B02_F18_FS020_001.jpg;ZWU_SCA0228_B02_F18_FS020_002.jpg
,34930,Image ,"Faculty and staff, folder 18, image FS 24","Faculty and staff, folder 18, image FS 24","Black and white photograph. Handwritten on verso, ""Miss Frances Travis 1941""","Yuen, Shui Kong, 1917-1992",Photographer,"Union College (Schenectady, N.Y.) http://id.worldcat.org/fast/563176","Travis, Frances",1941,,"2 pages, 1 photograph : b&w ; 8 x 9.75 in. (20.32 x 24.77 cm)",Documentary photographs,In Copyright,"Box 2, Folder 18, Item FS 24",ZWU_SCA0228_B02_F18_FS024,2025-09-18,ZWU_SCA0228_B02_F18_FS024_001.jpg;ZWU_SCA0228_B02_F18_FS024_002.jpg
,34930,Image ,"Faculty and staff, folder 18, image FS 26","Faculty and staff, folder 18, image FS 26","Black and white photograph. Handwritten on verso, ""Fred Wyatt (as La Crosse Coach) April 12, 1941""","Yuen, Shui Kong, 1917-1992",Photographer,"Union College (Schenectady, N.Y.) http://id.worldcat.org/fast/563176","Wyatt, Fred",,1941-04-12,"2 pages, 1 photograph : b&w ; 8 x 9.75 in. (20.32 x 24.77 cm)",Documentary photographs,In Copyright,"Box 2, Folder 18, Item FS 26",ZWU_SCA0228_B02_F18_FS026,2025-09-18,ZWU_SCA0228_B02_F18_FS026_001.jpg;ZWU_SCA0228_B02_F18_FS026_002.jpg
,34930,Image ,"Faculty and staff, folder 18, image FS 27","Faculty and staff, folder 18, image FS 27","Black and white photograph. Handwritten on verso, ""H. Webb July 1943""","Yuen, Shui Kong, 1917-1992",Photographer,"Union College (Schenectady, N.Y.) http://id.worldcat.org/fast/563176",,1943,,"2 pages, 1 photograph : b&w ; 8 x 9.75 in. (20.32 x 24.77 cm)",Documentary photographs,In Copyright,"Box 2, Folder 18, Item FS 27",ZWU_SCA0228_B02_F18_FS027,2025-09-18,ZWU_SCA0228_B02_F18_FS027_001.jpg;ZWU_SCA0228_B02_F18_FS027_002.jpg
,34930,Image ,"Faculty and staff, folder 18, image FS 28","Faculty and staff, folder 18, image FS 28","Black and white photograph. Handwritten on verso, ""Professor Dan. Weeks Editor - (Union Alumni Review?) May 8, 1942""","Yuen, Shui Kong, 1917-1992",Photographer,"Union College (Schenectady, N.Y.) http://id.worldcat.org/fast/563176","Weeks, Dan",,1942-04-08,"2 pages, 1 photograph : b&w ; 8 x 9.75 in. (20.32 x 24.77 cm)",Documentary photographs,In Copyright,"Box 2, Folder 18, Item FS 28",ZWU_SCA0228_B02_F18_FS028,2025-09-18,ZWU_SCA0228_B02_F18_FS028_001.jpg;ZWU_SCA0228_B02_F18_FS028_002.jpg
,34930,Image ,"Faculty and staff, folder 18, image FS 29","Faculty and staff, folder 18, image FS 29","Black and white photograph. Handwritten on verso, ""Hal Winter Director of Athletics 1941""","Yuen, Shui Kong, 1917-1992",Photographer,"Union College (Schenectady, N.Y.) http://id.worldcat.org/fast/563176","Wittner, John Harold",1941,,"2 pages, 1 photograph : b&w ; 8 x 9.75 in. (20.32 x 24.77 cm)",Documentary photographs,In Copyright,"Box 2, Folder 18, Item FS 29",ZWU_SCA0228_B02_F18_FS029,2025-09-18,ZWU_SCA0228_B02_F18_FS029_001.jpg;ZWU_SCA0228_B02_F18_FS029_002.jpg
,34930,Image ,"Faculty and staff, folder 18, image FS 30","Faculty and staff, folder 18, image FS 30","Black and white photograph. Handwritten on verso, ""Professor  Wold 1942?""","Yuen, Shui Kong, 1917-1992",Photographer,"Union College (Schenectady, N.Y.) http://id.worldcat.org/fast/563176","Wold, Peter; Wold, Helen",1942?,,"2 pages, 1 photograph : b&w ; 8 x 9.75 in. (20.32 x 24.77 cm)",Documentary photographs,In Copyright,"Box 2, Folder 18, Item FS 30",ZWU_SCA0228_B02_F18_FS030,2025-09-18,ZWU_SCA0228_B02_F18_FS030_001.jpg;ZWU_SCA0228_B02_F18_FS030_002.jpg
,34930,Image ,"Faculty and staff, folder 18, image FS 31","Faculty and staff, folder 18, image FS 31","Black and white photograph. Handwritten on verso, ""Professor + Mrs. Wold 1942?""","Yuen, Shui Kong, 1917-1992",Photographer,"Union College (Schenectady, N.Y.) http://id.worldcat.org/fast/563176",,1942?,,"2 pages, 1 photograph : b&w ; 8 x 9.75 in. (20.32 x 24.77 cm)",Documentary photographs,In Copyright,"Box 2, Folder 18, Item FS 31",ZWU_SCA0228_B02_F18_FS031,2025-09-18,ZWU_SCA0228_B02_F18_FS031_001.jpg;ZWU_SCA0228_B02_F18_FS031_002.jpg
,34931,Image ,"Individual faculty and staff, folder 19, image I/FS/61","Individual faculty and staff, folder 19, image I/FS/61","Black and white photograph. Handwritten on verso, ""Dr Dixon Ryan Fox + Friend Union College Spring 1940""","Yuen, Shui Kong, 1917-1992",Photographer,"Union College (Schenectady, N.Y.) http://id.worldcat.org/fast/563176","Fox, Dixon Ryan, 1887-1945",March 1940-May 1940,,"2 pages, 1 photograph : b&w ; 8 x 9.75 in. (20.32 x 24.77 cm)",Documentary photographs,In Copyright,"Box 2, Folder 19, Item I/FS/61",ZWU_SCA0228_B02_F19_IFS061,2025-09-18,ZWU_SCA0228_B02_F19_IFS061_001.jpg;ZWU_SCA0228_B02_F19_IFS061_002.jpg
,34931,Image ,"Individual faculty and staff, folder 19, image I/FS/62","Individual faculty and staff, folder 19, image I/FS/62","Black and white photograph. Handwritten on verso, ""1940 Presidential Campaign Dr. Dixon Ryan Fox + Friend at The N.Y. R.R. Station, Schenectady, N.Y. October 14, 1940""","Yuen, Shui Kong, 1917-1992",Photographer,"Union College (Schenectady, N.Y.) http://id.worldcat.org/fast/563176","Fox, Dixon Ryan, 1887-1945",,1940-10-14,"2 pages, 1 photograph : b&w ; 8 x 9.75 in. (20.32 x 24.77 cm)",Documentary photographs,In Copyright,"Box 2, Folder 19, Item I/FS/62",ZWU_SCA0228_B02_F19_IFS062,2025-09-18,ZWU_SCA0228_B02_F19_IFS062_001.jpg;ZWU_SCA0228_B02_F19_IFS062_002.jpg
,34931,Image ,"Individual faculty and staff, folder 19, image I/FS/63","Individual faculty and staff, folder 19, image I/FS/63","Black and white photograph. Handwritten on verso, ""Pep talk - President Fox. Union-Hamilton game. November 16, 1940""","Yuen, Shui Kong, 1917-1992",Photographer,"Union College (Schenectady, N.Y.) http://id.worldcat.org/fast/563176","Fox, Dixon Ryan, 1887-1945",,1940-11-16,"2 pages, 1 photograph : b&w ; 8 x 9.75 in. (20.32 x 24.77 cm)",Documentary photographs,In Copyright,"Box 2, Folder 19, Item I/FS/63",ZWU_SCA0228_B02_F19_IFS063,2025-09-18,ZWU_SCA0228_B02_F19_IFS063_001.jpg;ZWU_SCA0228_B02_F19_IFS063_002.jpg
,34931,Image ,"Individual faculty and staff, folder 19, image I/FS/71","Individual faculty and staff, folder 19, image I/FS/71","Black and white photograph. Handwritten on verso, ""Mrs. Dixon Ryan Fox, Mrs. Herbert Fox and Caroline Fox December 3, 1944""","Yuen, Shui Kong, 1917-1992",Photographer,"Union College (Schenectady, N.Y.) http://id.worldcat.org/fast/563176","Fox, Dixon Ryan, 1887-1945; Fox, Herbert; Fox, Caroline",,1944-12-03,"2 pages, 1 photograph : b&w ; 8 x 9.75 in. (20.32 x 24.77 cm)",Documentary photographs,In Copyright,"Box 2, Folder 19, Item I/FS/71",ZWU_SCA0228_B02_F19_IFS071,2025-09-18,ZWU_SCA0228_B02_F19_IFS071_001.jpg;ZWU_SCA0228_B02_F19_IFS071_002.jpg
,34931,Image ,"Individual faculty and staff, folder 19, image I/FS/72","Individual faculty and staff, folder 19, image I/FS/72","Black and white photograph. Handwritten on verso, ""Herbert + Caroline Fox November 19, 1944""","Yuen, Shui Kong, 1917-1992",Photographer,"Union College (Schenectady, N.Y.) http://id.worldcat.org/fast/563176","Fox, Herbert; Fox, Caroline",,1944-12-03,"2 pages, 1 photograph : b&w ; 8 x 9.75 in. (20.32 x 24.77 cm)",Documentary photographs,In Copyright,"Box 2, Folder 19, Item I/FS/72",ZWU_SCA0228_B02_F19_IFS072,2025-09-18,ZWU_SCA0228_B02_F19_IFS072_001.jpg;ZWU_SCA0228_B02_F19_IFS072_002.jpg
,34931,Image ,"Individual faculty and staff, folder 19, image I/FS/73","Individual faculty and staff, folder 19, image I/FS/73","Black and white photograph. Handwritten on verso, ""Mrs. Herbert Fox and Caroline December 3, 1944""","Yuen, Shui Kong, 1917-1992",Photographer,"Union College (Schenectady, N.Y.) http://id.worldcat.org/fast/563176","Fox, Herbert; Fox, Caroline",,1944-12-03,"2 pages, 1 photograph : b&w ; 8 x 9.75 in. (20.32 x 24.77 cm)",Documentary photographs,In Copyright,"Box 2, Folder 19, Item I/FS/73",ZWU_SCA0228_B02_F19_IFS073,2025-09-18,ZWU_SCA0228_B02_F19_IFS073_001.jpg;ZWU_SCA0228_B02_F19_IFS073_002.jpg
,34931,Image ,"Individual faculty and staff, folder 19, image I/FS/74","Individual faculty and staff, folder 19, image I/FS/74","Black and white photograph. Handwritten on verso, ""Caroline Fox December 3, 1944""","Yuen, Shui Kong, 1917-1992",Photographer,"Union College (Schenectady, N.Y.) http://id.worldcat.org/fast/563176","Fox, Herbert; Fox, Caroline",,1944-12-03,"2 pages, 1 photograph : b&w ; 8 x 9.75 in. (20.32 x 24.77 cm)",Documentary photographs,In Copyright,"Box 2, Folder 19, Item I/FS/74",ZWU_SCA0228_B02_F19_IFS074,2025-09-18,ZWU_SCA0228_B02_F19_IFS074_001.jpg;ZWU_SCA0228_B02_F19_IFS074_002.jpg
,34931,Image ,"Individual faculty and staff, folder 19, image I/FS/75","Individual faculty and staff, folder 19, image I/FS/75","Black and white photograph. Handwritten on verso, ""Caroline Fox and Robert Whitaker November 19, 1944""","Yuen, Shui Kong, 1917-1992",Photographer,"Union College (Schenectady, N.Y.) http://id.worldcat.org/fast/563176","Fox, Caroline; Whitaker, Robert",,1944-11-19,"2 pages, 1 photograph : b&w ; 8 x 9.75 in. (20.32 x 24.77 cm)",Documentary photographs,In Copyright,"Box 2, Folder 19, Item I/FS/75",ZWU_SCA0228_B02_F19_IFS075,2025-09-18,ZWU_SCA0228_B02_F19_IFS075_001.jpg;ZWU_SCA0228_B02_F19_IFS075_002.jpg
,34931,Image ,"Individual faculty and staff, folder 19, image I/FS/81","Individual faculty and staff, folder 19, image I/FS/81","Black and white photograph. Handwritten on verso, ""Mr. Anthony Hoadley's Children December 2, 1942""","Yuen, Shui Kong, 1917-1992",Photographer,"Union College (Schenectady, N.Y.) http://id.worldcat.org/fast/563176",,,1942-12-02,"2 pages, 1 photograph : b&w ; 8 x 9.75 in. (20.32 x 24.77 cm)",Documentary photographs,In Copyright,"Box 2, Folder 19, Item I/FS/81",ZWU_SCA0228_B02_F19_IFS081,2025-09-18,ZWU_SCA0228_B02_F19_IFS081_001.jpg;ZWU_SCA0228_B02_F19_IFS081_002.jpg
,34931,Image ,"Individual faculty and staff, folder 19, image I/FS/82","Individual faculty and staff, folder 19, image I/FS/82","Black and white photograph. Handwritten on verso, ""Mr. Anthony Hoadley's elder daughter December 2, 1942""","Yuen, Shui Kong, 1917-1992",Photographer,"Union College (Schenectady, N.Y.) http://id.worldcat.org/fast/563176",,,1942-12-02,"2 pages, 1 photograph : b&w ; 8 x 9.75 in. (20.32 x 24.77 cm)",Documentary photographs,In Copyright,"Box 2, Folder 19, Item I/FS/82",ZWU_SCA0228_B02_F19_IFS082,2025-09-18,ZWU_SCA0228_B02_F19_IFS082_001.jpg;ZWU_SCA0228_B02_F19_IFS082_002.jpg
,34931,Image ,"Individual faculty and staff, folder 19, image I/FS/83","Individual faculty and staff, folder 19, image I/FS/83","Black and white photograph. Handwritten on verso, ""Mr. Anthony Hoadley's younger daughter December 2, 1942""","Yuen, Shui Kong, 1917-1992",Photographer,"Union College (Schenectady, N.Y.) http://id.worldcat.org/fast/563176",,,1942-12-02,"2 pages, 1 photograph : b&w ; 8 x 9.75 in. (20.32 x 24.77 cm)",Documentary photographs,In Copyright,"Box 2, Folder 19, Item I/FS/83",ZWU_SCA0228_B02_F19_IFS083,2025-09-18,ZWU_SCA0228_B02_F19_IFS083_001.jpg;ZWU_SCA0228_B02_F19_IFS083_002.jpg
,34931,Image ,"Individual faculty and staff, folder 19, image I/FS/84","Individual faculty and staff, folder 19, image I/FS/84","Black and white photograph. Handwritten on verso, ""Mr. Anthony Hoadley's son December 2, 1942""","Yuen, Shui Kong, 1917-1992",Photographer,"Union College (Schenectady, N.Y.) http://id.worldcat.org/fast/563176",,,1942-12-02,"2 pages, 1 photograph : b&w ; 8 x 9.75 in. (20.32 x 24.77 cm)",Documentary photographs,In Copyright,"Box 2, Folder 19, Item I/FS/84",ZWU_SCA0228_B02_F19_IFS084,2025-09-18,ZWU_SCA0228_B02_F19_IFS084_001.jpg;ZWU_SCA0228_B02_F19_IFS084_002.jpg
,34931,Image ,"Individual faculty and staff, folder 19, image I/FS/91","Individual faculty and staff, folder 19, image I/FS/91","Black and white photograph. Handwritten on verso, ""Dr. Benjamin Whitaker's children (Bob, Ben Jr. and Polley). December 3, 1944""","Yuen, Shui Kong, 1917-1992",Photographer,"Union College (Schenectady, N.Y.) http://id.worldcat.org/fast/563176","Whitaker, Robert; Whitaker, Benjamin, Jr; Whitaker, Polly",,1944-12-03,"2 pages, 1 photograph : b&w ; 8 x 9.75 in. (20.32 x 24.77 cm)",Documentary photographs,In Copyright,"Box 2, Folder 19, Item I/FS/91",ZWU_SCA0228_B02_F19_IFS091,2025-09-18,ZWU_SCA0228_B02_F19_IFS091_001.jpg;ZWU_SCA0228_B02_F19_IFS091_002.jpg
,34931,Image ,"Individual faculty and staff, folder 19, image I/FS/92","Individual faculty and staff, folder 19, image I/FS/92","Black and white photograph. Handwritten on verso, """"Polly"" Whitaker December 3, 1944""","Yuen, Shui Kong, 1917-1992",Photographer,"Union College (Schenectady, N.Y.) http://id.worldcat.org/fast/563176","Whitaker, Polly",,1944-12-03,"2 pages, 1 photograph : b&w ; 8 x 9.75 in. (20.32 x 24.77 cm)",Documentary photographs,In Copyright,"Box 2, Folder 19, Item I/FS/92",ZWU_SCA0228_B02_F19_IFS092,2025-09-18,ZWU_SCA0228_B02_F19_IFS092_001.jpg;ZWU_SCA0228_B02_F19_IFS092_002.jpg
,34931,Image ,"Individual faculty and staff, folder 19, image I/FS/93","Individual faculty and staff, folder 19, image I/FS/93","Black and white photograph. Handwritten on verso, """"Ben"" Whitaker, Jr. December 3, 1944""","Yuen, Shui Kong, 1917-1992",Photographer,"Union College (Schenectady, N.Y.) http://id.worldcat.org/fast/563176","Whitaker, Benjamin, Jr",,1944-12-03,"2 pages, 1 photograph : b&w ; 8 x 9.75 in. (20.32 x 24.77 cm)",Documentary photographs,In Copyright,"Box 2, Folder 19, Item I/FS/93",ZWU_SCA0228_B02_F19_IFS093,2025-09-18,ZWU_SCA0228_B02_F19_IFS093_001.jpg;ZWU_SCA0228_B02_F19_IFS093_002.jpg
,34931,Image ,"Individual faculty and staff, folder 19, image I/FS/94","Individual faculty and staff, folder 19, image I/FS/94","Black and white photograph. Handwritten on verso, ""Robert Whitaker December 3, 1944""","Yuen, Shui Kong, 1917-1992",Photographer,"Union College (Schenectady, N.Y.) http://id.worldcat.org/fast/563176","Whitaker, Robert",,1944-12-03,"2 pages, 1 photograph : b&w ; 8 x 9.75 in. (20.32 x 24.77 cm)",Documentary photographs,In Copyright,"Box 2, Folder 19, Item I/FS/94",ZWU_SCA0228_B02_F19_IFS094,2025-09-18,ZWU_SCA0228_B02_F19_IFS094_001.jpg;ZWU_SCA0228_B02_F19_IFS094_002.jpg
,34931,Image ,"Individual faculty and staff, folder 19, image I/FS/101","Individual faculty and staff, folder 19, image I/FS/101","Black and white photograph. Handwritten on verso, ""Polly and Ben Whitaker, Jr. Summer 1942""","Yuen, Shui Kong, 1917-1992",Photographer,"Union College (Schenectady, N.Y.) http://id.worldcat.org/fast/563176","Whitaker, Benjamin, Jr; Whitaker, Polly",June 1942-August 1942,,"2 pages, 1 photograph : b&w ; 8 x 9.75 in. (20.32 x 24.77 cm)",Documentary photographs,In Copyright,"Box 2, Folder 19, Item I/FS/101",ZWU_SCA0228_B02_F19_IFS101,2025-09-18,ZWU_SCA0228_B02_F19_IFS101_001.jpg;ZWU_SCA0228_B02_F19_IFS101_002.jpg
,34931,Image ,"Individual faculty and staff, folder 19, image I/FS/102","Individual faculty and staff, folder 19, image I/FS/102","Black and white photograph. Handwritten on verso, """"Polly"" Whitaker Summer 1942""","Yuen, Shui Kong, 1917-1992",Photographer,"Union College (Schenectady, N.Y.) http://id.worldcat.org/fast/563176","Whitaker, Polly",June 1942-August 1942,,"2 pages, 1 photograph : b&w ; 8 x 9.75 in. (20.32 x 24.77 cm)",Documentary photographs,In Copyright,"Box 2, Folder 19, Item I/FS/102",ZWU_SCA0228_B02_F19_IFS102,2025-09-18,ZWU_SCA0228_B02_F19_IFS102_001.jpg;ZWU_SCA0228_B02_F19_IFS102_002.jpg
,34931,Image ,"Individual faculty and staff, folder 19, image I/FS/103","Individual faculty and staff, folder 19, image I/FS/103","Black and white photograph. Handwritten on verso, """"Ben"" Whitaker, Jr. Summer 1942""","Yuen, Shui Kong, 1917-1992",Photographer,"Union College (Schenectady, N.Y.) http://id.worldcat.org/fast/563176","Whitaker, Benjamin, Jr",June 1942-August 1942,,"2 pages, 1 photograph : b&w ; 8 x 9.75 in. (20.32 x 24.77 cm)",Documentary photographs,In Copyright,"Box 2, Folder 19, Item I/FS/103",ZWU_SCA0228_B02_F19_IFS103,2025-09-18,ZWU_SCA0228_B02_F19_IFS103_001.jpg;ZWU_SCA0228_B02_F19_IFS103_002.jpg
,34931,Image ,"Individual faculty and staff, folder 19, image I/FS/111","Individual faculty and staff, folder 19, image I/FS/111","Black and white photograph. Handwritten on verso, ""Mrs. Ben Whitaker and Bob December 1943""","Yuen, Shui Kong, 1917-1992",Photographer,"Union College (Schenectady, N.Y.) http://id.worldcat.org/fast/563176","Whitaker, Robert; Whitaker, Benjamin, Jr",,1943-12-01,"2 pages, 1 photograph : b&w ; 8 x 9.75 in. (20.32 x 24.77 cm)",Documentary photographs,In Copyright,"Box 2, Folder 19, Item I/FS/111",ZWU_SCA0228_B02_F19_IFS111,2025-09-18,ZWU_SCA0228_B02_F19_IFS111_001.jpg;ZWU_SCA0228_B02_F19_IFS111_002.jpg
,34931,Image ,"Individual faculty and staff, folder 19, image I/FS/121","Individual faculty and staff, folder 19, image I/FS/121","Black and white photograph. Handwritten on verso, ""Fred. Bronner, Jr. January 7, 1941""","Yuen, Shui Kong, 1917-1992",Photographer,"Union College (Schenectady, N.Y.) http://id.worldcat.org/fast/563176","Bronner, Fred, Jr",,1941-01-07,"2 pages, 1 photograph : b&w ; 8 x 9.75 in. (20.32 x 24.77 cm)",Documentary photographs,In Copyright,"Box 2, Folder 19, Item I/FS/121",ZWU_SCA0228_B02_F19_IFS121,2025-09-18,ZWU_SCA0228_B02_F19_IFS121_001.jpg;ZWU_SCA0228_B02_F19_IFS121_002.jpg
,34931,Image ,"Individual faculty and staff, folder 19, image I/FS/122","Individual faculty and staff, folder 19, image I/FS/122","Black and white photograph. Handwritten on verso, ""Fred. Bronner, Jr. January 7, 1941""","Yuen, Shui Kong, 1917-1992",Photographer,"Union College (Schenectady, N.Y.) http://id.worldcat.org/fast/563176","Bronner, Fred, Jr",,1941-01-07,"2 pages, 1 photograph : b&w ; 8 x 9.75 in. (20.32 x 24.77 cm)",Documentary photographs,In Copyright,"Box 2, Folder 19, Item I/FS/122",ZWU_SCA0228_B02_F19_IFS122,2025-09-18,ZWU_SCA0228_B02_F19_IFS122_001.jpg;ZWU_SCA0228_B02_F19_IFS122_002.jpg
,34931,Image ,"Individual faculty and staff, folder 19, image I/FS/123","Individual faculty and staff, folder 19, image I/FS/123","Black and white photograph. Handwritten on verso, ""Elizabeth Bronner January 7, 1941""","Yuen, Shui Kong, 1917-1992",Photographer,"Union College (Schenectady, N.Y.) http://id.worldcat.org/fast/563176","Bronner, Elizabeth",,1941-01-07,"2 pages, 1 photograph : b&w ; 8 x 9.75 in. (20.32 x 24.77 cm)",Documentary photographs,In Copyright,"Box 2, Folder 19, Item I/FS/123",ZWU_SCA0228_B02_F19_IFS123,2025-09-18,ZWU_SCA0228_B02_F19_IFS123_001.jpg;ZWU_SCA0228_B02_F19_IFS123_002.jpg
,34931,Image ,"Individual faculty and staff, folder 19, image I/FS/124","Individual faculty and staff, folder 19, image I/FS/124","Black and white photograph. Handwritten on verso, ""Mr. + Mrs. Fred Bronner's youngest daughter? (Name ?) January 4, 1941""","Yuen, Shui Kong, 1917-1992",Photographer,"Union College (Schenectady, N.Y.) http://id.worldcat.org/fast/563176",,,1941-01-04,"2 pages, 1 photograph : b&w ; 8 x 9.75 in. (20.32 x 24.77 cm)",Documentary photographs,In Copyright,"Box 2, Folder 19, Item I/FS/124",ZWU_SCA0228_B02_F19_IFS124,2025-09-18,ZWU_SCA0228_B02_F19_IFS124_001.jpg;ZWU_SCA0228_B02_F19_IFS124_002.jpg
,34931,Image ,"Individual faculty and staff, folder 19, image I/FS/131","Individual faculty and staff, folder 19, image I/FS/131","Black and white photograph. Handwritten on verso, ""Wendy Wyatt Spring 1941""","Yuen, Shui Kong, 1917-1992",Photographer,"Union College (Schenectady, N.Y.) http://id.worldcat.org/fast/563176","Wyatt, Wendy",March 1941-May 1941,,"2 pages, 1 photograph : b&w ; 8 x 9.75 in. (20.32 x 24.77 cm)",Documentary photographs,In Copyright,"Box 2, Folder 19, Item I/FS/131",ZWU_SCA0228_B02_F19_IFS131,2025-09-19,ZWU_SCA0228_B02_F19_IFS131_001.jpg;ZWU_SCA0228_B02_F19_IFS131_002.jpg
,34931,Image ,"Individual faculty and staff, folder 19, image I/FS/132","Individual faculty and staff, folder 19, image I/FS/132","Black and white photograph. Handwritten on verso, ""Wendy Wyatt (and Mrs. Fred Wyatt + others?) Spring 1941""","Yuen, Shui Kong, 1917-1992",Photographer,"Union College (Schenectady, N.Y.) http://id.worldcat.org/fast/563176","Wendy, Wyatt",March 1941-May 1941,,"2 pages, 1 photograph : b&w ; 8 x 9.75 in. (20.32 x 24.77 cm)",Documentary photographs,In Copyright,"Box 2, Folder 19, Item I/FS/132",ZWU_SCA0228_B02_F19_IFS132,2025-09-19,ZWU_SCA0228_B02_F19_IFS132_001.jpg;ZWU_SCA0228_B02_F19_IFS132_002.jpg
,34931,Image ,"Individual faculty and staff, folder 19, image I/FS/135","Individual faculty and staff, folder 19, image I/FS/135","Black and white photograph. Handwritten on verso, ""Tony and Al Ciampa February 24, 1946""","Yuen, Shui Kong, 1917-1992",Photographer,"Union College (Schenectady, N.Y.) http://id.worldcat.org/fast/563176","Ciampa, Albert E.; Ciampa, Tony",,1946-02-24,"2 pages, 1 photograph : b&w ; 8 x 9.75 in. (20.32 x 24.77 cm)",Documentary photographs,In Copyright,"Box 2, Folder 19, Item I/FS/135",ZWU_SCA0228_B02_F19_IFS135,2025-09-19,ZWU_SCA0228_B02_F19_IFS135_001.jpg;ZWU_SCA0228_B02_F19_IFS135_002.jpg
,34931,Image ,"Individual faculty and staff, folder 19, image I/FS/141","Individual faculty and staff, folder 19, image I/FS/141","Black and white photograph. Handwritten on verso, ""Ralph Semerad, Art Lawrence and Al Ciampa September 1941""","Yuen, Shui Kong, 1917-1992",Photographer,"Union College (Schenectady, N.Y.) http://id.worldcat.org/fast/563176","Semerad, Ralph; Lawrence, Arthur C.; Ciampa, Albert E.",,1941-09-01,"2 pages, 1 photograph : b&w ; 8 x 9.75 in. (20.32 x 24.77 cm)",Documentary photographs,In Copyright,"Box 2, Folder 19, Item I/FS/141",ZWU_SCA0228_B02_F19_IFS141,2025-09-19,ZWU_SCA0228_B02_F19_IFS141_001.jpg;ZWU_SCA0228_B02_F19_IFS141_002.jpg
,34931,Image ,"Individual faculty and staff, folder 19, image I/FS/142","Individual faculty and staff, folder 19, image I/FS/142","Black and white photograph. Handwritten on verso, ""Dr. G. M. Glowe 1941""","Yuen, Shui Kong, 1917-1992",Photographer,"Union College (Schenectady, N.Y.) http://id.worldcat.org/fast/563176","Glowe, G. M.",1941,,"2 pages, 1 photograph : b&w ; 8 x 9.75 in. (20.32 x 24.77 cm)",Documentary photographs,In Copyright,"Box 2, Folder 19, Item I/FS/142",ZWU_SCA0228_B02_F19_IFS142,2025-09-19,ZWU_SCA0228_B02_F19_IFS142_001.jpg;ZWU_SCA0228_B02_F19_IFS142_002.jpg
,34931,Image ,"Individual faculty and staff, folder 19, image I/FS/143","Individual faculty and staff, folder 19, image I/FS/143","Black and white photograph. Handwritten on verso, ""President Ryan Dixon Fox""","Yuen, Shui Kong, 1917-1992",Photographer,"Union College (Schenectady, N.Y.) http://id.worldcat.org/fast/563176","Fox, Dixon Ryan, 1887-1945",,,"2 pages, 1 photograph : b&w ; 8 x 9.75 in. (20.32 x 24.77 cm)",Documentary photographs,In Copyright,"Box 2, Folder 19, Item I/FS/143",ZWU_SCA0228_B02_F19_IFS143,2025-09-19,ZWU_SCA0228_B02_F19_IFS143_001.jpg;ZWU_SCA0228_B02_F19_IFS143_002.jpg
,34931,Image ,"Individual faculty and staff, folder 19, image I/FS/144","Individual faculty and staff, folder 19, image I/FS/144","Black and white photograph. Handwritten on verso, """"Tony"" Hoadley""","Yuen, Shui Kong, 1917-1992",Photographer,"Union College (Schenectady, N.Y.) http://id.worldcat.org/fast/563176","Hoadley, Tony",,,"2 pages, 1 photograph : b&w ; 8 x 9.75 in. (20.32 x 24.77 cm)",Documentary photographs,In Copyright,"Box 2, Folder 19, Item I/FS/144",ZWU_SCA0228_B02_F19_IFS144,2025-09-19,ZWU_SCA0228_B02_F19_IFS144_001.jpg;ZWU_SCA0228_B02_F19_IFS144_002.jpg
,34931,Image ,"Individual faculty and staff, folder 19, image I/FS/145","Individual faculty and staff, folder 19, image I/FS/145","Black and white photograph. Handwritten on verso, ""Prof. Larabee""","Yuen, Shui Kong, 1917-1992",Photographer,"Union College (Schenectady, N.Y.) http://id.worldcat.org/fast/563176","Larrabee, Harold Atkins, 1894-1979",,,"2 pages, 1 photograph : b&w ; 8 x 9.75 in. (20.32 x 24.77 cm)",Documentary photographs,In Copyright,"Box 2, Folder 19, Item I/FS/145",ZWU_SCA0228_B02_F19_IFS145,2025-09-19,ZWU_SCA0228_B02_F19_IFS145_001.jpg;ZWU_SCA0228_B02_F19_IFS145_002.jpg
,34931,Image ,"Individual faculty and staff, folder 19, image I/FS/146","Individual faculty and staff, folder 19, image I/FS/146","Black and white photograph. Handwritten on verso, ""Milton Enzer""","Yuen, Shui Kong, 1917-1992",Photographer,"Union College (Schenectady, N.Y.) http://id.worldcat.org/fast/563176","Enzer, Milton",,,"2 pages, 1 photograph : b&w ; 8 x 9.75 in. (20.32 x 24.77 cm)",Documentary photographs,In Copyright,"Box 2, Folder 19, Item I/FS/146",ZWU_SCA0228_B02_F19_IFS146,2025-09-19,ZWU_SCA0228_B02_F19_IFS146_001.jpg;ZWU_SCA0228_B02_F19_IFS146_002.jpg
,34931,Image ,"Individual faculty and staff, folder 19, image I/FS/147","Individual faculty and staff, folder 19, image I/FS/147","Black and white photograph. Handwritten on verso, ""Miss Travis""","Yuen, Shui Kong, 1917-1992",Photographer,"Union College (Schenectady, N.Y.) http://id.worldcat.org/fast/563176",,,,"2 pages, 1 photograph : b&w ; 8 x 9.75 in. (20.32 x 24.77 cm)",Documentary photographs,In Copyright,"Box 2, Folder 19, Item I/FS/147",ZWU_SCA0228_B02_F19_IFS147,2025-09-19,ZWU_SCA0228_B02_F19_IFS147_001.jpg;ZWU_SCA0228_B02_F19_IFS147_002.jpg
,34931,Image ,"Individual faculty and staff, folder 19, image I/FS/148","Individual faculty and staff, folder 19, image I/FS/148","Black and white photograph. Handwritten on verso, ""Fred Wyatt""","Yuen, Shui Kong, 1917-1992",Photographer,"Union College (Schenectady, N.Y.) http://id.worldcat.org/fast/563176","Wyatt, Fred",,,"2 pages, 1 photograph : b&w ; 8 x 9.75 in. (20.32 x 24.77 cm)",Documentary photographs,In Copyright,"Box 2, Folder 19, Item I/FS/148",ZWU_SCA0228_B02_F19_IFS148,2025-09-19,ZWU_SCA0228_B02_F19_IFS148_001.jpg;ZWU_SCA0228_B02_F19_IFS148_002.jpg
,34932,Image ,"Freshman camp committee, folder 20, image FC/1","Freshman camp committee, folder 20, image FC/1","Black and white photograph. Handwritten on verso, ""Freshman Camp Committee Dr. Bennett 194?""","Yuen, Shui Kong, 1917-1992",Photographer,"Union College (Schenectady, N.Y.) http://id.worldcat.org/fast/563176",,194?,,"2 pages, 1 photograph : b&w ; 8 x 9.75 in. (20.32 x 24.77 cm)",Documentary photographs,In Copyright,"Box 2, Folder 20, Item FC/1",ZWU_SCA0228_B02_F20_FC001,2025-09-19,ZWU_SCA0228_B02_F20_FC001_001.jpg;ZWU_SCA0228_B02_F20_FC001_002.jpg
,34932,Image ,"Freshman camp committee, folder 20, image FC/2","Freshman camp committee, folder 20, image FC/2","Black and white photograph. Handwritten on verso, ""Freshman Camp Committee x Gus Fox Bill Ketz Bud Green? 194?""","Yuen, Shui Kong, 1917-1992",Photographer,"Union College (Schenectady, N.Y.) http://id.worldcat.org/fast/563176","Ketz, Wilford, 1906-1991; Fox, Gus; Green, Bud",,1940-01-01,"2 pages, 1 photograph : b&w ; 8 x 9.75 in. (20.32 x 24.77 cm)",Documentary photographs,In Copyright,"Box 2, Folder 20, Item FC/2",ZWU_SCA0228_B02_F20_FC002,2025-09-19,ZWU_SCA0228_B02_F20_FC002_001.jpg;ZWU_SCA0228_B02_F20_FC002_002.jpg
,34933,Image ,"C.E. graduating class of '44 and faculty, folder 21, image G1","C.E. graduating class of '44 and faculty, folder 21, image G1","Black and white photograph. Handwritten on verso, ""E. E. group picture May 1942""","Yuen, Shui Kong, 1917-1992",Photographer,"Union College (Schenectady, N.Y.) http://id.worldcat.org/fast/563176",,,1942-05-01,"2 pages, 1 photograph : b&w ; 8 x 9.75 in. (20.32 x 24.77 cm)",Documentary photographs,In Copyright,"Box 2, Folder 21, Item G1",ZWU_SCA0228_B02_F21_G001,2025-09-19,ZWU_SCA0228_B02_F21_G001_001.jpg;ZWU_SCA0228_B02_F21_G001_002.jpg
,34933,Image ,"C.E. graduating class of '44 and faculty, folder 21, image G2","C.E. graduating class of '44 and faculty, folder 21, image G2","Black and white photograph. Handwritten on verso, ""E.E. Staff Summer 1943""","Yuen, Shui Kong, 1917-1992",Photographer,"Union College (Schenectady, N.Y.) http://id.worldcat.org/fast/563176",,June 1943-August 1943,,"2 pages, 1 photograph : b&w ; 8 x 9.75 in. (20.32 x 24.77 cm)",Documentary photographs,In Copyright,"Box 2, Folder 21, Item G2",ZWU_SCA0228_B02_F21_G002,2025-09-19,ZWU_SCA0228_B02_F21_G002_001.jpg;ZWU_SCA0228_B02_F21_G002_002.jpg
,34933,Image ,"C.E. graduating class of '44 and faculty, folder 21, image G3","C.E. graduating class of '44 and faculty, folder 21, image G3","Black and white photograph. Handwritten on verso, ""Gil Harlow Tom Male x x Tony Hoadley x Bob Stanley Joel Zimmer C.E. graduating class '44 and faculty January 1944""","Yuen, Shui Kong, 1917-1992",Photographer,"Union College (Schenectady, N.Y.) http://id.worldcat.org/fast/563176","Harlow, Gil; Male, Tom; Hoadley, Tony; Stanley, Bob; Zimmer, Joel; ",,1944-01-01,"2 pages, 1 photograph : b&w ; 8 x 9.75 in. (20.32 x 24.77 cm)",Documentary photographs,In Copyright,"Box 2, Folder 21, Item G3",ZWU_SCA0228_B02_F21_G003,2025-09-19,ZWU_SCA0228_B02_F21_G003_001.jpg;ZWU_SCA0228_B02_F21_G003_002.jpg
,34934,Image ,"Groups, folder 22, image G 5","Groups, folder 22, image G 5","Black and white photograph. Handwritten on verso, ""Delta Phi Junior Prom Weekend. 1941""","Yuen, Shui Kong, 1917-1992",Photographer,"Union College (Schenectady, N.Y.) http://id.worldcat.org/fast/563176","White, Austin; Lee, Robert; Wyatt, Richard; Nann, Robert; Cameron, Ed; Thyne, Frank; Ostrander, Ronald; Scantlebury, Edwin W.; Parker, Gordon; Nothacher, Robert; Weed, George",1941,,"2 pages, 1 photograph : b&w ; 8 x 9.75 in. (20.32 x 24.77 cm)",Documentary photographs,In Copyright,"Box 2, Folder 22, Item G 5",ZWU_SCA0228_B02_F22_G005,2025-09-19,ZWU_SCA0228_B02_F22_G005_001.jpg;ZWU_SCA0228_B02_F22_G005_002.jpg
,34934,Image ,"Groups, folder 22, image G 6","Groups, folder 22, image G 6","Black and white photograph. Handwritten on verso, ""Delta Phi brothers Spring, 1941""","Yuen, Shui Kong, 1917-1992",Photographer,"Union College (Schenectady, N.Y.) http://id.worldcat.org/fast/563176","Walker, William Frederick; Weed, George; Plummer, Walter Elmer; Malloy, Robert; Wells, Daniel; Ward, Edward; Zimmer, Jackson; Scantlebury, Edwin W.; Parker, Gordon; Lee, Robert; Taylor, Willard H.; Jameson, Cameron; Yuen, Shui Kong, 1917-1992; Walker, William Harold; Wyatt, Richard; Ball, Burton; Woodward, Clancy; Thyne, Frank; Caswell, Robert, Jr; Nothacker, Robert W.; Plunkett, Richard; White, Austin; Hemstead, George",March 1941-May 1941,,"2 pages, 1 photograph : b&w ; 8 x 9.75 in. (20.32 x 24.77 cm)",Documentary photographs,In Copyright,"Box 2, Folder 22, Item G 6",ZWU_SCA0228_B02_F22_G006,2025-09-19,ZWU_SCA0228_B02_F22_G006_001.jpg;ZWU_SCA0228_B02_F22_G006_002.jpg
,34934,Image ,"Groups, folder 22, image G 7","Groups, folder 22, image G 7","Black and white photograph. Handwritten on verso, ""Graduating members of Delta Phi Class of 1941 June 9, 1941""","Yuen, Shui Kong, 1917-1992",Photographer,"Union College (Schenectady, N.Y.) http://id.worldcat.org/fast/563176","Ostrander, Ronald; Ward, Edward; Parker, Gordon; White, Austin; Walker, William Frederick; Walker, William H.; Malloy, Robert; Roswell, Robert; Plummer, Walter Elmer; Hemstead, George",,1941-06-09,"2 pages, 1 photograph : b&w ; 8 x 9.75 in. (20.32 x 24.77 cm)",Documentary photographs,In Copyright,"Box 2, Folder 22, Item G 7",ZWU_SCA0228_B02_F22_G007,2025-09-19,ZWU_SCA0228_B02_F22_G007_001.jpg;ZWU_SCA0228_B02_F22_G007_002.jpg
,34934,Image ,"Groups, folder 22, image G 8","Groups, folder 22, image G 8","Black and white photograph. Handwritten on verso, ""Kappa Alpha brothers April 7, 1942""","Yuen, Shui Kong, 1917-1992",Photographer,"Union College (Schenectady, N.Y.) http://id.worldcat.org/fast/563176","Clarke, Stephen; Aldrich, Raymond; Beer, Avery",,1942-04-07,"2 pages, 1 photograph : b&w ; 8 x 9.75 in. (20.32 x 24.77 cm)",Documentary photographs,In Copyright,"Box 2, Folder 22, Item G 8",ZWU_SCA0228_B02_F22_G008,2025-09-19,ZWU_SCA0228_B02_F22_G008_001.jpg;ZWU_SCA0228_B02_F22_G008_002.jpg
,34934,Image ,"Groups, folder 22, image G 9","Groups, folder 22, image G 9","Black and white photograph. Handwritten on verso, ""Taken at the Psi U. House March 1943""","Yuen, Shui Kong, 1917-1992",Photographer,"Union College (Schenectady, N.Y.) http://id.worldcat.org/fast/563176",,,1943-03-01,"2 pages, 1 photograph : b&w ; 8 x 9.75 in. (20.32 x 24.77 cm)",Documentary photographs,In Copyright,"Box 2, Folder 22, Item G 9",ZWU_SCA0228_B02_F22_G009,2025-09-19,ZWU_SCA0228_B02_F22_G009_001.jpg;ZWU_SCA0228_B02_F22_G009_002.jpg
,34935,Image ,"Groups, folder 23, image GT/1","Groups, folder 23, image GT/1","Black and white photograph. Handwritten on verso, ""Geology Field Trip Indian Ladder Spring, 1941""","Yuen, Shui Kong, 1917-1992",Photographer,"Union College (Schenectady, N.Y.) http://id.worldcat.org/fast/563176",,March 1941-May 1941,,"2 pages, 1 photograph : b&w ; 8 x 9.75 in. (20.32 x 24.77 cm)",Documentary photographs,In Copyright,"Box 2, Folder 23, Item GT/1",ZWU_SCA0228_B02_F23_GT001,2025-09-19,ZWU_SCA0228_B02_F23_GT001_001.jpg;ZWU_SCA0228_B02_F23_GT001_002.jpg
,34935,Image ,"Groups, folder 23, image GT/2","Groups, folder 23, image GT/2","Black and white photograph. Handwritten on verso, ""Geology Field Trip Indian Ladder Spring 1941""","Yuen, Shui Kong, 1917-1992",Photographer,"Union College (Schenectady, N.Y.) http://id.worldcat.org/fast/563176",,March 1941-May 1941,,"2 pages, 1 photograph : b&w ; 8 x 9.75 in. (20.32 x 24.77 cm)",Documentary photographs,In Copyright,"Box 2, Folder 23, Item GT/2",ZWU_SCA0228_B02_F23_GT002,2025-09-19,ZWU_SCA0228_B02_F23_GT002_001.jpg;ZWU_SCA0228_B02_F23_GT002_002.jpg
,34935,Image ,"Groups, folder 23, image GT/3","Groups, folder 23, image GT/3","Black and white photograph. Handwritten on verso, ""Prof. E.S.C. Smith. Geology Field Trip Indian Ladder Spring 1941""","Yuen, Shui Kong, 1917-1992",Photographer,"Union College (Schenectady, N.Y.) http://id.worldcat.org/fast/563176","Smith, E.S.C.",March 1941-May 1941,,"2 pages, 1 photograph : b&w ; 8 x 9.75 in. (20.32 x 24.77 cm)",Documentary photographs,In Copyright,"Box 2, Folder 23, Item GT/3",ZWU_SCA0228_B02_F23_GT003,2025-09-19,ZWU_SCA0228_B02_F23_GT003_001.jpg;ZWU_SCA0228_B02_F23_GT003_002.jpg
,34935,Image ,"Groups, folder 23, image GT/4","Groups, folder 23, image GT/4","Black and white photograph. Handwritten on verso, ""Geology Field Trip Indian Ladder Spring 1941""","Yuen, Shui Kong, 1917-1992",Photographer,"Union College (Schenectady, N.Y.) http://id.worldcat.org/fast/563176",,March 1941-May 1941,,"2 pages, 1 photograph : b&w ; 8 x 9.75 in. (20.32 x 24.77 cm)",Documentary photographs,In Copyright,"Box 2, Folder 23, Item GT/4",ZWU_SCA0228_B02_F23_GT004,2025-09-19,ZWU_SCA0228_B02_F23_GT004_001.jpg;ZWU_SCA0228_B02_F23_GT004_002.jpg
,34935,Image ,"Groups, folder 23, image GT/5","Groups, folder 23, image GT/5","Black and white photograph. Handwritten on verso, ""Geology Field Trip Indian Ladder Spring 1941 Prof. E.S.C. Smith""","Yuen, Shui Kong, 1917-1992",Photographer,"Union College (Schenectady, N.Y.) http://id.worldcat.org/fast/563176","Smith, E.S.C.",March 1941-May 1941,,"2 pages, 1 photograph : b&w ; 8 x 9.75 in. (20.32 x 24.77 cm)",Documentary photographs,In Copyright,"Box 2, Folder 23, Item GT/5",ZWU_SCA0228_B02_F23_GT005,2025-09-19,ZWU_SCA0228_B02_F23_GT005_001.jpg;ZWU_SCA0228_B02_F23_GT005_002.jpg
,34935,Image ,"Groups, folder 23, image GT/6","Groups, folder 23, image GT/6","Black and white photograph. Handwritten on verso, ""Geology Field Trip Indian Ladder Spring 1941""","Yuen, Shui Kong, 1917-1992",Photographer,"Union College (Schenectady, N.Y.) http://id.worldcat.org/fast/563176",,March 1941-May 1941,,"2 pages, 1 photograph : b&w ; 8 x 9.75 in. (20.32 x 24.77 cm)",Documentary photographs,In Copyright,"Box 2, Folder 23, Item GT/6",ZWU_SCA0228_B02_F23_GT006,2025-09-19,ZWU_SCA0228_B02_F23_GT006_001.jpg;ZWU_SCA0228_B02_F23_GT006_002.jpg
,34936,Image ,"Hong Kong, folder 01, image HK/1","Hong Kong, folder 01, image HK/1","Black and white photograph. Handwritten on verso, ""John P. Lewis + family. ""Mac"" Yuen + family. (Wai Lum, 2nd from left, front row, Class of 1975). (Yan Gee 2nd from right, back row. Class of 1979). Picture taken at the Kai Tak Airport, Hong Kong. 23rd June, 1959.""","Yuen, Shui Kong, 1917-1992",Creator,China--Hong Kong http://id.worldcat.org/fast/1260796,"Lewis, John P.; Yuen, Shui Kong, 1917-1992; Yuen, Wai Lum; Yuen, Yan Gee; Yuen, Ah Wah",,1959-06-23,"2 pages, 1 photograph : b&w ; 8 x 9.75 in. (20.32 x 24.77 cm)",Documentary photographs,In Copyright,"Box 3, Folder 1, Item HK/1",ZWU_SCA0228_B03_F01_HK001,2025-09-19,ZWU_SCA0228_B03_F01_HK001_001.jpg;ZWU_SCA0228_B03_F01_HK001_002.jpg
,34936,Image ,"Hong Kong, folder 01, image HK/2","Hong Kong, folder 01, image HK/2","Black and white photograph. Handwritten on verso, ""Gordon Parker + family. ""Mac"" Yuen family. (Wai Lum, 1st from left, 2nd row, Class of 1975). (Yan Gee, 1st from left, backrom, Class of 1979). Picture taken at the Kai Tak Airport, Hong Kong. 1959-60.""","Yuen, Shui Kong, 1917-1992",Creator,China--Hong Kong http://id.worldcat.org/fast/1260796,"Parker, Gordon; Yuen, Shui Kong, 1917-1992; Yuen, Wai Lum; Yuen, Yan Gee; Yuen, Ah Wah",1959-60,,"2 pages, 1 photograph : b&w ; 8 x 9.75 in. (20.32 x 24.77 cm)",Documentary photographs,In Copyright,"Box 3, Folder 1, Item HK/2",ZWU_SCA0228_B03_F01_HK002,2025-09-19,ZWU_SCA0228_B03_F01_HK002_001.jpg;ZWU_SCA0228_B03_F01_HK002_002.jpg
,34936,Image ,"Hong Kong, folder 01, image HK/3","Hong Kong, folder 01, image HK/3","Color photograph. Type written on verso, ""President & Mrs. Davidson's Trip to Hong Kong (""^ in Jan. 1961."" handwritten addition). Mr. & Mrs. Shui Kong Yuen entertained them with a dinner party. The other couple is the manager & wife of the manager of The American Express's Hong Kong Office. He is also a graduate of Union College. Unfortunately, I forgot his name. President Davidson resigned from Union College about a year later.""","Yuen, Shui Kong, 1917-1992",Creator,China--Hong Kong http://id.worldcat.org/fast/1260796,"Yuen, Shui Kong, 1917-1992; Davidson, Carter, 1905-1965; Yuen, Ah Wah",,1961-01-01,"2 pages, 1 photograph : color ; 8 x 9.75 in. (20.32 x 24.77 cm)",Documentary photographs,In Copyright,"Box 3, Folder 1, Item HK/3",ZWU_SCA0228_B03_F01_HK003,2025-09-19,ZWU_SCA0228_B03_F01_HK003_001.jpg;ZWU_SCA0228_B03_F01_HK003_002.jpg
,34936,Image ,"Hong Kong, folder 01, image HK/4","Hong Kong, folder 01, image HK/4","Black and white photograph. Handwritten on verso, ""Mr. + Mrs Charles B. Cameron. (First Trip to Hong Kong). Mr. + Mrs. Shui Kong Yuen. Photograph was taken at the Saigon Club, Hong Kong.  196?""","Yuen, Shui Kong, 1917-1992",Creator,China--Hong Kong http://id.worldcat.org/fast/1260796,"Yuen, Shui Kong, 1917-1992; Cameron, Charles B.; Cameron, Mary; Yuen, Ah Wah",196?,,"2 pages, 1 photograph : b&w ; 8 x 9.75 in. (20.32 x 24.77 cm)",Documentary photographs,In Copyright,"Box 3, Folder 1, Item HK/4",ZWU_SCA0228_B03_F01_HK004,2025-09-19,ZWU_SCA0228_B03_F01_HK004_001.jpg;ZWU_SCA0228_B03_F01_HK004_002.jpg
,34936,Image ,"Hong Kong, folder 01, image HK/5","Hong Kong, folder 01, image HK/5","Black and white photograph. Handwritten on verso, ""Mr. + Mrs. Charles B. Cameron's 2nd trip to Hong Kong Visit to Lingnan College + ^ Lingnan Middle School. 1970?""","Yuen, Shui Kong, 1917-1992",Creator,China--Hong Kong http://id.worldcat.org/fast/1260796,"Yuen, Shui Kong, 1917-1992; Cameron, Charles B.; Cameron, Mary; Yuen, Ah Wah",1970?,,"2 pages, 1 photograph : b&w ; 8 x 9.75 in. (20.32 x 24.77 cm)",Documentary photographs,In Copyright,"Box 3, Folder 1, Item HK/5",ZWU_SCA0228_B03_F01_HK005,2025-09-19,ZWU_SCA0228_B03_F01_HK005_001.jpg;ZWU_SCA0228_B03_F01_HK005_002.jpg
,34936,Image ,"Hong Kong, folder 01, image HK/6","Hong Kong, folder 01, image HK/6","Black and white photograph. Type written on verso, ""A Chinese dinner party was held at the Lingnan Club to welcome Mr. & Mrs. Charles B. Cameron's 2nd trip to Hong Kong. (""in 1970?"" handwritten addition) From left: Charles B. Cameron, Mr. (""^C.F."" handwritten addition) Ng, father of Billy Ng, a student at Union College, Wai Lum Yuen, Yan Gee Yuen, Mrs. S. K. Yuen, Mrs. Ng, 3 Ng children, S. K. Yuen and Mrs, Mary Cameron.""","Yuen, Shui Kong, 1917-1992",Creator,China--Hong Kong http://id.worldcat.org/fast/1260796,"Cameron, Charles B.; Ng, C. F.; Yuen, Ah Wah",1970?,,"2 pages, 1 photograph : b&w ; 8 x 9.75 in. (20.32 x 24.77 cm)",Documentary photographs,In Copyright,"Box 3, Folder 1, Item HK/6",ZWU_SCA0228_B03_F01_HK006,2025-09-19,ZWU_SCA0228_B03_F01_HK006_001.jpg;ZWU_SCA0228_B03_F01_HK006_002.jpg
,34936,Image ,"Hong Kong, folder 01, image HK/7","Hong Kong, folder 01, image HK/7","Black and white photograph. Type written on verso, ""Picture taken after A Chinese Dinner held at the Lingnan Club to welcome Mr. & Mrs. Charles B. Cameron's 2nd trip to Hong Kong. Front Row, from left: Mr. & Mrs. Ng, parents of Bill Ng, a student at Union College, Mrs. Mary Cameron, Shui Kong Yuen '42, Charles B. Cameron and Mrs. Yuen. Back Row, from left, 3 children of the Ng family, Wai Lum Yuen '75, Yan Gee Yuen '79.""","Yuen, Shui Kong, 1917-1992",Creator,China--Hong Kong http://id.worldcat.org/fast/1260796,"Cameron, Charles B.; Cameron, Mary; Ng, C. F.; Yuen, Shui Kong, 1917-1992; Yuen, Wai Lum; Yuen, Yan Gee",,,"2 pages, 1 photograph : b&w ; 8 x 9.75 in. (20.32 x 24.77 cm)",Documentary photographs,In Copyright,"Box 3, Folder 1, Item HK/7",ZWU_SCA0228_B03_F01_HK007,2025-09-19,ZWU_SCA0228_B03_F01_HK007_001.jpg;ZWU_SCA0228_B03_F01_HK007_002.jpg
,34936,Image ,"Hong Kong, folder 01, image HK/8","Hong Kong, folder 01, image HK/8","Black and white photograph. Handwritten on verso, ""Jayne Weiner ('75) attends meeting of Interact Club of Lingnan College + Middle School 17th November, 1975 (Shui Kong Yuen '42 was the Rotarian adviser to the Lingnan Interact Club).""","Yuen, Shui Kong, 1917-1992",Creator,China--Hong Kong http://id.worldcat.org/fast/1260796,"Yuen, Shui Kong, 1917-1992; Weiner, Jayne",,1975-11-17,"2 pages, 1 photograph : b&w ; 8 x 9.75 in. (20.32 x 24.77 cm)",Documentary photographs,In Copyright,"Box 3, Folder 1, Item HK/8",ZWU_SCA0228_B03_F01_HK008,2025-09-19,ZWU_SCA0228_B03_F01_HK008_001.jpg;ZWU_SCA0228_B03_F01_HK008_002.jpg
,34937,Image ,"Varsity football players, folder 02, image I/FP/1","Varsity football players, folder 02, image I/FP/1","Black and white photograph. Handwritten on verso, ""Bob Baker""","Yuen, Shui Kong, 1917-1992",Photographer,"Union College (Schenectady, N.Y.) http://id.worldcat.org/fast/563176","Baker, Bob",,,"2 pages, 1 photograph : b&w ; 8 x 9.75 in. (20.32 x 24.77 cm)",Documentary photographs,In Copyright,"Box 3, Folder 2, Item I/FP/1",ZWU_SCA0228_B03_F02_IFP001,2025-09-19,ZWU_SCA0228_B03_F02_IFP001_001.jpg;ZWU_SCA0228_B03_F02_IFP001_002.jpg
,34937,Image ,"Varsity football players, folder 02, image I/FP/2","Varsity football players, folder 02, image I/FP/2","Black and white photograph. Handwritten on verso, ""Abe Dorseman""","Yuen, Shui Kong, 1917-1992",Photographer,"Union College (Schenectady, N.Y.) http://id.worldcat.org/fast/563176","Dorseman, Abe",,,"2 pages, 1 photograph : b&w ; 8 x 9.75 in. (20.32 x 24.77 cm)",Documentary photographs,In Copyright,"Box 3, Folder 2, Item I/FP/2",ZWU_SCA0228_B03_F02_IFP002,2025-09-19,ZWU_SCA0228_B03_F02_IFP002_001.jpg;ZWU_SCA0228_B03_F02_IFP002_002.jpg
,34937,Image ,"Varsity football players, folder 02, image I/FP/3","Varsity football players, folder 02, image I/FP/3","Black and white photograph. Handwritten on verso, ""ED Eustice '42 1941 ?""","Yuen, Shui Kong, 1917-1992",Photographer,"Union College (Schenectady, N.Y.) http://id.worldcat.org/fast/563176","Eustice, Ed",1942?,,"2 pages, 1 photograph : b&w ; 8 x 9.75 in. (20.32 x 24.77 cm)",Documentary photographs,In Copyright,"Box 3, Folder 2, Item I/FP/3",ZWU_SCA0228_B03_F02_IFP003,2025-09-19,ZWU_SCA0228_B03_F02_IFP003_001.jpg;ZWU_SCA0228_B03_F02_IFP003_002.jpg
,34937,Image ,"Varsity football players, folder 02, image I/FP/4","Varsity football players, folder 02, image I/FP/4","Black and white photograph. Handwritten on verso, ""Walt Galuska""","Yuen, Shui Kong, 1917-1992",Photographer,"Union College (Schenectady, N.Y.) http://id.worldcat.org/fast/563176","Galuska, Walt",,,"2 pages, 1 photograph : b&w ; 8 x 9.75 in. (20.32 x 24.77 cm)",Documentary photographs,In Copyright,"Box 3, Folder 2, Item I/FP/4",ZWU_SCA0228_B03_F02_IFP004,2025-09-19,ZWU_SCA0228_B03_F02_IFP004_001.jpg;ZWU_SCA0228_B03_F02_IFP004_002.jpg
,34937,Image ,"Varsity football players, folder 02, image I/FP/5","Varsity football players, folder 02, image I/FP/5","Black and white photograph. Handwritten on verso, ""Stewie Goldbalt""","Yuen, Shui Kong, 1917-1992",Photographer,"Union College (Schenectady, N.Y.) http://id.worldcat.org/fast/563176","Goldbalt, Stewie",,,"2 pages, 1 photograph : b&w ; 8 x 9.75 in. (20.32 x 24.77 cm)",Documentary photographs,In Copyright,"Box 3, Folder 2, Item I/FP/5",ZWU_SCA0228_B03_F02_IFP005,2025-09-19,ZWU_SCA0228_B03_F02_IFP005_001.jpg;ZWU_SCA0228_B03_F02_IFP005_002.jpg
,34937,Image ,"Varsity football players, folder 02, image I/FP/6","Varsity football players, folder 02, image I/FP/6","Black and white photograph. Handwritten on verso, ""Bob Hallenback ?""","Yuen, Shui Kong, 1917-1992",Photographer,"Union College (Schenectady, N.Y.) http://id.worldcat.org/fast/563176","Hallenback, Bob",,,"2 pages, 1 photograph : b&w ; 8 x 9.75 in. (20.32 x 24.77 cm)",Documentary photographs,In Copyright,"Box 3, Folder 2, Item I/FP/6",ZWU_SCA0228_B03_F02_IFP006,2025-09-19,ZWU_SCA0228_B03_F02_IFP006_001.jpg;ZWU_SCA0228_B03_F02_IFP006_002.jpg
,34937,Image ,"Varsity football players, folder 02, image I/FP/7","Varsity football players, folder 02, image I/FP/7","Black and white photograph. Handwritten on verso, ""Bob Killian""","Yuen, Shui Kong, 1917-1992",Photographer,"Union College (Schenectady, N.Y.) http://id.worldcat.org/fast/563176","Killian, Bob",,,"2 pages, 1 photograph : b&w ; 8 x 9.75 in. (20.32 x 24.77 cm)",Documentary photographs,In Copyright,"Box 3, Folder 2, Item I/FP/7",ZWU_SCA0228_B03_F02_IFP007,2025-09-19,ZWU_SCA0228_B03_F02_IFP007_001.jpg;ZWU_SCA0228_B03_F02_IFP007_002.jpg
,34937,Image ,"Varsity football players, folder 02, image I/FP/8","Varsity football players, folder 02, image I/FP/8","Black and white photograph. Handwritten on verso, ""Cliff Platt""","Yuen, Shui Kong, 1917-1992",Photographer,"Union College (Schenectady, N.Y.) http://id.worldcat.org/fast/563176","Platt, Cliff",,,"2 pages, 1 photograph : b&w ; 8 x 9.75 in. (20.32 x 24.77 cm)",Documentary photographs,In Copyright,"Box 3, Folder 2, Item I/FP/8",ZWU_SCA0228_B03_F02_IFP008,2025-09-19,ZWU_SCA0228_B03_F02_IFP008_001.jpg;ZWU_SCA0228_B03_F02_IFP008_002.jpg
,34937,Image ,"Varsity football players, folder 02, image I/FP/9","Varsity football players, folder 02, image I/FP/9","Black and white photograph. Handwritten on verso, ""Lee Sherman""","Yuen, Shui Kong, 1917-1992",Photographer,"Union College (Schenectady, N.Y.) http://id.worldcat.org/fast/563176","Sherman, Lee",,,"2 pages, 1 photograph : b&w ; 8 x 9.75 in. (20.32 x 24.77 cm)",Documentary photographs,In Copyright,"Box 3, Folder 2, Item I/FP/9",ZWU_SCA0228_B03_F02_IFP009,2025-09-19,ZWU_SCA0228_B03_F02_IFP009_001.jpg;ZWU_SCA0228_B03_F02_IFP009_002.jpg
,34937,Image ,"Varsity football players, folder 02, image I/FP/10","Varsity football players, folder 02, image I/FP/10","Black and white photograph. Handwritten on verso, ""Doug Slingerland'""","Yuen, Shui Kong, 1917-1992",Photographer,"Union College (Schenectady, N.Y.) http://id.worldcat.org/fast/563176","Slingerland, Doug",,,"2 pages, 1 photograph : b&w ; 8 x 9.75 in. (20.32 x 24.77 cm)",Documentary photographs,In Copyright,"Box 3, Folder 2, Item I/FP/10",ZWU_SCA0228_B03_F02_IFP010,2025-09-19,ZWU_SCA0228_B03_F02_IFP010_001.jpg;ZWU_SCA0228_B03_F02_IFP010_002.jpg
,34937,Image ,"Varsity football players, folder 02, image I/FP/11","Varsity football players, folder 02, image I/FP/11","Black and white photograph. Handwritten on verso, ""football player""","Yuen, Shui Kong, 1917-1992",Photographer,"Union College (Schenectady, N.Y.) http://id.worldcat.org/fast/563176",,,,"2 pages, 1 photograph : b&w ; 8 x 9.75 in. (20.32 x 24.77 cm)",Documentary photographs,In Copyright,"Box 3, Folder 2, Item I/FP/11",ZWU_SCA0228_B03_F02_IFP011,2025-09-19,ZWU_SCA0228_B03_F02_IFP011_001.jpg;ZWU_SCA0228_B03_F02_IFP011_002.jpg
,34937,Image ,"Varsity football players, folder 02, image I/FP/12","Varsity football players, folder 02, image I/FP/12","Black and white photograph. Handwritten on verso, ""football player""","Yuen, Shui Kong, 1917-1992",Photographer,"Union College (Schenectady, N.Y.) http://id.worldcat.org/fast/563176",,,,"2 pages, 1 photograph : b&w ; 8 x 9.75 in. (20.32 x 24.77 cm)",Documentary photographs,In Copyright,"Box 3, Folder 2, Item I/FP/12",ZWU_SCA0228_B03_F02_IFP012,2025-09-19,ZWU_SCA0228_B03_F02_IFP012_001.jpg;ZWU_SCA0228_B03_F02_IFP012_002.jpg
,34937,Image ,"Varsity football players, folder 02, image I/FP/13","Varsity football players, folder 02, image I/FP/13","Black and white photograph. Handwritten on verso, ""football player""","Yuen, Shui Kong, 1917-1992",Photographer,"Union College (Schenectady, N.Y.) http://id.worldcat.org/fast/563176",,,,"2 pages, 1 photograph : b&w ; 8 x 9.75 in. (20.32 x 24.77 cm)",Documentary photographs,In Copyright,"Box 3, Folder 2, Item I/FP/13",ZWU_SCA0228_B03_F02_IFP013,2025-09-19,ZWU_SCA0228_B03_F02_IFP013_001.jpg;ZWU_SCA0228_B03_F02_IFP013_002.jpg
,34937,Image ,"Varsity football players, folder 02, image I/FP/14","Varsity football players, folder 02, image I/FP/14","Black and white photograph. Handwritten on verso, ""football player""","Yuen, Shui Kong, 1917-1992",Photographer,"Union College (Schenectady, N.Y.) http://id.worldcat.org/fast/563176",,,,"2 pages, 1 photograph : b&w ; 8 x 9.75 in. (20.32 x 24.77 cm)",Documentary photographs,In Copyright,"Box 3, Folder 2, Item I/FP/14",ZWU_SCA0228_B03_F02_IFP014,2025-09-19,ZWU_SCA0228_B03_F02_IFP014_001.jpg;ZWU_SCA0228_B03_F02_IFP014_002.jpg
,34937,Image ,"Varsity football players, folder 02, image I/FP/15","Varsity football players, folder 02, image I/FP/15","Black and white photograph. Handwritten on verso, ""football player""","Yuen, Shui Kong, 1917-1992",Photographer,"Union College (Schenectady, N.Y.) http://id.worldcat.org/fast/563176",,,,"2 pages, 1 photograph : b&w ; 8 x 9.75 in. (20.32 x 24.77 cm)",Documentary photographs,In Copyright,"Box 3, Folder 2, Item I/FP/15",ZWU_SCA0228_B03_F02_IFP015,2025-09-19,ZWU_SCA0228_B03_F02_IFP015_001.jpg;ZWU_SCA0228_B03_F02_IFP015_002.jpg
,34937,Image ,"Varsity football players, folder 02, image I/FP/16","Varsity football players, folder 02, image I/FP/16","Black and white photograph. Handwritten on verso, ""football player""","Yuen, Shui Kong, 1917-1992",Photographer,"Union College (Schenectady, N.Y.) http://id.worldcat.org/fast/563176",,,,"2 pages, 1 photograph : b&w ; 8 x 9.75 in. (20.32 x 24.77 cm)",Documentary photographs,In Copyright,"Box 3, Folder 2, Item I/FP/16",ZWU_SCA0228_B03_F02_IFP016,2025-09-19,ZWU_SCA0228_B03_F02_IFP016_001.jpg;ZWU_SCA0228_B03_F02_IFP016_002.jpg
,34937,Image ,"Varsity football players, folder 02, image I/FP/17","Varsity football players, folder 02, image I/FP/17","Black and white photograph. Handwritten on verso, ""football player""","Yuen, Shui Kong, 1917-1992",Photographer,"Union College (Schenectady, N.Y.) http://id.worldcat.org/fast/563176",,,,"2 pages, 1 photograph : b&w ; 8 x 9.75 in. (20.32 x 24.77 cm)",Documentary photographs,In Copyright,"Box 3, Folder 2, Item I/FP/17",ZWU_SCA0228_B03_F02_IFP017,2025-09-19,ZWU_SCA0228_B03_F02_IFP017_001.jpg;ZWU_SCA0228_B03_F02_IFP017_002.jpg
,34937,Image ,"Varsity football players, folder 02, image I/FP/18","Varsity football players, folder 02, image I/FP/18","Black and white photograph. Handwritten on verso, ""Ed Grouse Fall 1940""","Yuen, Shui Kong, 1917-1992",Photographer,"Union College (Schenectady, N.Y.) http://id.worldcat.org/fast/563176","Grouse, Ed",September 1940-November 1940,,"2 pages, 1 photograph : b&w ; 8 x 9.75 in. (20.32 x 24.77 cm)",Documentary photographs,In Copyright,"Box 3, Folder 2, Item I/FP/18",ZWU_SCA0228_B03_F02_IFP018,2025-09-19,ZWU_SCA0228_B03_F02_IFP018_001.jpg;ZWU_SCA0228_B03_F02_IFP018_002.jpg
,34938,Image ,"Individual faculty and staff, folder 03, image I/FS/32","Individual faculty and staff, folder 03, image I/FS/32","Black and white photograph. Handwritten on verso, ""Sylvester? Dean Garis Prof. Bennett Blo Prof. B. Johnson Freshman Camp, 1941""","Yuen, Shui Kong, 1917-1992",Photographer,"Union College (Schenectady, N.Y.) http://id.worldcat.org/fast/563176","Garis, Charles F. F.",1941,,"2 pages, 1 photograph : b&w ; 8 x 9.75 in. (20.32 x 24.77 cm)",Documentary photographs,In Copyright,"Box 3, Folder 3, Item I/FS/32",ZWU_SCA0228_B03_F03_IFS032,2025-09-22,ZWU_SCA0228_B03_F03_IFS032_001.jpg;ZWU_SCA0228_B03_F03_IFS032_002.jpg
,34938,Image ,"Individual faculty and staff, folder 03, image I/FS/33","Individual faculty and staff, folder 03, image I/FS/33","Black and white photograph. Handwritten on verso, ""Professor W. Bennett Freshman Camp, 1941""","Yuen, Shui Kong, 1917-1992",Photographer,"Union College (Schenectady, N.Y.) http://id.worldcat.org/fast/563176",,1941,,"2 pages, 1 photograph : b&w ; 8 x 9.75 in. (20.32 x 24.77 cm)",Documentary photographs,In Copyright,"Box 3, Folder 3, Item I/FS/33",ZWU_SCA0228_B03_F03_IFS033,2025-09-22,ZWU_SCA0228_B03_F03_IFS033_001.jpg;ZWU_SCA0228_B03_F03_IFS033_002.jpg
,34938,Image ,"Individual faculty and staff, folder 03, image I/FS/34","Individual faculty and staff, folder 03, image I/FS/34","Black and white photograph. Handwritten on verso, ""Dr. Glowe and Bob Bartlett Freshman Camp, 1941""","Yuen, Shui Kong, 1917-1992",Photographer,"Union College (Schenectady, N.Y.) http://id.worldcat.org/fast/563176","Bartlett, Bob",1941,,"2 pages, 1 photograph : b&w ; 8 x 9.75 in. (20.32 x 24.77 cm)",Documentary photographs,In Copyright,"Box 3, Folder 3, Item I/FS/34",ZWU_SCA0228_B03_F03_IFS034,2025-09-22,ZWU_SCA0228_B03_F03_IFS034_001.jpg;ZWU_SCA0228_B03_F03_IFS034_002.jpg
,34938,Image ,"Individual faculty and staff, folder 03, image I/FS/35","Individual faculty and staff, folder 03, image I/FS/35","Black and white photograph. Handwritten on verso, ""Ed. Fitz and ? September 9, 1941""","Yuen, Shui Kong, 1917-1992",Photographer,"Union College (Schenectady, N.Y.) http://id.worldcat.org/fast/563176","Fitz, Ed",,1941-09-09,"2 pages, 1 photograph : b&w ; 8 x 9.75 in. (20.32 x 24.77 cm)",Documentary photographs,In Copyright,"Box 3, Folder 3, Item I/FS/35",ZWU_SCA0228_B03_F03_IFS035,2025-09-22,ZWU_SCA0228_B03_F03_IFS035_001.jpg;ZWU_SCA0228_B03_F03_IFS035_002.jpg
,34938,Image ,"Individual faculty and staff, folder 03, image I/FS/36","Individual faculty and staff, folder 03, image I/FS/36","Black and white photograph. Handwritten on verso, ""Prof. Gus Fox Freshman Camp, 1941""","Yuen, Shui Kong, 1917-1992",Photographer,"Union College (Schenectady, N.Y.) http://id.worldcat.org/fast/563176","Fox, Gus",1941,,"2 pages, 1 photograph : b&w ; 8 x 9.75 in. (20.32 x 24.77 cm)",Documentary photographs,In Copyright,"Box 3, Folder 3, Item I/FS/36",ZWU_SCA0228_B03_F03_IFS036,2025-09-22,ZWU_SCA0228_B03_F03_IFS036_001.jpg;ZWU_SCA0228_B03_F03_IFS036_002.jpg
,34938,Image ,"Individual faculty and staff, folder 03, image I/FS/37","Individual faculty and staff, folder 03, image I/FS/37","Black and white photograph. Handwritten on verso, ""The Bill Ketz's (Mr. + Mrs. Bill Ketz + daughter) Spring 1941""","Yuen, Shui Kong, 1917-1992",Photographer,"Union College (Schenectady, N.Y.) http://id.worldcat.org/fast/563176","Ketz, Wilford, 1906-1991",March 1941-May 1941,,"2 pages, 1 photograph : b&w ; 8 x 9.75 in. (20.32 x 24.77 cm)",Documentary photographs,In Copyright,"Box 3, Folder 3, Item I/FS/37",ZWU_SCA0228_B03_F03_IFS037,2025-09-22,ZWU_SCA0228_B03_F03_IFS037_001.jpg;ZWU_SCA0228_B03_F03_IFS037_002.jpg
,34938,Image ,"Individual faculty and staff, folder 03, image I/FS/38","Individual faculty and staff, folder 03, image I/FS/38","Black and white photograph. Handwritten on verso, ""Bill Ketz + Bob Mather Freshman Camp, 1941""","Yuen, Shui Kong, 1917-1992",Photographer,"Union College (Schenectady, N.Y.) http://id.worldcat.org/fast/563176","Ketz, Wilford, 1906-1991",1941,,"2 pages, 1 photograph : b&w ; 8 x 9.75 in. (20.32 x 24.77 cm)",Documentary photographs,In Copyright,"Box 3, Folder 3, Item I/FS/38",ZWU_SCA0228_B03_F03_IFS038,2025-09-22,ZWU_SCA0228_B03_F03_IFS038_001.jpg;ZWU_SCA0228_B03_F03_IFS038_002.jpg
,34938,Image ,"Individual faculty and staff, folder 03, image I/FS/39","Individual faculty and staff, folder 03, image I/FS/39","Black and white photograph. Handwritten on verso, ""Bill Ketz + Freshman Camp, 1941""","Yuen, Shui Kong, 1917-1992",Photographer,"Union College (Schenectady, N.Y.) http://id.worldcat.org/fast/563176","Ketz, Wilford, 1906-1991",1941,,"2 pages, 1 photograph : b&w ; 8 x 9.75 in. (20.32 x 24.77 cm)",Documentary photographs,In Copyright,"Box 3, Folder 3, Item I/FS/39",ZWU_SCA0228_B03_F03_IFS039,2025-09-22,ZWU_SCA0228_B03_F03_IFS039_001.jpg;ZWU_SCA0228_B03_F03_IFS039_002.jpg
,34938,Image ,"Individual faculty and staff, folder 03, image I/FS/40","Individual faculty and staff, folder 03, image I/FS/40","Black and white photograph. Handwritten on verso, ""Anna Law December, 1941""","Yuen, Shui Kong, 1917-1992",Photographer,"Union College (Schenectady, N.Y.) http://id.worldcat.org/fast/563176","Law, Anna",,1941-12-01,"2 pages, 1 photograph : b&w ; 8 x 9.75 in. (20.32 x 24.77 cm)",Documentary photographs,In Copyright,"Box 3, Folder 3, Item I/FS/40",ZWU_SCA0228_B03_F03_IFS040,2025-09-22,ZWU_SCA0228_B03_F03_IFS040_001.jpg;ZWU_SCA0228_B03_F03_IFS040_002.jpg
,34938,Image ,"Individual faculty and staff, folder 03, image I/FS/42","Individual faculty and staff, folder 03, image I/FS/42","Black and white photograph. Handwritten on verso, ""Charlie Male Band Concert Alumni Day May 9, 1942""","Yuen, Shui Kong, 1917-1992",Photographer,"Union College (Schenectady, N.Y.) http://id.worldcat.org/fast/563176","Male, Charlie",,1942-05-09,"2 pages, 1 photograph : b&w ; 8 x 9.75 in. (20.32 x 24.77 cm)",Documentary photographs,In Copyright,"Box 3, Folder 3, Item I/FS/42",ZWU_SCA0228_B03_F03_IFS042,2025-09-22,ZWU_SCA0228_B03_F03_IFS042_001.jpg;ZWU_SCA0228_B03_F03_IFS042_002.jpg
,34938,Image ,"Individual faculty and staff, folder 03, image I/FS/43","Individual faculty and staff, folder 03, image I/FS/43","Black and white photograph. Handwritten on verso, ""Fred Park 1941-(2 ?)""","Yuen, Shui Kong, 1917-1992",Photographer,"Union College (Schenectady, N.Y.) http://id.worldcat.org/fast/563176","Park, Fred",,,"2 pages, 1 photograph : b&w ; 8 x 9.75 in. (20.32 x 24.77 cm)",Documentary photographs,In Copyright,"Box 3, Folder 3, Item I/FS/43",ZWU_SCA0228_B03_F03_IFS043,2025-09-22,ZWU_SCA0228_B03_F03_IFS043_001.jpg;ZWU_SCA0228_B03_F03_IFS043_002.jpg
,34938,Image ,"Individual faculty and staff, folder 03, image I/FS/45","Individual faculty and staff, folder 03, image I/FS/45","Black and white photograph. Handwritten on verso, ""Ralph Samerad 194?""","Yuen, Shui Kong, 1917-1992",Photographer,"Union College (Schenectady, N.Y.) http://id.worldcat.org/fast/563176","Samerad, Ralph",,,"2 pages, 1 photograph : b&w ; 8 x 9.75 in. (20.32 x 24.77 cm)",Documentary photographs,In Copyright,"Box 3, Folder 3, Item I/FS/45",ZWU_SCA0228_B03_F03_IFS045,2025-09-22,ZWU_SCA0228_B03_F03_IFS045_001.jpg;ZWU_SCA0228_B03_F03_IFS045_002.jpg
,34938,Image ,"Individual faculty and staff, folder 03, image I/FS/46","Individual faculty and staff, folder 03, image I/FS/46","Black and white photograph. Handwritten on verso, ""Prof. Bob Stanley Freshman Camp, 1941""","Yuen, Shui Kong, 1917-1992",Photographer,"Union College (Schenectady, N.Y.) http://id.worldcat.org/fast/563176","Stanley, Bob",1941,,"2 pages, 1 photograph : b&w ; 8 x 9.75 in. (20.32 x 24.77 cm)",Documentary photographs,In Copyright,"Box 3, Folder 3, Item I/FS/46",ZWU_SCA0228_B03_F03_IFS046,2025-09-22,ZWU_SCA0228_B03_F03_IFS046_001.jpg;ZWU_SCA0228_B03_F03_IFS046_002.jpg
,34938,Image ,"Individual faculty and staff, folder 03, image I/FS/47","Individual faculty and staff, folder 03, image I/FS/47","Black and white photograph. Handwritten on verso, ""Mrs. D.R. Weeks 1941 - 42?""","Yuen, Shui Kong, 1917-1992",Photographer,"Union College (Schenectady, N.Y.) http://id.worldcat.org/fast/563176",,,,"2 pages, 1 photograph : b&w ; 8 x 9.75 in. (20.32 x 24.77 cm)",Documentary photographs,In Copyright,"Box 3, Folder 3, Item I/FS/47",ZWU_SCA0228_B03_F03_IFS047,2025-09-22,ZWU_SCA0228_B03_F03_IFS047_001.jpg;ZWU_SCA0228_B03_F03_IFS047_002.jpg
,34938,Image ,"Individual faculty and staff, folder 03, image I/FS/48","Individual faculty and staff, folder 03, image I/FS/48","Black and white photograph. Handwritten on verso, ""Professor Benjamin Whitaker + daughters Freshman Camp, 1941""","Yuen, Shui Kong, 1917-1992",Photographer,"Union College (Schenectady, N.Y.) http://id.worldcat.org/fast/563176","Whitaker, Benjamin",1941,,"2 pages, 1 photograph : b&w ; 8 x 9.75 in. (20.32 x 24.77 cm)",Documentary photographs,In Copyright,"Box 3, Folder 3, Item I/FS/48",ZWU_SCA0228_B03_F03_IFS048,2025-09-22,ZWU_SCA0228_B03_F03_IFS048_001.jpg;ZWU_SCA0228_B03_F03_IFS048_002.jpg
,34938,Image ,"Individual faculty and staff, folder 03, image I/FS/50","Individual faculty and staff, folder 03, image I/FS/50","Black and white photograph. Handwritten on verso, ""Hal Wittmer Union - Haverford game September 1940""","Yuen, Shui Kong, 1917-1992",Photographer,"Union College (Schenectady, N.Y.) http://id.worldcat.org/fast/563176","Wittner, John Harold",,1940-09-01,"2 pages, 1 photograph : b&w ; 8 x 9.75 in. (20.32 x 24.77 cm)",Documentary photographs,In Copyright,"Box 3, Folder 3, Item I/FS/50",ZWU_SCA0228_B03_F03_IFS050,2025-09-22,ZWU_SCA0228_B03_F03_IFS050_001.jpg;ZWU_SCA0228_B03_F03_IFS050_002.jpg
,34938,Image ,"Individual faculty and staff, folder 03, image I/FS/51","Individual faculty and staff, folder 03, image I/FS/51","Black and white photograph. Handwritten on verso, ""Fred. Wyatt Freshman Campn, 1941""","Yuen, Shui Kong, 1917-1992",Photographer,"Union College (Schenectady, N.Y.) http://id.worldcat.org/fast/563176","Wyatt, Fred",1941,,"2 pages, 1 photograph : b&w ; 8 x 9.75 in. (20.32 x 24.77 cm)",Documentary photographs,In Copyright,"Box 3, Folder 3, Item I/FS/51",ZWU_SCA0228_B03_F03_IFS051,2025-09-22,ZWU_SCA0228_B03_F03_IFS051_001.jpg;ZWU_SCA0228_B03_F03_IFS051_002.jpg
,34939,Image ,"Individual students, folder 04, image I/S/66","Individual students, folder 04, image I/S/66","Black and white photograph. Handwritten on verso, ""Cheer Leaders Fall 1940""","Yuen, Shui Kong, 1917-1992",Photographer,"Union College (Schenectady, N.Y.) http://id.worldcat.org/fast/563176",,September 1940-November 1940,,"2 pages, 1 photograph : b&w ; 8 x 9.75 in. (20.32 x 24.77 cm)",Documentary photographs,In Copyright,"Box 3, Folder 4, Item I/S/66",ZWU_SCA0228_B03_F04_IS066,2025-09-23,ZWU_SCA0228_B03_F04_IS066_001.jpg;ZWU_SCA0228_B03_F04_IS066_002.jpg
,34939,Image ,"Individual students, folder 04, image I/S/67","Individual students, folder 04, image I/S/67","Black and white photograph. Handwritten on verso, """"Bud"" Green 1941""","Yuen, Shui Kong, 1917-1992",Photographer,"Union College (Schenectady, N.Y.) http://id.worldcat.org/fast/563176","Green, Bud",1941,,"2 pages, 1 photograph : b&w ; 8 x 9.75 in. (20.32 x 24.77 cm)",Documentary photographs,In Copyright,"Box 3, Folder 4, Item I/S/67",ZWU_SCA0228_B03_F04_IS067,2025-09-23,ZWU_SCA0228_B03_F04_IS067_001.jpg;ZWU_SCA0228_B03_F04_IS067_002.jpg
,34939,Image ,"Individual students, folder 04, image I/S/68","Individual students, folder 04, image I/S/68","Black and white photograph. Handwritten on verso, ""Hutchin 1941""","Yuen, Shui Kong, 1917-1992",Photographer,"Union College (Schenectady, N.Y.) http://id.worldcat.org/fast/563176",,1941,,"2 pages, 1 photograph : b&w ; 8 x 9.75 in. (20.32 x 24.77 cm)",Documentary photographs,In Copyright,"Box 3, Folder 4, Item I/S/68",ZWU_SCA0228_B03_F04_IS068,2025-09-23,ZWU_SCA0228_B03_F04_IS068_001.jpg;ZWU_SCA0228_B03_F04_IS068_002.jpg
,34939,Image ,"Individual students, folder 04, image I/S/69","Individual students, folder 04, image I/S/69","Black and white photograph. Handwritten on verso, ""Marshal 1941""","Yuen, Shui Kong, 1917-1992",Photographer,"Union College (Schenectady, N.Y.) http://id.worldcat.org/fast/563176",,1941,,"2 pages, 1 photograph : b&w ; 8 x 9.75 in. (20.32 x 24.77 cm)",Documentary photographs,In Copyright,"Box 3, Folder 4, Item I/S/69",ZWU_SCA0228_B03_F04_IS069,2025-09-23,ZWU_SCA0228_B03_F04_IS069_001.jpg;ZWU_SCA0228_B03_F04_IS069_002.jpg
,34939,Image ,"Individual students, folder 04, image I/S/70","Individual students, folder 04, image I/S/70","Black and white photograph. Handwritten on verso, ""Bob Mather 1941""","Yuen, Shui Kong, 1917-1992",Photographer,"Union College (Schenectady, N.Y.) http://id.worldcat.org/fast/563176","Mather, Bob",1941,,"2 pages, 1 photograph : b&w ; 8 x 9.75 in. (20.32 x 24.77 cm)",Documentary photographs,In Copyright,"Box 3, Folder 4, Item I/S/70",ZWU_SCA0228_B03_F04_IS070,2025-09-23,ZWU_SCA0228_B03_F04_IS070_001.jpg;ZWU_SCA0228_B03_F04_IS070_002.jpg
,34939,Image ,"Individual students, folder 04, image I/S/71","Individual students, folder 04, image I/S/71","Black and white photograph. Handwritten on verso, ""Shui Kong ""Mac"" Yuen (Self-Portrait) 7 North Section north College November, 1940""","Yuen, Shui Kong, 1917-1992",Photographer,"Union College (Schenectady, N.Y.) http://id.worldcat.org/fast/563176","Yuen, Shui Kong, 1917-1992",,1940-11-01,"2 pages, 1 photograph : b&w ; 8 x 9.75 in. (20.32 x 24.77 cm)",Documentary photographs,In Copyright,"Box 3, Folder 4, Item I/S/71",ZWU_SCA0228_B03_F04_IS071,2025-09-23,ZWU_SCA0228_B03_F04_IS071_001.jpg;ZWU_SCA0228_B03_F04_IS071_002.jpg
,34939,Image ,"Individual students, folder 04, image I/S/72","Individual students, folder 04, image I/S/72","Black and white photograph. Handwritten on verso, ""Shui Kong ""Mac"" Yuen (Self Portrait) Δɸ House May 1942""","Yuen, Shui Kong, 1917-1992",Photographer,"Union College (Schenectady, N.Y.) http://id.worldcat.org/fast/563176","Yuen, Shui Kong, 1917-1992",,1942-05-01,"2 pages, 1 photograph : b&w ; 8 x 9.75 in. (20.32 x 24.77 cm)",Documentary photographs,In Copyright,"Box 3, Folder 4, Item I/S/72",ZWU_SCA0228_B03_F04_IS072,2025-09-23,ZWU_SCA0228_B03_F04_IS072_001.jpg;ZWU_SCA0228_B03_F04_IS072_002.jpg
,34939,Image ,"Individual students, folder 04, image I/S/73","Individual students, folder 04, image I/S/73","Black and white photograph. Handwritten on verso, ""Shui Kong ""Mac"" Yuen 1941-1942 (Photographer unknown - taken for the IDOL?)""",Unknown,Photographer,"Union College (Schenectady, N.Y.) http://id.worldcat.org/fast/563176","Yuen, Shui Kong, 1917-1992",,,"2 pages, 1 photograph : b&w ; 8 x 9.75 in. (20.32 x 24.77 cm)",Documentary photographs,In Copyright,"Box 3, Folder 4, Item I/S/73",ZWU_SCA0228_B03_F04_IS073,2025-09-23,ZWU_SCA0228_B03_F04_IS073_001.jpg;ZWU_SCA0228_B03_F04_IS073_002.jpg
,34939,Image ,"Individual students, folder 04, image I/S/74","Individual students, folder 04, image I/S/74","Black and white photograph. Handwritten on verso, ""Joseph Jaycox (Cheerleader)""","Yuen, Shui Kong, 1917-1992",Photographer,"Union College (Schenectady, N.Y.) http://id.worldcat.org/fast/563176","Jaycox, Joseph",,,"2 pages, 1 photograph : b&w ; 8 x 9.75 in. (20.32 x 24.77 cm)",Documentary photographs,In Copyright,"Box 3, Folder 4, Item I/S/74",ZWU_SCA0228_B03_F04_IS074,2025-09-23,ZWU_SCA0228_B03_F04_IS074_001.jpg;ZWU_SCA0228_B03_F04_IS074_002.jpg
,34939,Image ,"Individual students, folder 04, image I/S/75","Individual students, folder 04, image I/S/75","Black and white photograph. Handwritten on verso, ""Joseph Jaycox and ? (Cheerleaders)""","Yuen, Shui Kong, 1917-1992",Photographer,"Union College (Schenectady, N.Y.) http://id.worldcat.org/fast/563176","Jaycox, Joseph",,,"2 pages, 1 photograph : b&w ; 8 x 9.75 in. (20.32 x 24.77 cm)",Documentary photographs,In Copyright,"Box 3, Folder 4, Item I/S/75",ZWU_SCA0228_B03_F04_IS075,2025-09-23,ZWU_SCA0228_B03_F04_IS075_001.jpg;ZWU_SCA0228_B03_F04_IS075_002.jpg
,34939,Image ,"Individual students, folder 04, image I/S/76","Individual students, folder 04, image I/S/76","Black and white photograph. Handwritten on verso, ""? Exchange student from St. Andrew""","Yuen, Shui Kong, 1917-1992",Photographer,"Union College (Schenectady, N.Y.) http://id.worldcat.org/fast/563176",,,,"2 pages, 1 photograph : b&w ; 8 x 9.75 in. (20.32 x 24.77 cm)",Documentary photographs,In Copyright,"Box 3, Folder 4, Item I/S/76",ZWU_SCA0228_B03_F04_IS076,2025-09-23,ZWU_SCA0228_B03_F04_IS076_001.jpg;ZWU_SCA0228_B03_F04_IS076_002.jpg
,34939,Image ,"Individual students, folder 04, image I/S/77","Individual students, folder 04, image I/S/77","Black and white photograph. Handwritten on verso, ""Clarence M'Cain (1940-41 Chairman of the IDOL)""","Yuen, Shui Kong, 1917-1992",Photographer,"Union College (Schenectady, N.Y.) http://id.worldcat.org/fast/563176","Color photograph. Type written on verso, ""President & Mrs. Davidson's Trip to Hong Kong (""^ in Jan. 1961."" handwritten addition). Mr. & Mrs. Shui Kong Yuen entertainrf them with a dinner party. The other couple is the manager & wife of the manager of The American Express's Hong Kong Office. He is also a graduate of Union College. Unfortunately, I forgot his name. President Davidson resigned from Union College about a year later.""",,,"2 pages, 1 photograph : b&w ; 8 x 9.75 in. (20.32 x 24.77 cm)",Documentary photographs,In Copyright,"Box 3, Folder 4, Item I/S/77",ZWU_SCA0228_B03_F04_IS077,2025-09-23,ZWU_SCA0228_B03_F04_IS077_001.jpg;ZWU_SCA0228_B03_F04_IS077_002.jpg
,34939,Image ,"Individual students, folder 04, image I/S/78","Individual students, folder 04, image I/S/78","Black and white photograph. Handwritten on verso, ""Thomas Ralston '40""","Yuen, Shui Kong, 1917-1992",Photographer,"Union College (Schenectady, N.Y.) http://id.worldcat.org/fast/563176","Ralston, Thomas",,,"2 pages, 1 photograph : b&w ; 8 x 9.75 in. (20.32 x 24.77 cm)",Documentary photographs,In Copyright,"Box 3, Folder 4, Item I/S/78",ZWU_SCA0228_B03_F04_IS078,2025-09-23,ZWU_SCA0228_B03_F04_IS078_001.jpg;ZWU_SCA0228_B03_F04_IS078_002.jpg
,34939,Image ,"Individual students, folder 04, image I/S/79","Individual students, folder 04, image I/S/79","Black and white photograph. Handwritten on verso, ""Lawrence Palletier '40""","Yuen, Shui Kong, 1917-1992",Photographer,"Union College (Schenectady, N.Y.) http://id.worldcat.org/fast/563176","Pelletier, Lawrence Vincent, Jr",,,"2 pages, 1 photograph : b&w ; 8 x 9.75 in. (20.32 x 24.77 cm)",Documentary photographs,In Copyright,"Box 3, Folder 4, Item I/S/79",ZWU_SCA0228_B03_F04_IS079,2025-09-23,ZWU_SCA0228_B03_F04_IS079_001.jpg;ZWU_SCA0228_B03_F04_IS079_002.jpg
,34940,Image ,"Guests of honor, folder 05, image I/GH/10","Guests of honor, folder 05, image I/GH/10","Black and white photograph. Handwritten on verso, ""DR. HARRY C. YOUNG '84 Alumni Day June 7, 1941""","Yuen, Shui Kong, 1917-1992",Photographer,"Union College (Schenectady, N.Y.) http://id.worldcat.org/fast/563176","Young, Harry C.",,1941-06-07,"2 pages, 1 photograph : b&w ; 8 x 9.75 in. (20.32 x 24.77 cm)",Documentary photographs,In Copyright,"Box 3, Folder 5, Item I/GH/10",ZWU_SCA0228_B03_F05_IGH010,2025-09-23,ZWU_SCA0228_B03_F05_IGH010_001.jpg;ZWU_SCA0228_B03_F05_IGH010_002.jpg
,34940,Image ,"Guests of honor, folder 05, image I/GH/11","Guests of honor, folder 05, image I/GH/11","Black and white photograph. Handwritten on verso, ""President Dixon Ryan Fox Mr. Walter C. Baker, Chairman Board of Trustees Mrs. Fox + Mr. Allen H. Jackson '86 Alumni Day June 7, 1941""","Yuen, Shui Kong, 1917-1992",Photographer,"Union College (Schenectady, N.Y.) http://id.worldcat.org/fast/563176","Fox, Dixon Ryan, 1887-1945; Baker, Walter C.; Jackson, Allen H.",,1941-06-07,"2 pages, 1 photograph : b&w ; 8 x 9.75 in. (20.32 x 24.77 cm)",Documentary photographs,In Copyright,"Box 3, Folder 5, Item I/GH/11",ZWU_SCA0228_B03_F05_IGH011,2025-09-23,ZWU_SCA0228_B03_F05_IGH011_001.jpg;ZWU_SCA0228_B03_F05_IGH011_002.jpg
,34940,Image ,"Guests of honor, folder 05, image I/GH/12","Guests of honor, folder 05, image I/GH/12","Black and white photograph. Handwritten on verso, ""Frank Bailey, Treasurer, greets a member of the Class of 1889. (So he Dr, Harry C. Young?) Although no data is available, the occasion could be at the Sesqui-centennial. this picture was most likely taken in 1945.""","Yuen, Shui Kong, 1917-1992",Photographer,"Union College (Schenectady, N.Y.) http://id.worldcat.org/fast/563176","Bailey, Frank; Young, Harry C.",1945,,"2 pages, 1 photograph : b&w ; 8 x 9.75 in. (20.32 x 24.77 cm)",Documentary photographs,In Copyright,"Box 3, Folder 5, Item I/GH/12",ZWU_SCA0228_B03_F05_IGH012,2025-09-23,ZWU_SCA0228_B03_F05_IGH012_001.jpg;ZWU_SCA0228_B03_F05_IGH012_002.jpg
,34940,Image ,"Guests of honor, folder 05, image I/GH/13","Guests of honor, folder 05, image I/GH/13","Black and white photograph. Handwritten on verso, ""Frank Bailey (dark suit) Alumni Luncheon June 2, 1945""","Yuen, Shui Kong, 1917-1992",Photographer,"Union College (Schenectady, N.Y.) http://id.worldcat.org/fast/563176","Bailey, Frank",,1945-06-02,"2 pages, 1 photograph : b&w ; 8 x 9.75 in. (20.32 x 24.77 cm)",Documentary photographs,In Copyright,"Box 3, Folder 5, Item I/GH/13",ZWU_SCA0228_B03_F05_IGH013,2025-09-23,ZWU_SCA0228_B03_F05_IGH013_001.jpg;ZWU_SCA0228_B03_F05_IGH013_002.jpg
,34941,Image ,"Thanksgiving Dinner 1943, folder 06, image I/HHS/1 ","Thanksgiving Dinner 1943, folder 06, image I/HHS/1 ","Black and white photograph. Handwritten on verso, ""Hale House Kitchen Staff Thanksgiving Dinner, 1943""","Yuen, Shui Kong, 1917-1992",Photographer,"Union College (Schenectady, N.Y.) http://id.worldcat.org/fast/563176",,1943,,"2 pages, 1 photograph : b&w ; 8 x 9.75 in. (20.32 x 24.77 cm)",Documentary photographs,In Copyright,"Box 3, Folder 6, Item I/HHS/1",ZWU_SCA0228_B03_F06_IHHS001,2025-09-23,ZWU_SCA0228_B03_F06_IHHS001_001.jpg;ZWU_SCA0228_B03_F06_IHHS001_002.jpg
,34942,Image ,"Individual students, folder 07, image I/S/51","Individual students, folder 07, image I/S/51","Black and white photograph. Handwritten on verso, ""Ed. L. Allen""","Yuen, Shui Kong, 1917-1992",Photographer,"Union College (Schenectady, N.Y.) http://id.worldcat.org/fast/563176","Allen, Ed L.",,,"2 pages, 1 photograph : b&w ; 8 x 9.75 in. (20.32 x 24.77 cm)",Documentary photographs,In Copyright,"Box 3, Folder 7, Item I/S/51",ZWU_SCA0228_B03_F07_IS051,2025-09-23,ZWU_SCA0228_B03_F07_IS051_001.jpg;ZWU_SCA0228_B03_F07_IS051_002.jpg
,34942,Image ,"Individual students, folder 07, image I/S/52","Individual students, folder 07, image I/S/52","Black and white photograph. Handwritten on verso, ""Dick Balch April 3, 1941 Johns Hopkins U. Baltimore, Md""","Yuen, Shui Kong, 1917-1992",Photographer,"Union College (Schenectady, N.Y.) http://id.worldcat.org/fast/563176","Balch, Dick",,1941-04-03,"2 pages, 1 photograph : b&w ; 8 x 9.75 in. (20.32 x 24.77 cm)",Documentary photographs,In Copyright,"Box 3, Folder 7, Item I/S/52",ZWU_SCA0228_B03_F07_IS052,2025-09-23,ZWU_SCA0228_B03_F07_IS052_001.jpg;ZWU_SCA0228_B03_F07_IS052_002.jpg
,34942,Image ,"Individual students, folder 07, image I/S/53","Individual students, folder 07, image I/S/53","Black and white photograph. Handwritten on verso, ""Frank CHEZ W47A Studio, Schenectady July 8, 1942""","Yuen, Shui Kong, 1917-1992",Photographer,"Union College (Schenectady, N.Y.) http://id.worldcat.org/fast/563176","Chez, Frank",,1942-07-08,"2 pages, 1 photograph : b&w ; 8 x 9.75 in. (20.32 x 24.77 cm)",Documentary photographs,In Copyright,"Box 3, Folder 7, Item I/S/53",ZWU_SCA0228_B03_F07_IS053,2025-09-23,ZWU_SCA0228_B03_F07_IS053_001.jpg;ZWU_SCA0228_B03_F07_IS053_002.jpg
,34942,Image ,"Individual students, folder 07, image I/S/54","Individual students, folder 07, image I/S/54","Black and white photograph. Handwritten on verso, ""Jack Gilbert April 3, 1941 Baltimore, Md""","Yuen, Shui Kong, 1917-1992",Photographer,"Union College (Schenectady, N.Y.) http://id.worldcat.org/fast/563176","Gilbert, Jack",,1941-04-03,"2 pages, 1 photograph : b&w ; 8 x 9.75 in. (20.32 x 24.77 cm)",Documentary photographs,In Copyright,"Box 3, Folder 7, Item I/S/54",ZWU_SCA0228_B03_F07_IS054,2025-09-23,ZWU_SCA0228_B03_F07_IS054_001.jpg;ZWU_SCA0228_B03_F07_IS054_002.jpg
,34942,Image ,"Individual students, folder 07, image I/S/55","Individual students, folder 07, image I/S/55","Black and white photograph. Handwritten on verso, ""Bud Green November, 1941""","Yuen, Shui Kong, 1917-1992",Photographer,"Union College (Schenectady, N.Y.) http://id.worldcat.org/fast/563176","Green, Bud",,1941-11-01,"2 pages, 1 photograph : b&w ; 8 x 9.75 in. (20.32 x 24.77 cm)",Documentary photographs,In Copyright,"Box 3, Folder 7, Item I/S/55",ZWU_SCA0228_B03_F07_IS055,2025-09-23,ZWU_SCA0228_B03_F07_IS055_001.jpg;ZWU_SCA0228_B03_F07_IS055_002.jpg
,34942,Image ,"Individual students, folder 07, image I/S/56","Individual students, folder 07, image I/S/56","Black and white photograph. Handwritten on verso, ""Dick Griffith April 9, 1941""","Yuen, Shui Kong, 1917-1992",Photographer,"Union College (Schenectady, N.Y.) http://id.worldcat.org/fast/563176","Griffith, Dick",,1941-04-09,"2 pages, 1 photograph : b&w ; 8 x 9.75 in. (20.32 x 24.77 cm)",Documentary photographs,In Copyright,"Box 3, Folder 7, Item I/S/56",ZWU_SCA0228_B03_F07_IS056,2025-09-23,ZWU_SCA0228_B03_F07_IS056_001.jpg;ZWU_SCA0228_B03_F07_IS056_002.jpg
,34942,Image ,"Individual students, folder 07, image I/S/57","Individual students, folder 07, image I/S/57","Black and white photograph. Handwritten on verso, ""Douglas Holmes April 3, 1941 Baltimore, Md.""","Yuen, Shui Kong, 1917-1992",Photographer,"Union College (Schenectady, N.Y.) http://id.worldcat.org/fast/563176","Holmes, Douglas",,1941-04-03,"2 pages, 1 photograph : b&w ; 8 x 9.75 in. (20.32 x 24.77 cm)",Documentary photographs,In Copyright,"Box 3, Folder 7, Item I/S/57",ZWU_SCA0228_B03_F07_IS057,2025-09-23,ZWU_SCA0228_B03_F07_IS057_001.jpg;ZWU_SCA0228_B03_F07_IS057_002.jpg
,34942,Image ,"Individual students, folder 07, image I/S/58","Individual students, folder 07, image I/S/58","Black and white photograph. Handwritten on verso, ""Alfred Knopf, Jr. Editor of the IDOL December, 1941""","Yuen, Shui Kong, 1917-1992",Photographer,"Union College (Schenectady, N.Y.) http://id.worldcat.org/fast/563176","Knopf, Alfred A., Jr., 1918-2009",,1941-12-01,"2 pages, 1 photograph : b&w ; 8 x 9.75 in. (20.32 x 24.77 cm)",Documentary photographs,In Copyright,"Box 3, Folder 7, Item I/S/58",ZWU_SCA0228_B03_F07_IS058,2025-09-23,ZWU_SCA0228_B03_F07_IS058_001.jpg;ZWU_SCA0228_B03_F07_IS058_002.jpg
,34942,Image ,"Individual students, folder 07, image I/S/60","Individual students, folder 07, image I/S/60","Black and white photograph. Handwritten on verso, ""Robert W. Nothacker Spring 1941""","Yuen, Shui Kong, 1917-1992",Photographer,"Union College (Schenectady, N.Y.) http://id.worldcat.org/fast/563176","Nothacker, Robert W.",March 1941-May 1941,,"2 pages, 1 photograph : b&w ; 8 x 9.75 in. (20.32 x 24.77 cm)",Documentary photographs,In Copyright,"Box 3, Folder 7, Item I/S/60",ZWU_SCA0228_B03_F07_IS060,2025-09-23,ZWU_SCA0228_B03_F07_IS060_001.jpg;ZWU_SCA0228_B03_F07_IS060_002.jpg
,34942,Image ,"Individual students, folder 07, image I/S/61","Individual students, folder 07, image I/S/61","Black and white photograph. Handwritten on verso, ""Joe Paul + Ed. Ward Fall 1940""","Yuen, Shui Kong, 1917-1992",Photographer,"Union College (Schenectady, N.Y.) http://id.worldcat.org/fast/563176","Paul, Joe; Ward, Edward",September 1940-November 1940,,"2 pages, 1 photograph : b&w ; 8 x 9.75 in. (20.32 x 24.77 cm)",Documentary photographs,In Copyright,"Box 3, Folder 7, Item I/S/61",ZWU_SCA0228_B03_F07_IS061,2025-09-23,ZWU_SCA0228_B03_F07_IS061_001.jpg;ZWU_SCA0228_B03_F07_IS061_002.jpg
,34942,Image ,"Individual students, folder 07, image I/S/62","Individual students, folder 07, image I/S/62","Black and white photograph. Handwritten on verso, ""Cliff Platt""","Yuen, Shui Kong, 1917-1992",Photographer,"Union College (Schenectady, N.Y.) http://id.worldcat.org/fast/563176","Platt, Cliff",,,"2 pages, 1 photograph : b&w ; 8 x 9.75 in. (20.32 x 24.77 cm)",Documentary photographs,In Copyright,"Box 3, Folder 7, Item I/S/62",ZWU_SCA0228_B03_F07_IS062,2025-09-23,ZWU_SCA0228_B03_F07_IS062_001.jpg;ZWU_SCA0228_B03_F07_IS062_002.jpg
,34942,Image ,"Individual students, folder 07, image I/S/63","Individual students, folder 07, image I/S/63","Black and white photograph. Handwritten on verso, ""John Pelletier August 27, 1943""","Yuen, Shui Kong, 1917-1992",Photographer,"Union College (Schenectady, N.Y.) http://id.worldcat.org/fast/563176","Pelletier, John",,1943-08-27,"2 pages, 1 photograph : b&w ; 8 x 9.75 in. (20.32 x 24.77 cm)",Documentary photographs,In Copyright,"Box 3, Folder 7, Item I/S/63",ZWU_SCA0228_B03_F07_IS063,2025-09-23,ZWU_SCA0228_B03_F07_IS063_001.jpg;ZWU_SCA0228_B03_F07_IS063_002.jpg
,34942,Image ,"Individual students, folder 07, image I/S/64","Individual students, folder 07, image I/S/64","Black and white photograph. Handwritten on verso, ""John Pelletier (seated) Aug. 27, 1943""","Yuen, Shui Kong, 1917-1992",Photographer,"Union College (Schenectady, N.Y.) http://id.worldcat.org/fast/563176","Pelletier, John",,1943-08-27,"2 pages, 1 photograph : b&w ; 8 x 9.75 in. (20.32 x 24.77 cm)",Documentary photographs,In Copyright,"Box 3, Folder 7, Item I/S/64",ZWU_SCA0228_B03_F07_IS064,2025-09-23,ZWU_SCA0228_B03_F07_IS064_001.jpg;ZWU_SCA0228_B03_F07_IS064_002.jpg
,34942,Image ,"Individual students, folder 07, image I/S/65","Individual students, folder 07, image I/S/65","Black and white photograph. Handwritten on verso, ""Bill Taylor May 9, 1942""","Yuen, Shui Kong, 1917-1992",Photographer,"Union College (Schenectady, N.Y.) http://id.worldcat.org/fast/563176","Taylor, Willard H.",,1942-05-09,"2 pages, 1 photograph : b&w ; 8 x 9.75 in. (20.32 x 24.77 cm)",Documentary photographs,In Copyright,"Box 3, Folder 7, Item I/S/65",ZWU_SCA0228_B03_F07_IS065,2025-09-23,ZWU_SCA0228_B03_F07_IS065_001.jpg;ZWU_SCA0228_B03_F07_IS065_002.jpg
,34943,Image ,"Individual students, folder 08, image I/S/F/94","Individual students, folder 08, image I/S/F/94","Black and white photograph. Handwritten on verso, ""At the football game Fall, 1939""","Yuen, Shui Kong, 1917-1992",Photographer,"Union College (Schenectady, N.Y.) http://id.worldcat.org/fast/563176",,September 1939-November 1939,,"2 pages, 1 photograph : b&w ; 8 x 9.75 in. (20.32 x 24.77 cm)",Documentary photographs,In Copyright,"Box 3, Folder 8, Item I/S/F/94",ZWU_SCA0228_B03_F08_ISF094,2025-09-23,ZWU_SCA0228_B03_F08_ISF094_001.jpg;ZWU_SCA0228_B03_F08_ISF094_002.jpg
,34943,Image ,"Individual students, folder 08, image I/S/F/95","Individual students, folder 08, image I/S/F/95","Black and white photograph. Handwritten on verso, ""x Lee Sherman, Nel Nitchman + Sam Hamstrong x Union - Williams November 22nd, 1940""","Yuen, Shui Kong, 1917-1992",Photographer,"Union College (Schenectady, N.Y.) http://id.worldcat.org/fast/563176","Nitchman, Nelson Wallace, 1908-1991; Sherman, Lee; Hamstrong, Sam",,1940-11-22,"2 pages, 1 photograph : b&w ; 8 x 9.75 in. (20.32 x 24.77 cm)",Documentary photographs,In Copyright,"Box 3, Folder 8, Item I/S/F/95",ZWU_SCA0228_B03_F08_ISF095,2025-09-23,ZWU_SCA0228_B03_F08_ISF095_001.jpg;ZWU_SCA0228_B03_F08_ISF095_002.jpg
,34943,Image ,"Individual students, folder 08, image I/S/F/96","Individual students, folder 08, image I/S/F/96","Black and white photograph. Handwritten on verso, ""Union-Williams November 2nd, 1940""","Yuen, Shui Kong, 1917-1992",Photographer,"Union College (Schenectady, N.Y.) http://id.worldcat.org/fast/563176",,,1940-11-02,"2 pages, 1 photograph : b&w ; 8 x 9.75 in. (20.32 x 24.77 cm)",Documentary photographs,In Copyright,"Box 3, Folder 8, Item I/S/F/96",ZWU_SCA0228_B03_F08_ISF096,2025-09-23,ZWU_SCA0228_B03_F08_ISF096_001.jpg;ZWU_SCA0228_B03_F08_ISF096_002.jpg
,34943,Image ,"Individual students, folder 08, image I/S/F/97","Individual students, folder 08, image I/S/F/97","Black and white photograph. Handwritten on verso, ""Union-Williams November 2nd, 1940""","Yuen, Shui Kong, 1917-1992",Photographer,"Union College (Schenectady, N.Y.) http://id.worldcat.org/fast/563176",,,1940-11-02,"2 pages, 1 photograph : b&w ; 8 x 9.75 in. (20.32 x 24.77 cm)",Documentary photographs,In Copyright,"Box 3, Folder 8, Item I/S/F/97",ZWU_SCA0228_B03_F08_ISF097,2025-09-23,ZWU_SCA0228_B03_F08_ISF097_001.jpg;ZWU_SCA0228_B03_F08_ISF097_002.jpg
,34943,Image ,"Individual students, folder 08, image I/S/F/98","Individual students, folder 08, image I/S/F/98","Black and white photograph. Handwritten on verso, ""Union-Williams November 2nd, 1940""","Yuen, Shui Kong, 1917-1992",Photographer,"Union College (Schenectady, N.Y.) http://id.worldcat.org/fast/563176",,,1940-11-02,"2 pages, 1 photograph : b&w ; 8 x 9.75 in. (20.32 x 24.77 cm)",Documentary photographs,In Copyright,"Box 3, Folder 8, Item I/S/F/98",ZWU_SCA0228_B03_F08_ISF098,2025-09-23,ZWU_SCA0228_B03_F08_ISF098_001.jpg;ZWU_SCA0228_B03_F08_ISF098_002.jpg
,34943,Image ,"Individual students, folder 08, image I/S/F/99","Individual students, folder 08, image I/S/F/99","Black and white photograph. Handwritten on verso, ""President Fox Union Hamilton game November 16, 1940""","Yuen, Shui Kong, 1917-1992",Photographer,"Union College (Schenectady, N.Y.) http://id.worldcat.org/fast/563176","Fox, Dixon Ryan, 1887-1945",,1940-11-16,"2 pages, 1 photograph : b&w ; 8 x 9.75 in. (20.32 x 24.77 cm)",Documentary photographs,In Copyright,"Box 3, Folder 8, Item I/S/F/99",ZWU_SCA0228_B03_F08_ISF099,2025-09-23,ZWU_SCA0228_B03_F08_ISF099_001.jpg;ZWU_SCA0228_B03_F08_ISF099_002.jpg
,34943,Image ,"Individual students, folder 08, image I/S/F/100","Individual students, folder 08, image I/S/F/100","Black and white photograph. Handwritten on verso, ""Union-Hobart 1941""","Yuen, Shui Kong, 1917-1992",Photographer,"Union College (Schenectady, N.Y.) http://id.worldcat.org/fast/563176",,1941,,"2 pages, 1 photograph : b&w ; 8 x 9.75 in. (20.32 x 24.77 cm)",Documentary photographs,In Copyright,"Box 3, Folder 8, Item I/S/F/100",ZWU_SCA0228_B03_F08_ISF100,2025-09-23,ZWU_SCA0228_B03_F08_ISF100_001.jpg;ZWU_SCA0228_B03_F08_ISF100_002.jpg
,34944,Image ,"Intramural sports, folder 09, image IM/BB/1","Intramural sports, folder 09, image IM/BB/1","Black and white photograph. Handwritten on verso, ""Intramural Baseball April 18, 1941""","Yuen, Shui Kong, 1917-1992",Photographer,"Union College (Schenectady, N.Y.) http://id.worldcat.org/fast/563176",,,1941-04-18,"2 pages, 1 photograph : b&w ; 8 x 9.75 in. (20.32 x 24.77 cm)",Documentary photographs,In Copyright,"Box 3, Folder 9, Item IM/BB/1",ZWU_SCA0228_B03_F09_IMBB001,2025-09-23,ZWU_SCA0228_B03_F09_IMBB001_001.jpg;ZWU_SCA0228_B03_F09_IMBB001_002.jpg
,34945,Image ,"Intramural sports, folder 10, image IM/FB/1","Intramural sports, folder 10, image IM/FB/1","Black and white photograph. Handwritten on verso, ""Robert Ostrander Robert ""Ben"" Lee? Edward Ward William Frederick Walker Intramural Football Δɸ vs. ? October, 1940""","Yuen, Shui Kong, 1917-1992",Photographer,"Union College (Schenectady, N.Y.) http://id.worldcat.org/fast/563176","Ostrander, Robert; Lee, Robert; Ward, Edward; Walker, William Frederick",,1940-10-01,"2 pages, 1 photograph : b&w ; 8 x 9.75 in. (20.32 x 24.77 cm)",Documentary photographs,In Copyright,"Box 3, Folder 10, Item IM/FB/1",ZWU_SCA0228_B03_F10_IMFB001,2025-09-23,ZWU_SCA0228_B03_F10_IMFB001_001.jpg;ZWU_SCA0228_B03_F10_IMFB001_002.jpg
,34945,Image ,"Intramural sports, folder 10, image IM/FB/2","Intramural sports, folder 10, image IM/FB/2","Black and white photograph. Handwritten on verso, ""Intramural Football Δɸ vs ? October, 1940 Edward Ward Robert ""Ben"" Lee? William Frederick Walker""","Yuen, Shui Kong, 1917-1992",Photographer,"Union College (Schenectady, N.Y.) http://id.worldcat.org/fast/563176","Lee, Robert; Ward, Edward; Walker, William Frederick",,1940-10-01,"2 pages, 1 photograph : b&w ; 8 x 9.75 in. (20.32 x 24.77 cm)",Documentary photographs,In Copyright,"Box 3, Folder 10, Item IM/FB/2",ZWU_SCA0228_B03_F10_IMFB002,2025-09-23,ZWU_SCA0228_B03_F10_IMFB002_001.jpg;ZWU_SCA0228_B03_F10_IMFB002_002.jpg
,34945,Image ,"Intramural sports, folder 10, image IM/FB/3","Intramural sports, folder 10, image IM/FB/3","Black and white photograph. Handwritten on verso, ""Bob Malloy Walter ""Pete"" Plummer Spectators Intramural Football October 1940""","Yuen, Shui Kong, 1917-1992",Photographer,"Union College (Schenectady, N.Y.) http://id.worldcat.org/fast/563176","Malloy, Robert Armstrong; Plummer, Walter Elmer",,1940-10-01,"2 pages, 1 photograph : b&w ; 8 x 9.75 in. (20.32 x 24.77 cm)",Documentary photographs,In Copyright,"Box 3, Folder 10, Item IM/FB/3",ZWU_SCA0228_B03_F10_IMFB003,2025-09-23,ZWU_SCA0228_B03_F10_IMFB003_001.jpg;ZWU_SCA0228_B03_F10_IMFB003_002.jpg
,34945,Image ,"Intramural sports, folder 10, image IM/FB/4","Intramural sports, folder 10, image IM/FB/4","Black and white photograph. Handwritten on verso, ""Intramural Football K.A. vs Beta? October, 1940""","Yuen, Shui Kong, 1917-1992",Photographer,"Union College (Schenectady, N.Y.) http://id.worldcat.org/fast/563176",,,1940-10-01,"2 pages, 1 photograph : b&w ; 8 x 9.75 in. (20.32 x 24.77 cm)",Documentary photographs,In Copyright,"Box 3, Folder 10, Item IM/FB/4",ZWU_SCA0228_B03_F10_IMFB004,2025-09-23,ZWU_SCA0228_B03_F10_IMFB004_001.jpg;ZWU_SCA0228_B03_F10_IMFB004_002.jpg
,34945,Image ,"Intramural sports, folder 10, image IM/FB/5","Intramural sports, folder 10, image IM/FB/5","Black and white photograph. Handwritten on verso, ""Intramural Football October 1940""","Yuen, Shui Kong, 1917-1992",Photographer,"Union College (Schenectady, N.Y.) http://id.worldcat.org/fast/563176",,,1940-10-01,"2 pages, 1 photograph : b&w ; 8 x 9.75 in. (20.32 x 24.77 cm)",Documentary photographs,In Copyright,"Box 3, Folder 10, Item IM/FB/5",ZWU_SCA0228_B03_F10_IMFB005,2025-09-23,ZWU_SCA0228_B03_F10_IMFB005_001.jpg;ZWU_SCA0228_B03_F10_IMFB005_002.jpg
,34945,Image ,"Intramural sports, folder 10, image IM/FB/6","Intramural sports, folder 10, image IM/FB/6","Black and white photograph. Handwritten on verso, ""Intramural Football October 1940""","Yuen, Shui Kong, 1917-1992",Photographer,"Union College (Schenectady, N.Y.) http://id.worldcat.org/fast/563176",,,1940-10-01,"2 pages, 1 photograph : b&w ; 8 x 9.75 in. (20.32 x 24.77 cm)",Documentary photographs,In Copyright,"Box 3, Folder 10, Item IM/FB/6",ZWU_SCA0228_B03_F10_IMFB006,2025-09-23,ZWU_SCA0228_B03_F10_IMFB006_001.jpg;ZWU_SCA0228_B03_F10_IMFB006_002.jpg
,34945,Image ,"Intramural sports, folder 10, image IM/FB/7","Intramural sports, folder 10, image IM/FB/7","Black and white photograph. Handwritten on verso, ""Intramural Football October 1940""","Yuen, Shui Kong, 1917-1992",Photographer,"Union College (Schenectady, N.Y.) http://id.worldcat.org/fast/563176",,,1940-10-01,"2 pages, 1 photograph : b&w ; 8 x 9.75 in. (20.32 x 24.77 cm)",Documentary photographs,In Copyright,"Box 3, Folder 10, Item IM/FB/7",ZWU_SCA0228_B03_F10_IMFB007,2025-09-23,ZWU_SCA0228_B03_F10_IMFB007_001.jpg;ZWU_SCA0228_B03_F10_IMFB007_002.jpg
,34945,Image ,"Intramural sports, folder 10, image IM/FB/8","Intramural sports, folder 10, image IM/FB/8","Black and white photograph. Handwritten on verso, ""Intramural Football October 1940""","Yuen, Shui Kong, 1917-1992",Photographer,"Union College (Schenectady, N.Y.) http://id.worldcat.org/fast/563176",,,1940-10-01,"2 pages, 1 photograph : b&w ; 8 x 9.75 in. (20.32 x 24.77 cm)",Documentary photographs,In Copyright,"Box 3, Folder 10, Item IM/FB/8",ZWU_SCA0228_B03_F10_IMFB008,2025-09-23,ZWU_SCA0228_B03_F10_IMFB008_001.jpg;ZWU_SCA0228_B03_F10_IMFB008_002.jpg
,34945,Image ,"Intramural sports, folder 10, image IM/FB/9","Intramural sports, folder 10, image IM/FB/9","Black and white photograph. Handwritten on verso, ""Intramural Football October 1940""","Yuen, Shui Kong, 1917-1992",Photographer,"Union College (Schenectady, N.Y.) http://id.worldcat.org/fast/563176",,,1940-10-01,"2 pages, 1 photograph : b&w ; 8 x 9.75 in. (20.32 x 24.77 cm)",Documentary photographs,In Copyright,"Box 3, Folder 10, Item IM/FB/9",ZWU_SCA0228_B03_F10_IMFB009,2025-09-23,ZWU_SCA0228_B03_F10_IMFB009_001.jpg;ZWU_SCA0228_B03_F10_IMFB009_002.jpg
,34946,Image ,"Intramural sports, folder 11, image IM/BK/1","Intramural sports, folder 11, image IM/BK/1","Black and white photograph. Handwritten on verso, ""Intramural Basketball Δɸ vs ? Spring 1941 Malloy Webster""","Yuen, Shui Kong, 1917-1992",Photographer,"Union College (Schenectady, N.Y.) http://id.worldcat.org/fast/563176",,March 1941-May 1941,,"2 pages, 1 photograph : b&w ; 8 x 9.75 in. (20.32 x 24.77 cm)",Documentary photographs,In Copyright,"Box 3, Folder 11, Item IM/BK/1",ZWU_SCA0228_B03_F11_IMBK001,2025-09-23,ZWU_SCA0228_B03_F11_IMBK001_001.jpg;ZWU_SCA0228_B03_F11_IMBK001_002.jpg
,34946,Image ,"Intramural sports, folder 11, image IM/BK/2","Intramural sports, folder 11, image IM/BK/2","Black and white photograph. Handwritten on verso, ""Intramural Basketball D.U. vs. Blue Jay January 3, 1945""","Yuen, Shui Kong, 1917-1992",Photographer,"Union College (Schenectady, N.Y.) http://id.worldcat.org/fast/563176",,,1945-01-03,"2 pages, 1 photograph : b&w ; 8 x 9.75 in. (20.32 x 24.77 cm)",Documentary photographs,In Copyright,"Box 3, Folder 11, Item IM/BK/2",ZWU_SCA0228_B03_F11_IMBK002,2025-09-23,ZWU_SCA0228_B03_F11_IMBK002_001.jpg;ZWU_SCA0228_B03_F11_IMBK002_002.jpg
,34946,Image ,"Intramural sports, folder 11, image IM/BK/3","Intramural sports, folder 11, image IM/BK/3","Black and white photograph. Handwritten on verso, ""Intramural Basketball D.U. vs. Blue Jay January 3, 1945""","Yuen, Shui Kong, 1917-1992",Photographer,"Union College (Schenectady, N.Y.) http://id.worldcat.org/fast/563176",,,1945-01-03,"2 pages, 1 photograph : b&w ; 8 x 9.75 in. (20.32 x 24.77 cm)",Documentary photographs,In Copyright,"Box 3, Folder 11, Item IM/BK/3",ZWU_SCA0228_B03_F11_IMBK003,2025-09-23,ZWU_SCA0228_B03_F11_IMBK003_001.jpg;ZWU_SCA0228_B03_F11_IMBK003_002.jpg
,34946,Image ,"Intramural sports, folder 11, image IM/BK/4","Intramural sports, folder 11, image IM/BK/4","Black and white photograph. Handwritten on verso, ""Intramural Basketball D.U. vs. Blue Jay January 3, 1945""","Yuen, Shui Kong, 1917-1992",Photographer,"Union College (Schenectady, N.Y.) http://id.worldcat.org/fast/563176",,,1945-01-03,"2 pages, 1 photograph : b&w ; 8 x 9.75 in. (20.32 x 24.77 cm)",Documentary photographs,In Copyright,"Box 3, Folder 11, Item IM/BK/4",ZWU_SCA0228_B03_F11_IMBK004,2025-09-23,ZWU_SCA0228_B03_F11_IMBK004_001.jpg;ZWU_SCA0228_B03_F11_IMBK004_002.jpg
,34947,Image ,"Intramural sports, folder 12, image IM/BX/1","Intramural sports, folder 12, image IM/BX/1","Black and white photograph. Handwritten on verso, ""Intramural Boxing (Paul Santee - in dark shirt) Spring 1941""","Yuen, Shui Kong, 1917-1992",Photographer,"Union College (Schenectady, N.Y.) http://id.worldcat.org/fast/563176","Santee, Paul",March 1941-May 1941,,"2 pages, 1 photograph : b&w ; 8 x 9.75 in. (20.32 x 24.77 cm)",Documentary photographs,In Copyright,"Box 3, Folder 12, Item IM/BX/1",ZWU_SCA0228_B03_F12_IMBX001,2025-09-23,ZWU_SCA0228_B03_F12_IMBX001_001.jpg;ZWU_SCA0228_B03_F12_IMBX001_002.jpg
,34947,Image ,"Intramural sports, folder 12, image IM/BX/2","Intramural sports, folder 12, image IM/BX/2","Black and white photograph. Handwritten on verso, ""Intramural Boxing (Paul Santee - in dark shirt) Spring 1941""","Yuen, Shui Kong, 1917-1992",Photographer,"Union College (Schenectady, N.Y.) http://id.worldcat.org/fast/563176","Santee, Paul",March 1941-May 1941,,"2 pages, 1 photograph : b&w ; 8 x 9.75 in. (20.32 x 24.77 cm)",Documentary photographs,In Copyright,"Box 3, Folder 12, Item IM/BX/2",ZWU_SCA0228_B03_F12_IMBX002,2025-09-23,ZWU_SCA0228_B03_F12_IMBX002_001.jpg;ZWU_SCA0228_B03_F12_IMBX002_002.jpg
,34947,Image ,"Intramural sports, folder 12, image IM/BX/3","Intramural sports, folder 12, image IM/BX/3","Black and white photograph. Handwritten on verso, ""Intramural Boxing Spring 1941""","Yuen, Shui Kong, 1917-1992",Photographer,"Union College (Schenectady, N.Y.) http://id.worldcat.org/fast/563176",,March 1941-May 1941,,"2 pages, 1 photograph : b&w ; 8 x 9.75 in. (20.32 x 24.77 cm)",Documentary photographs,In Copyright,"Box 3, Folder 12, Item IM/BX/3",ZWU_SCA0228_B03_F12_IMBX003,2025-09-23,ZWU_SCA0228_B03_F12_IMBX003_001.jpg;ZWU_SCA0228_B03_F12_IMBX003_002.jpg
,34947,Image ,"Intramural sports, folder 12, image IM/BX/4","Intramural sports, folder 12, image IM/BX/4","Black and white photograph. Handwritten on verso, ""Intramural Boxing Spring 1941""","Yuen, Shui Kong, 1917-1992",Photographer,"Union College (Schenectady, N.Y.) http://id.worldcat.org/fast/563176",,March 1941-May 1941,,"2 pages, 1 photograph : b&w ; 8 x 9.75 in. (20.32 x 24.77 cm)",Documentary photographs,In Copyright,"Box 3, Folder 12, Item IM/BX/4",ZWU_SCA0228_B03_F12_IMBX004,2025-09-23,ZWU_SCA0228_B03_F12_IMBX004_001.jpg;ZWU_SCA0228_B03_F12_IMBX004_002.jpg
,34947,Image ,"Intramural sports, folder 12, image IM/BX/5","Intramural sports, folder 12, image IM/BX/5","Black and white photograph. Handwritten on verso, ""Intramural Boxing 1942""","Yuen, Shui Kong, 1917-1992",Photographer,"Union College (Schenectady, N.Y.) http://id.worldcat.org/fast/563176",,1942,,"2 pages, 1 photograph : b&w ; 8 x 9.75 in. (20.32 x 24.77 cm)",Documentary photographs,In Copyright,"Box 3, Folder 12, Item IM/BX/5",ZWU_SCA0228_B03_F12_IMBX005,2025-09-23,ZWU_SCA0228_B03_F12_IMBX005_001.jpg;ZWU_SCA0228_B03_F12_IMBX005_002.jpg
,34948,Image ,"Intramural sports, folder 13, image IM/WT/1","Intramural sports, folder 13, image IM/WT/1","Black and white photograph. Handwritten on verso, ""Intramural Wrestling February, 1941""","Yuen, Shui Kong, 1917-1992",Photographer,"Union College (Schenectady, N.Y.) http://id.worldcat.org/fast/563176",,,1941-02-01,"2 pages, 1 photograph : b&w ; 8 x 9.75 in. (20.32 x 24.77 cm)",Documentary photographs,In Copyright,"Box 3, Folder 13, Item IM/WT/1",ZWU_SCA0228_B03_F13_IMWT001,2025-09-23,ZWU_SCA0228_B03_F13_IMWT001_001.jpg;ZWU_SCA0228_B03_F13_IMWT001_002.jpg
,34948,Image ,"Intramural sports, folder 13, image IM/WT/2","Intramural sports, folder 13, image IM/WT/2","Black and white photograph. Handwritten on verso, ""Intramural Wrestling February 1941""","Yuen, Shui Kong, 1917-1992",Photographer,"Union College (Schenectady, N.Y.) http://id.worldcat.org/fast/563176",,,1941-02-01,"2 pages, 1 photograph : b&w ; 8 x 9.75 in. (20.32 x 24.77 cm)",Documentary photographs,In Copyright,"Box 3, Folder 13, Item IM/WT/2",ZWU_SCA0228_B03_F13_IMWT002,2025-09-23,ZWU_SCA0228_B03_F13_IMWT002_001.jpg;ZWU_SCA0228_B03_F13_IMWT002_002.jpg
,34948,Image ,"Intramural sports, folder 13, image IM/WT/3","Intramural sports, folder 13, image IM/WT/3","Black and white photograph. Handwritten on verso, ""Intramural Wrestling March 1941""","Yuen, Shui Kong, 1917-1992",Photographer,"Union College (Schenectady, N.Y.) http://id.worldcat.org/fast/563176",,,1941-03-01,"2 pages, 1 photograph : b&w ; 8 x 9.75 in. (20.32 x 24.77 cm)",Documentary photographs,In Copyright,"Box 3, Folder 13, Item IM/WT/3",ZWU_SCA0228_B03_F13_IMWT003,2025-09-23,ZWU_SCA0228_B03_F13_IMWT003_001.jpg;ZWU_SCA0228_B03_F13_IMWT003_002.jpg
,34948,Image ,"Intramural sports, folder 13, image IM/WT/4","Intramural sports, folder 13, image IM/WT/4","Black and white photograph. Handwritten on verso, ""Intramural Wrestling Spring 1941""","Yuen, Shui Kong, 1917-1992",Photographer,"Union College (Schenectady, N.Y.) http://id.worldcat.org/fast/563176",,March 1941-May 1941,,"2 pages, 1 photograph : b&w ; 8 x 9.75 in. (20.32 x 24.77 cm)",Documentary photographs,In Copyright,"Box 3, Folder 13, Item IM/WT/4",ZWU_SCA0228_B03_F13_IMWT004,2025-09-23,ZWU_SCA0228_B03_F13_IMWT004_001.jpg;ZWU_SCA0228_B03_F13_IMWT004_002.jpg
,34948,Image ,"Intramural sports, folder 13, image IM/WT/5","Intramural sports, folder 13, image IM/WT/5","Black and white photograph. Handwritten on verso, ""Intramural Wrestling Spring 1941""","Yuen, Shui Kong, 1917-1992",Photographer,"Union College (Schenectady, N.Y.) http://id.worldcat.org/fast/563176",,March 1941-May 1941,,"2 pages, 1 photograph : b&w ; 8 x 9.75 in. (20.32 x 24.77 cm)",Documentary photographs,In Copyright,"Box 3, Folder 13, Item IM/WT/5",ZWU_SCA0228_B03_F13_IMWT005,2025-09-23,ZWU_SCA0228_B03_F13_IMWT005_001.jpg;ZWU_SCA0228_B03_F13_IMWT005_002.jpg
,34948,Image ,"Intramural sports, folder 13, image IM/WT/6","Intramural sports, folder 13, image IM/WT/6","Black and white photograph. Handwritten on verso, ""Intramural Wrestling Spring 1941""","Yuen, Shui Kong, 1917-1992",Photographer,"Union College (Schenectady, N.Y.) http://id.worldcat.org/fast/563176",,March 1941-May 1941,,"2 pages, 1 photograph : b&w ; 8 x 9.75 in. (20.32 x 24.77 cm)",Documentary photographs,In Copyright,"Box 3, Folder 13, Item IM/WT/6",ZWU_SCA0228_B03_F13_IMWT006,2025-09-23,ZWU_SCA0228_B03_F13_IMWT006_001.jpg;ZWU_SCA0228_B03_F13_IMWT006_002.jpg
,34948,Image ,"Intramural sports, folder 13, image IM/WT/7","Intramural sports, folder 13, image IM/WT/7","Black and white photograph. Handwritten on verso, ""Intramural Wrestling Spring 1941""","Yuen, Shui Kong, 1917-1992",Photographer,"Union College (Schenectady, N.Y.) http://id.worldcat.org/fast/563176",,March 1941-May 1941,,"2 pages, 1 photograph : b&w ; 8 x 9.75 in. (20.32 x 24.77 cm)",Documentary photographs,In Copyright,"Box 3, Folder 13, Item IM/WT/7",ZWU_SCA0228_B03_F13_IMWT007,2025-09-23,ZWU_SCA0228_B03_F13_IMWT007_001.jpg;ZWU_SCA0228_B03_F13_IMWT007_002.jpg
,34948,Image ,"Intramural sports, folder 13, image IM/WT/8","Intramural sports, folder 13, image IM/WT/8","Black and white photograph. Handwritten on verso, ""Intramural Wrestling Spring 1941""","Yuen, Shui Kong, 1917-1992",Photographer,"Union College (Schenectady, N.Y.) http://id.worldcat.org/fast/563176",,March 1941-May 1941,,"2 pages, 1 photograph : b&w ; 8 x 9.75 in. (20.32 x 24.77 cm)",Documentary photographs,In Copyright,"Box 3, Folder 13, Item IM/WT/8",ZWU_SCA0228_B03_F13_IMWT008,2025-09-23,ZWU_SCA0228_B03_F13_IMWT008_001.jpg;ZWU_SCA0228_B03_F13_IMWT008_002.jpg
,34948,Image ,"Intramural sports, folder 13, image IM/WT/9","Intramural sports, folder 13, image IM/WT/9","Black and white photograph. Handwritten on verso, ""Intramural Wrestling (Bob Malloy + Clark) Spring 1941""","Yuen, Shui Kong, 1917-1992",Photographer,"Union College (Schenectady, N.Y.) http://id.worldcat.org/fast/563176","Malloy, Robert Armstrong",March 1941-May 1941,,"2 pages, 1 photograph : b&w ; 8 x 9.75 in. (20.32 x 24.77 cm)",Documentary photographs,In Copyright,"Box 3, Folder 13, Item IM/WT/9",ZWU_SCA0228_B03_F13_IMWT009,2025-09-23,ZWU_SCA0228_B03_F13_IMWT009_001.jpg;ZWU_SCA0228_B03_F13_IMWT009_002.jpg
,34949,Image ,"Thanksgiving dinner V-12, folder 14, image V-12/MH/34","Thanksgiving dinner V-12, folder 14, image V-12/MH/34","Black and white photograph. Handwritten on verso, ""V-12 Mess Hall Thanksgiving Dinner 1943""","Yuen, Shui Kong, 1917-1992",Photographer,"Union College (Schenectady, N.Y.) http://id.worldcat.org/fast/563176",,1943,,"2 pages, 1 photograph : b&w ; 8 x 9.75 in. (20.32 x 24.77 cm)",Documentary photographs,In Copyright,"Box 3, Folder 14, Item V-12/MH/34",ZWU_SCA0228_B03_F14_V12MH034,2025-09-23,ZWU_SCA0228_B03_F14_V12MH034_001.jpg;ZWU_SCA0228_B03_F14_V12MH034_002.jpg
,34949,Image ,"Thanksgiving dinner V-12, folder 14, image V-12/MH/35","Thanksgiving dinner V-12, folder 14, image V-12/MH/35","Black and white photograph. Handwritten on verso, ""V-12 Thanksgiving Dinner 1943 Dr. Fox""","Yuen, Shui Kong, 1917-1992",Photographer,"Union College (Schenectady, N.Y.) http://id.worldcat.org/fast/563176",,1943,,"2 pages, 1 photograph : b&w ; 8 x 9.75 in. (20.32 x 24.77 cm)",Documentary photographs,In Copyright,"Box 3, Folder 14, Item V-12/MH/35",ZWU_SCA0228_B03_F14_V12MH035,2025-09-23,ZWU_SCA0228_B03_F14_V12MH035_001.jpg;ZWU_SCA0228_B03_F14_V12MH035_002.jpg
,34950,Image ,"V-12 captains inspection, folder 15, image V12/17B","V-12 captains inspection, folder 15, image V12/17B","Negatives (photographic). Handwritten on item sleeve, ""V 12 Saturday Inspection September 11, 1943""","Yuen, Shui Kong, 1917-1992",Photographer,"Union College (Schenectady, N.Y.) http://id.worldcat.org/fast/563176",,,1943-09-11,"1 page, 1 negative (photographic) : b&w ; 4 x 5 in. (10.16 x 12.7 cm)",Documentary photographs,In Copyright,"Box 3, Folder 15, Item V12/17",ZWU_SCA0228_B03_F15_V12017B,2025-10-10,ZWU_SCA0228_B03_F15_V12017B_001.jpg
,34950,Image ,"V-12 captains inspection, folder 15, image V12/25","V-12 captains inspection, folder 15, image V12/25","Black and white photograph. Handwritten on verso, ""V 12 Captain's Inspection Winter 1943""","Yuen, Shui Kong, 1917-1992",Photographer,"Union College (Schenectady, N.Y.) http://id.worldcat.org/fast/563176",,December 1943-February 1944,,"2 pages, 1 photograph : b&w ; 8 x 9.75 in. (20.32 x 24.77 cm)",Documentary photographs,In Copyright,"Box 3, Folder 15, Item V12/25",ZWU_SCA0228_B03_F15_V12025,2025-09-23,ZWU_SCA0228_B03_F15_V12025_001.jpg;ZWU_SCA0228_B03_F15_V12025_002.jpg
,34950,Image ,"V-12 captains inspection, folder 15, image V12/26","V-12 captains inspection, folder 15, image V12/26","Black and white photograph. Handwritten on verso, ""V 12 Captain's Inspection Winter 1943""","Yuen, Shui Kong, 1917-1992",Photographer,"Union College (Schenectady, N.Y.) http://id.worldcat.org/fast/563176",,December 1943-February 1944,,"2 pages, 1 photograph : b&w ; 8 x 9.75 in. (20.32 x 24.77 cm)",Documentary photographs,In Copyright,"Box 3, Folder 15, Item V12/26",ZWU_SCA0228_B03_F15_V12026,2025-09-25,ZWU_SCA0228_B03_F15_V12026_001.jpg;ZWU_SCA0228_B03_F15_V12026_002.jpg
,34950,Image ,"V-12 captains inspection, folder 15, image V12/27","V-12 captains inspection, folder 15, image V12/27","Black and white photograph. Handwritten on verso, ""V 12 Captain's Inspection Winter 1943""","Yuen, Shui Kong, 1917-1992",Photographer,"Union College (Schenectady, N.Y.) http://id.worldcat.org/fast/563176",,December 1943-February 1944,,"2 pages, 1 photograph : b&w ; 8 x 9.75 in. (20.32 x 24.77 cm)",Documentary photographs,In Copyright,"Box 3, Folder 15, Item V12/27",ZWU_SCA0228_B03_F15_V12027,2025-10-9,ZWU_SCA0228_B03_F15_V12027_001.jpg;ZWU_SCA0228_B03_F15_V12027_002.jpg
,34950,Image ,"V-12 captains inspection, folder 15, image V12/28","V-12 captains inspection, folder 15, image V12/28","Black and white photograph. Handwritten on verso, ""V 12 Captain's Inspection Winter 1943""","Yuen, Shui Kong, 1917-1992",Photographer,"Union College (Schenectady, N.Y.) http://id.worldcat.org/fast/563176",,December 1943-February 1944,,"2 pages, 1 photograph : b&w ; 8 x 9.75 in. (20.32 x 24.77 cm)",Documentary photographs,In Copyright,"Box 3, Folder 15, Item V12/28",ZWU_SCA0228_B03_F15_V12028,2025-09-25,ZWU_SCA0228_B03_F15_V12028_001.jpg;ZWU_SCA0228_B03_F15_V12028_002.jpg
,34950,Image ,"V-12 captains inspection, folder 15, image V12/29","V-12 captains inspection, folder 15, image V12/29","Black and white photograph. Handwritten on verso, ""V 12 Captain's Inspection Winter 1943""","Yuen, Shui Kong, 1917-1992",Photographer,"Union College (Schenectady, N.Y.) http://id.worldcat.org/fast/563176",,December 1943-February 1944,,"2 pages, 1 photograph : b&w ; 8 x 9.75 in. (20.32 x 24.77 cm)",Documentary photographs,In Copyright,"Box 3, Folder 15, Item V12/29",ZWU_SCA0228_B03_F15_V12029,2025-09-25,ZWU_SCA0228_B03_F15_V12029_001.jpg;ZWU_SCA0228_B03_F15_V12029_002.jpg
,34950,Image ,"V-12 captains inspection, folder 15, image V12/29B","V-12 captains inspection, folder 15, image V12/29B","Negatives (photographic). Handwritten on item sleeve, ""V 12 Saturday Inspection September 11, 1943"" Nott Memorial Library in background.","Yuen, Shui Kong, 1917-1992",Photographer,"Union College (Schenectady, N.Y.) http://id.worldcat.org/fast/563176",,,1943-09-11,"1 page, 1 negative (photographic) : b&w ; 4 x 5 in. (10.16 x 12.7 cm)",Documentary photographs,In Copyright,"Box 3, Folder 15, Item V12/29B",ZWU_SCA0228_B03_F15_V12029B,2025-10-10,ZWU_SCA0228_B03_F15_V12029B_001.jpg
,34950,Image ,"V-12 captains inspection, folder 15, image V12/30","V-12 captains inspection, folder 15, image V12/30","Black and white photograph. Handwritten on verso, ""V 12 Captain's Inspection Winter 1943""","Yuen, Shui Kong, 1917-1992",Photographer,"Union College (Schenectady, N.Y.) http://id.worldcat.org/fast/563176",,December 1943-February 1944,,"2 pages, 1 photograph : b&w ; 8 x 9.75 in. (20.32 x 24.77 cm)",Documentary photographs,In Copyright,"Box 3, Folder 15, Item V12/30",ZWU_SCA0228_B03_F15_V12030,2025-09-25,ZWU_SCA0228_B03_F15_V12030_001.jpg;ZWU_SCA0228_B03_F15_V12030_002.jpg
,34950,Image ,"V-12 captains inspection, folder 15, image V12/31","V-12 captains inspection, folder 15, image V12/31","Black and white photograph. Handwritten on verso, ""V 12 Captain's Inspection Winter 1943""","Yuen, Shui Kong, 1917-1992",Photographer,"Union College (Schenectady, N.Y.) http://id.worldcat.org/fast/563176",,December 1943-February 1944,,"2 pages, 1 photograph : b&w ; 8 x 9.75 in. (20.32 x 24.77 cm)",Documentary photographs,In Copyright,"Box 3, Folder 15, Item V12/31",ZWU_SCA0228_B03_F15_V12031,2025-09-25,ZWU_SCA0228_B03_F15_V12031_001.jpg;ZWU_SCA0228_B03_F15_V12031_002.jpg
,34950,Image ,"V-12 captains inspection, folder 15, image V12/32","V-12 captains inspection, folder 15, image V12/32","Black and white photograph. Handwritten on verso, ""V 12 Captain's Inspection Winter 1943""","Yuen, Shui Kong, 1917-1992",Photographer,"Union College (Schenectady, N.Y.) http://id.worldcat.org/fast/563176",,December 1943-February 1944,,"2 pages, 1 photograph : b&w ; 8 x 9.75 in. (20.32 x 24.77 cm)",Documentary photographs,In Copyright,"Box 3, Folder 15, Item V12/32",ZWU_SCA0228_B03_F15_V12032,2025-09-25,ZWU_SCA0228_B03_F15_V12032_001.jpg;ZWU_SCA0228_B03_F15_V12032_002.jpg
,34950,Image ,"V-12 captains inspection, folder 15, image V12/33","V-12 captains inspection, folder 15, image V12/33","Black and white photograph. Handwritten on verso, ""V 12 Captain's Inspection Winter 1943""","Yuen, Shui Kong, 1917-1992",Photographer,"Union College (Schenectady, N.Y.) http://id.worldcat.org/fast/563176",,December 1943-February 1944,,"2 pages, 1 photograph : b&w ; 8 x 9.75 in. (20.32 x 24.77 cm)",Documentary photographs,In Copyright,"Box 3, Folder 15, Item V12/33",ZWU_SCA0228_B03_F15_V12033,2025-09-25,ZWU_SCA0228_B03_F15_V12033_001.jpg;ZWU_SCA0228_B03_F15_V12033_002.jpg
,34951,Image ,"V-12 students, folder 16, image V12/1","V-12 students, folder 16, image V12/1","Black and white photograph. Handwritten on verso, ""First Navy V-12 Contingent arrive at Union Payne Gate July 1, 1943""","Yuen, Shui Kong, 1917-1992",Photographer,"Union College (Schenectady, N.Y.) http://id.worldcat.org/fast/563176",,,1943-07-01,"2 pages, 1 photograph : b&w ; 8 x 9.75 in. (20.32 x 24.77 cm)",Documentary photographs,In Copyright,"Box 3, Folder 16, Item V12/1",ZWU_SCA0228_B03_F16_V12001,2025-09-25,ZWU_SCA0228_B03_F16_V12001_001.jpg;ZWU_SCA0228_B03_F16_V12001_002.jpg
,34951,,"V-12 students, folder 16, image V12/1B","V-12 students, folder 16, image V12/1B","Negatives (photographic). Handwritten on item sleeve, ""First Navy V12 Contingent arrive at Union - Payne Gate - July 1, 1943""","Yuen, Shui Kong, 1917-1992",Photographer,"Union College (Schenectady, N.Y.) http://id.worldcat.org/fast/563176",,,1943-07-01,"1 page, 1 negative (photographic) : b&w ; 4 x 5 in. (10.16 x 12.7 cm)",Documentary photographs,In Copyright,"Box 3, Folder 16, Item V12/1B",ZWU_SCA0228_B03_F16_V12001B,2025-10-10,ZWU_SCA0228_B03_F16_V12001B_001.jpg
,34951,Image ,"V-12 students, folder 16, image V12/2","V-12 students, folder 16, image V12/2","Black and white photograph. Handwritten on verso, ""First Navy V-12 Contingent arrive at Union July 1, 1943""","Yuen, Shui Kong, 1917-1992",Photographer,"Union College (Schenectady, N.Y.) http://id.worldcat.org/fast/563176",,,1943-07-01,"2 pages, 1 photograph : b&w ; 8 x 9.75 in. (20.32 x 24.77 cm)",Documentary photographs,In Copyright,"Box 3, Folder 16, Item V12/2",ZWU_SCA0228_B03_F16_V12002,2025-09-25,ZWU_SCA0228_B03_F16_V12002_001.jpg;ZWU_SCA0228_B03_F16_V12002_002.jpg
,34951,Image ,"V-12 students, folder 16, image V12/3","V-12 students, folder 16, image V12/3","Black and white photograph. Handwritten on verso, ""First Navy V-12 Contingent arrive at Union July 1, 1943""","Yuen, Shui Kong, 1917-1992",Photographer,"Union College (Schenectady, N.Y.) http://id.worldcat.org/fast/563176",,,1943-07-01,"2 pages, 1 photograph : b&w ; 8 x 9.75 in. (20.32 x 24.77 cm)",Documentary photographs,In Copyright,"Box 3, Folder 16, Item V12/3",ZWU_SCA0228_B03_F16_V12003,2025-09-25,ZWU_SCA0228_B03_F16_V12003_001.jpg;ZWU_SCA0228_B03_F16_V12003_002.jpg
,34951,Image ,"V-12 students, folder 16, image V12/4","V-12 students, folder 16, image V12/4","Black and white photograph. Handwritten on verso, ""First Navy V12 Contingent arrive at Union July 1, 1943""","Yuen, Shui Kong, 1917-1992",Photographer,"Union College (Schenectady, N.Y.) http://id.worldcat.org/fast/563176",,,1943-07-01,"2 pages, 1 photograph : b&w ; 8 x 9.75 in. (20.32 x 24.77 cm)",Documentary photographs,In Copyright,"Box 3, Folder 16, Item V12/4",ZWU_SCA0228_B03_F16_V12004,2025-09-25,ZWU_SCA0228_B03_F16_V12004_001.jpg;ZWU_SCA0228_B03_F16_V12004_002.jpg
,34951,Image ,"V-12 students, folder 16, image V12/5","V-12 students, folder 16, image V12/5","Black and white photograph. Handwritten on verso, ""First Navy V12 Contingent arrive at Union July 1, 1943""","Yuen, Shui Kong, 1917-1992",Photographer,"Union College (Schenectady, N.Y.) http://id.worldcat.org/fast/563176",,,1943-07-01,"2 pages, 1 photograph : b&w ; 8 x 9.75 in. (20.32 x 24.77 cm)",Documentary photographs,In Copyright,"Box 3, Folder 16, Item V12/5",ZWU_SCA0228_B03_F16_V12005,2025-09-25,ZWU_SCA0228_B03_F16_V12005_001.jpg;ZWU_SCA0228_B03_F16_V12005_002.jpg
,34951,,"V-12 students, folder 16, image V12/5B","V-12 students, folder 16, image V12/5B","Negatives (photographic). Handwritten on item sleeve, ""First Navy V12 Contingent arrive at Union July 1, 1943""","Yuen, Shui Kong, 1917-1992",Photographer,"Union College (Schenectady, N.Y.) http://id.worldcat.org/fast/563176",,,1943-07-01,"1 page, 1 negative (photographic) : b&w ; 4 x 5 in. (10.16 x 12.7 cm)",Documentary photographs,In Copyright,"Box 3, Folder 16, Item V12/5B",ZWU_SCA0228_B03_F16_V12005B,2025-10-10,ZWU_SCA0228_B03_F16_V12005B_001.jpg
,34951,Image ,"V-12 students, folder 16, image V12/6","V-12 students, folder 16, image V12/6","Black and white photograph. Handwritten on verso, ""First Navy V12 Contingent arrive at Union July 1, 1943""","Yuen, Shui Kong, 1917-1992",Photographer,"Union College (Schenectady, N.Y.) http://id.worldcat.org/fast/563176",,,1943-07-01,"2 pages, 1 photograph : b&w ; 8 x 9.75 in. (20.32 x 24.77 cm)",Documentary photographs,In Copyright,"Box 3, Folder 16, Item V12/6",ZWU_SCA0228_B03_F16_V12006,2025-09-25,ZWU_SCA0228_B03_F16_V12006_001.jpg;ZWU_SCA0228_B03_F16_V12006_002.jpg
,34951,Image ,"V-12 students, folder 16, image V12/7","V-12 students, folder 16, image V12/7","Black and white photograph. Handwritten on verso, ""First Navy V12 Contingent arrive at Union July 1, 1943""","Yuen, Shui Kong, 1917-1992",Photographer,"Union College (Schenectady, N.Y.) http://id.worldcat.org/fast/563176",,,1943-07-01,"2 pages, 1 photograph : b&w ; 8 x 9.75 in. (20.32 x 24.77 cm)",Documentary photographs,In Copyright,"Box 3, Folder 16, Item V12/7",ZWU_SCA0228_B03_F16_V12007,2025-09-25,ZWU_SCA0228_B03_F16_V12007_001.jpg;ZWU_SCA0228_B03_F16_V12007_002.jpg
,34951,,"V-12 students, folder 16, image V12/7B","V-12 students, folder 16, image V12/7B","Negatives (photographic). Handwritten on item sleeve, ""First Navy V12 Contingent arrive at Union July 1, 1943""","Yuen, Shui Kong, 1917-1992",Photographer,"Union College (Schenectady, N.Y.) http://id.worldcat.org/fast/563176",,,1943-07-01,"1 page, 1 negative (photographic) : b&w ; 4 x 5 in. (10.16 x 12.7 cm)",Documentary photographs,In Copyright,"Box 3, Folder 16, Item V12/7B",ZWU_SCA0228_B03_F16_V12007B,2025-10-10,ZWU_SCA0228_B03_F16_V12007B_001.jpg
,34951,Image ,"V-12 students, folder 16, image V12/8","V-12 students, folder 16, image V12/8","Black and white photograph. Handwritten on verso, ""First Navy V12 Contingent arrive at Union July 1, 1943""","Yuen, Shui Kong, 1917-1992",Photographer,"Union College (Schenectady, N.Y.) http://id.worldcat.org/fast/563176",,,1943-07-01,"2 pages, 1 photograph : b&w ; 8 x 9.75 in. (20.32 x 24.77 cm)",Documentary photographs,In Copyright,"Box 3, Folder 16, Item V12/8",ZWU_SCA0228_B03_F16_V12008,2025-09-25,ZWU_SCA0228_B03_F16_V12008_001.jpg;ZWU_SCA0228_B03_F16_V12008_002.jpg
,34951,Image ,"V-12 students, folder 16, image V12/9","V-12 students, folder 16, image V12/9","Black and white photograph. Handwritten on verso, ""Sick Call First Navy V12 Contingent arrive at Union July 1, 1943""","Yuen, Shui Kong, 1917-1992",Photographer,"Union College (Schenectady, N.Y.) http://id.worldcat.org/fast/563176",,,1943-07-01,"2 pages, 1 photograph : b&w ; 8 x 9.75 in. (20.32 x 24.77 cm)",Documentary photographs,In Copyright,"Box 3, Folder 16, Item V12/9",ZWU_SCA0228_B03_F16_V12009,2025-09-25,ZWU_SCA0228_B03_F16_V12009_001.jpg;ZWU_SCA0228_B03_F16_V12009_002.jpg
,34951,Image ,"V-12 students, folder 16, image V12/11","V-12 students, folder 16, image V12/11","Black and white photograph. Handwritten on verso, ""Sick Bay First Navy V12 Contingent arrive at Union July 1, 1943""","Yuen, Shui Kong, 1917-1992",Photographer,"Union College (Schenectady, N.Y.) http://id.worldcat.org/fast/563176",,,1943-07-01,"2 pages, 1 photograph : b&w ; 8 x 9.75 in. (20.32 x 24.77 cm)",Documentary photographs,In Copyright,"Box 3, Folder 16, Item V12/11",ZWU_SCA0228_B03_F16_V12011,2025-09-25,ZWU_SCA0228_B03_F16_V12011_001.jpg;ZWU_SCA0228_B03_F16_V12011_002.jpg
,34951,Image ,"V-12 students, folder 16, image V12/12","V-12 students, folder 16, image V12/12","Black and white photograph. Handwritten on verso, ""Sick Bay First Navy V12 Contingent arrive at Union July 1, 1943""","Yuen, Shui Kong, 1917-1992",Photographer,"Union College (Schenectady, N.Y.) http://id.worldcat.org/fast/563176",,,1943-07-01,"2 pages, 1 photograph : b&w ; 8 x 9.75 in. (20.32 x 24.77 cm)",Documentary photographs,In Copyright,"Box 3, Folder 16, Item V12/12",ZWU_SCA0228_B03_F16_V12012,2025-09-25,ZWU_SCA0228_B03_F16_V12012_001.jpg;ZWU_SCA0228_B03_F16_V12012_002.jpg
,34951,,"V-12 students, folder 16, image V12/12B","V-12 students, folder 16, image V12/12B","Negatives (photographic). Handwritten on item sleeve, ""Sick Bay First Navy V12 Contingent arrive at Union July 1, 1943""","Yuen, Shui Kong, 1917-1992",Photographer,"Union College (Schenectady, N.Y.) http://id.worldcat.org/fast/563176",,,1943-07-01,"1 page, 1 negative (photographic) : b&w ; 4 x 5 in. (10.16 x 12.7 cm)",Documentary photographs,In Copyright,"Box 3, Folder 16, Item V12/12B",ZWU_SCA0228_B03_F16_V12012B,2025-10-10,ZWU_SCA0228_B03_F16_V12012B_001.jpg
,34952,Image ,"V-12 Saturday inspection, folder 17, image V12/14","V-12 Saturday inspection, folder 17, image V12/14","Black and white photograph. Handwritten on verso, ""V12 Saturday Inspection September 11, 1943""","Yuen, Shui Kong, 1917-1992",Photographer,"Union College (Schenectady, N.Y.) http://id.worldcat.org/fast/563176",,,1943-09-11,"2 pages, 1 photograph : b&w ; 8 x 9.75 in. (20.32 x 24.77 cm)",Documentary photographs,In Copyright,"Box 3, Folder 17, Item V12/14",ZWU_SCA0228_B03_F17_V12014,2025-09-25,ZWU_SCA0228_B03_F17_V12014_001.jpg;ZWU_SCA0228_B03_F17_V12014_002.jpg
,34952,Image ,"V-12 Saturday inspection, folder 17, image V12/15","V-12 Saturday inspection, folder 17, image V12/15","Black and white photograph. Handwritten on verso, ""V12 Saturday Inspection September 11, 1943""","Yuen, Shui Kong, 1917-1992",Photographer,"Union College (Schenectady, N.Y.) http://id.worldcat.org/fast/563176",,,1943-09-11,"2 pages, 1 photograph : b&w ; 8 x 9.75 in. (20.32 x 24.77 cm)",Documentary photographs,In Copyright,"Box 3, Folder 17, Item V12/15",ZWU_SCA0228_B03_F17_V12015,2025-09-25,ZWU_SCA0228_B03_F17_V12015_001.jpg;ZWU_SCA0228_B03_F17_V12015_002.jpg
,34952,Image ,"V-12 Saturday inspection, folder 17, image V12/16","V-12 Saturday inspection, folder 17, image V12/16","Black and white photograph. Handwritten on verso, ""V12 Saturday Inspection September 11, 1943""","Yuen, Shui Kong, 1917-1992",Photographer,"Union College (Schenectady, N.Y.) http://id.worldcat.org/fast/563176",,,1943-09-11,"2 pages, 1 photograph : b&w ; 8 x 9.75 in. (20.32 x 24.77 cm)",Documentary photographs,In Copyright,"Box 3, Folder 17, Item V12/16",ZWU_SCA0228_B03_F17_V12016,2025-09-25,ZWU_SCA0228_B03_F17_V12016_001.jpg;ZWU_SCA0228_B03_F17_V12016_002.jpg
,34952,Image ,"V-12 Saturday inspection, folder 17, image V12/17","V-12 Saturday inspection, folder 17, image V12/17","Black and white photograph. Handwritten on verso, ""V12 Saturday Inspection September 11, 1943""","Yuen, Shui Kong, 1917-1992",Photographer,"Union College (Schenectady, N.Y.) http://id.worldcat.org/fast/563176",,,1943-09-11,"2 pages, 1 photograph : b&w ; 8 x 9.75 in. (20.32 x 24.77 cm)",Documentary photographs,In Copyright,"Box 3, Folder 17, Item V12/17",ZWU_SCA0228_B03_F17_V12017,2025-09-25,ZWU_SCA0228_B03_F17_V12017_001.jpg;ZWU_SCA0228_B03_F17_V12017_002.jpg
,34952,Image ,"V-12 Saturday inspection, folder 17, image V12/18","V-12 Saturday inspection, folder 17, image V12/18","Black and white photograph. Handwritten on verso, ""V12 Saturday Inspection September 11, 1943""","Yuen, Shui Kong, 1917-1992",Photographer,"Union College (Schenectady, N.Y.) http://id.worldcat.org/fast/563176",,,1943-09-11,"2 pages, 1 photograph : b&w ; 8 x 9.75 in. (20.32 x 24.77 cm)",Documentary photographs,In Copyright,"Box 3, Folder 17, Item V12/18",ZWU_SCA0228_B03_F17_V12018,2025-09-25,ZWU_SCA0228_B03_F17_V12018_001.jpg;ZWU_SCA0228_B03_F17_V12018_002.jpg
,34952,Image ,"V-12 Saturday inspection, folder 17, image V12/19","V-12 Saturday inspection, folder 17, image V12/19","Black and white photograph. Handwritten on verso, ""V12 Saturday Inspection September 11, 1943""","Yuen, Shui Kong, 1917-1992",Photographer,"Union College (Schenectady, N.Y.) http://id.worldcat.org/fast/563176",,,1943-09-11,"2 pages, 1 photograph : b&w ; 8 x 9.75 in. (20.32 x 24.77 cm)",Documentary photographs,In Copyright,"Box 3, Folder 17, Item V12/19",ZWU_SCA0228_B03_F17_V12019,2025-09-25,ZWU_SCA0228_B03_F17_V12019_001.jpg;ZWU_SCA0228_B03_F17_V12019_002.jpg
,34952,Image ,"V-12 Saturday inspection, folder 17, image V12/20","V-12 Saturday inspection, folder 17, image V12/20","Black and white photograph. Handwritten on verso, ""V12 Saturday Inspection September 11, 1943""","Yuen, Shui Kong, 1917-1992",Photographer,"Union College (Schenectady, N.Y.) http://id.worldcat.org/fast/563176",,,1943-09-11,"2 pages, 1 photograph : b&w ; 8 x 9.75 in. (20.32 x 24.77 cm)",Documentary photographs,In Copyright,"Box 3, Folder 17, Item V12/20",ZWU_SCA0228_B03_F17_V12020,2025-09-25,ZWU_SCA0228_B03_F17_V12020_001.jpg;ZWU_SCA0228_B03_F17_V12020_002.jpg
,34952,Image ,"V-12 Saturday inspection, folder 17, image V12/21","V-12 Saturday inspection, folder 17, image V12/21","Black and white photograph. Handwritten on verso, ""V12 Saturday Inspection September 11, 1943""","Yuen, Shui Kong, 1917-1992",Photographer,"Union College (Schenectady, N.Y.) http://id.worldcat.org/fast/563176",,,1943-09-11,"2 pages, 1 photograph : b&w ; 8 x 9.75 in. (20.32 x 24.77 cm)",Documentary photographs,In Copyright,"Box 3, Folder 17, Item V12/21",ZWU_SCA0228_B03_F17_V12021,2025-09-25,ZWU_SCA0228_B03_F17_V12021_001.jpg;ZWU_SCA0228_B03_F17_V12021_002.jpg
,34952,Image ,"V-12 Saturday inspection, folder 17, image V12/22","V-12 Saturday inspection, folder 17, image V12/22","Black and white photograph. Handwritten on verso, ""V12 Saturday Inspection September 11, 1943""","Yuen, Shui Kong, 1917-1992",Photographer,"Union College (Schenectady, N.Y.) http://id.worldcat.org/fast/563176",,,1943-09-11,"2 pages, 1 photograph : b&w ; 8 x 9.75 in. (20.32 x 24.77 cm)",Documentary photographs,In Copyright,"Box 3, Folder 17, Item V12/22",ZWU_SCA0228_B03_F17_V12022,2025-09-25,ZWU_SCA0228_B03_F17_V12022_001.jpg;ZWU_SCA0228_B03_F17_V12022_002.jpg
,34952,Image ,"V-12 Saturday inspection, folder 17, image V12/23","V-12 Saturday inspection, folder 17, image V12/23","Black and white photograph. Handwritten on verso, ""V12 Saturday Inspection September 11, 1943""","Yuen, Shui Kong, 1917-1992",Photographer,"Union College (Schenectady, N.Y.) http://id.worldcat.org/fast/563176",,,1943-09-11,"2 pages, 1 photograph : b&w ; 8 x 9.75 in. (20.32 x 24.77 cm)",Documentary photographs,In Copyright,"Box 3, Folder 17, Item V12/23",ZWU_SCA0228_B03_F17_V12023,2025-09-25,ZWU_SCA0228_B03_F17_V12023_001.jpg;ZWU_SCA0228_B03_F17_V12023_002.jpg
,34952,Image ,"V-12 Saturday inspection, folder 17, image V12/24","V-12 Saturday inspection, folder 17, image V12/24","Black and white photograph. Handwritten on verso, ""V12 Saturday Inspection September 11, 1943""","Yuen, Shui Kong, 1917-1992",Photographer,"Union College (Schenectady, N.Y.) http://id.worldcat.org/fast/563176",,,1943-09-11,"2 pages, 1 photograph : b&w ; 8 x 9.75 in. (20.32 x 24.77 cm)",Documentary photographs,In Copyright,"Box 3, Folder 17, Item V12/24",ZWU_SCA0228_B03_F17_V12024,2025-09-25,ZWU_SCA0228_B03_F17_V12024_001.jpg;ZWU_SCA0228_B03_F17_V12024_002.jpg
,34953,Image ,"V-J Day, folder 18, image VJD/45/1","V-J Day, folder 18, image VJD/45/1","Black and white photograph. Handwritten on verso, ""V-J Day Aug. 1945""","Yuen, Shui Kong, 1917-1992",Photographer,"Union College (Schenectady, N.Y.) http://id.worldcat.org/fast/563176",,,1945-08-01,"2 pages, 1 photograph : b&w ; 8 x 9.75 in. (20.32 x 24.77 cm)",Documentary photographs,In Copyright,"Box 3, Folder 18, Item VJD/45/1",ZWU_SCA0228_B03_F18_VJD45001,2025-09-25,ZWU_SCA0228_B03_F18_VJD45001_001.jpg;ZWU_SCA0228_B03_F18_VJD45001_002.jpg
,34953,Image ,"V-J Day, folder 18, image VJD/45/2","V-J Day, folder 18, image VJD/45/2","Black and white photograph. Handwritten on verso, ""V-J Day Aug. 1945""","Yuen, Shui Kong, 1917-1992",Photographer,"Union College (Schenectady, N.Y.) http://id.worldcat.org/fast/563176",,,1945-08-01,"2 pages, 1 photograph : b&w ; 8 x 9.75 in. (20.32 x 24.77 cm)",Documentary photographs,In Copyright,"Box 3, Folder 18, Item VJD/45/2",ZWU_SCA0228_B03_F18_VJD45002,2025-09-25,ZWU_SCA0228_B03_F18_VJD45002_001.jpg;ZWU_SCA0228_B03_F18_VJD45002_002.jpg
,34953,Image ,"V-J Day, folder 18, image VJD/45/3","V-J Day, folder 18, image VJD/45/3","Black and white photograph. Handwritten on verso, ""V-J Day August 1945""","Yuen, Shui Kong, 1917-1992",Photographer,"Union College (Schenectady, N.Y.) http://id.worldcat.org/fast/563176",,,1945-08-01,"2 pages, 1 photograph : b&w ; 8 x 9.75 in. (20.32 x 24.77 cm)",Documentary photographs,In Copyright,"Box 3, Folder 18, Item VJD/45/3",ZWU_SCA0228_B03_F18_VJD45003,2025-09-25,ZWU_SCA0228_B03_F18_VJD45003_001.jpg;ZWU_SCA0228_B03_F18_VJD45003_002.jpg
,34954,Image ,"Sesquicentennial, folder 19, image SQC 1","Sesquicentennial, folder 19, image SQC 1","Black and white photograph. Handwritten on verso, ""2nd from right - Frank Bailey 6th from right - Acting President, Ben. Whitaker 8th from right - Chairman of Trustees,  Walter Baker Sesqui-centennial September, 1945""","Yuen, Shui Kong, 1917-1992",Photographer,"Union College (Schenectady, N.Y.) http://id.worldcat.org/fast/563176","Bailey, Frank; Whitaker, Benjamin; Baker, Walter",,1945-09-01,"2 pages, 1 photograph : b&w ; 8 x 9.75 in. (20.32 x 24.77 cm)",Documentary photographs,In Copyright,"Box 3, Folder 19, Item SQC 1",ZWU_SCA0228_B03_F19_SQC001,2025-09-25,ZWU_SCA0228_B03_F19_SQC001_001.jpg;ZWU_SCA0228_B03_F19_SQC001_002.jpg
,34954,Image ,"Sesquicentennial, folder 19, image SQC 2","Sesquicentennial, folder 19, image SQC 2","Black and white photograph. Handwritten on verso, ""2nd from right - Frank Bailey 6th from right - Acting President, Ben. Whitaker 8th from right - Chairman of Trustees,  Walter Baker Sesqui-centennial September, 1945""","Yuen, Shui Kong, 1917-1992",Photographer,"Union College (Schenectady, N.Y.) http://id.worldcat.org/fast/563176","Bailey, Frank; Whitaker, Benjamin; Baker, Walter",,1945-09-01,"2 pages, 1 photograph : b&w ; 8 x 9.75 in. (20.32 x 24.77 cm)",Documentary photographs,In Copyright,"Box 3, Folder 19, Item SQC 2",ZWU_SCA0228_B03_F19_SQC002,2025-09-25,ZWU_SCA0228_B03_F19_SQC002_001.jpg;ZWU_SCA0228_B03_F19_SQC002_002.jpg
,34954,Image ,"Sesquicentennial, folder 19, image SQC 3","Sesquicentennial, folder 19, image SQC 3","Black and white photograph. Handwritten on verso, ""Dr. Tidmarch leading the gathering to sing alma mater? Sesqui-centennial September, 1945""","Yuen, Shui Kong, 1917-1992",Photographer,"Union College (Schenectady, N.Y.) http://id.worldcat.org/fast/563176",,,1945-09-01,"2 pages, 1 photograph : b&w ; 8 x 9.75 in. (20.32 x 24.77 cm)",Documentary photographs,In Copyright,"Box 3, Folder 19, Item SQC 3",ZWU_SCA0228_B03_F19_SQC003,2025-09-25,ZWU_SCA0228_B03_F19_SQC003_001.jpg;ZWU_SCA0228_B03_F19_SQC003_002.jpg
,34954,Image ,"Sesquicentennial, folder 19, image SQC 4","Sesquicentennial, folder 19, image SQC 4","Black and white photograph. Handwritten on verso, ""Sesqui-centennial September, 1945""","Yuen, Shui Kong, 1917-1992",Photographer,"Union College (Schenectady, N.Y.) http://id.worldcat.org/fast/563176",,,1945-09-01,"2 pages, 1 photograph : b&w ; 8 x 9.75 in. (20.32 x 24.77 cm)",Documentary photographs,In Copyright,"Box 3, Folder 19, Item SQC 4",ZWU_SCA0228_B03_F19_SQC004,2025-09-25,ZWU_SCA0228_B03_F19_SQC004_001.jpg;ZWU_SCA0228_B03_F19_SQC004_002.jpg
,34954,Image ,"Sesquicentennial, folder 19, image SQC 5","Sesquicentennial, folder 19, image SQC 5","Black and white photograph. Handwritten on verso, ""Sesqui-centennial September, 1945""","Yuen, Shui Kong, 1917-1992",Photographer,"Union College (Schenectady, N.Y.) http://id.worldcat.org/fast/563176",,,1945-09-01,"2 pages, 1 photograph : b&w ; 8 x 9.75 in. (20.32 x 24.77 cm)",Documentary photographs,In Copyright,"Box 3, Folder 19, Item SQC 5",ZWU_SCA0228_B03_F19_SQC005,2025-09-25,ZWU_SCA0228_B03_F19_SQC005_001.jpg;ZWU_SCA0228_B03_F19_SQC005_002.jpg
,34954,Image ,"Sesquicentennial, folder 19, image SQC 6","Sesquicentennial, folder 19, image SQC 6","Black and white photograph. Handwritten on verso, ""Sesqui-centennial September, 1945""","Yuen, Shui Kong, 1917-1992",Photographer,"Union College (Schenectady, N.Y.) http://id.worldcat.org/fast/563176",,,1945-09-01,"2 pages, 1 photograph : b&w ; 8 x 9.75 in. (20.32 x 24.77 cm)",Documentary photographs,In Copyright,"Box 3, Folder 19, Item SQC 6",ZWU_SCA0228_B03_F19_SQC006,2025-09-25,ZWU_SCA0228_B03_F19_SQC006_001.jpg;ZWU_SCA0228_B03_F19_SQC006_002.jpg
,34954,Image ,"Sesquicentennial, folder 19, image SQC 7","Sesquicentennial, folder 19, image SQC 7","Black and white photograph. Handwritten on verso, ""Sesqui-centennial September, 1945""","Yuen, Shui Kong, 1917-1992",Photographer,"Union College (Schenectady, N.Y.) http://id.worldcat.org/fast/563176",,,1945-09-01,"2 pages, 1 photograph : b&w ; 8 x 9.75 in. (20.32 x 24.77 cm)",Documentary photographs,In Copyright,"Box 3, Folder 19, Item SQC 7",ZWU_SCA0228_B03_F19_SQC007,2025-09-25,ZWU_SCA0228_B03_F19_SQC007_001.jpg;ZWU_SCA0228_B03_F19_SQC007_002.jpg
,34954,Image ,"Sesquicentennial, folder 19, image SQC 8","Sesquicentennial, folder 19, image SQC 8","Black and white photograph. Handwritten on verso, ""Sesqui-centennial September, 1945""","Yuen, Shui Kong, 1917-1992",Photographer,"Union College (Schenectady, N.Y.) http://id.worldcat.org/fast/563176",,,1945-09-01,"2 pages, 1 photograph : b&w ; 8 x 9.75 in. (20.32 x 24.77 cm)",Documentary photographs,In Copyright,"Box 3, Folder 19, Item SQC 8",ZWU_SCA0228_B03_F19_SQC008,2025-09-25,ZWU_SCA0228_B03_F19_SQC008_001.jpg;ZWU_SCA0228_B03_F19_SQC008_002.jpg
,34954,Image ,"Sesquicentennial, folder 19, image SQC 9","Sesquicentennial, folder 19, image SQC 9","Black and white photograph. Handwritten on verso, ""Sesqui-centennial September, 1945""","Yuen, Shui Kong, 1917-1992",Photographer,"Union College (Schenectady, N.Y.) http://id.worldcat.org/fast/563176",,,1945-09-01,"2 pages, 1 photograph : b&w ; 8 x 9.75 in. (20.32 x 24.77 cm)",Documentary photographs,In Copyright,"Box 3, Folder 19, Item SQC 9",ZWU_SCA0228_B03_F19_SQC009,2025-09-25,ZWU_SCA0228_B03_F19_SQC009_001.jpg;ZWU_SCA0228_B03_F19_SQC009_002.jpg
,34955,Image ,"Varsity Sports-Track and Field, folder 20, image S/TF/1","Varsity Sports-Track and Field, folder 20, image S/TF/1","Black and white photograph. Handwritten on verso, ""Track + Field Spring 1941""","Yuen, Shui Kong, 1917-1992",Photographer,"Union College (Schenectady, N.Y.) http://id.worldcat.org/fast/563176",,March 1941-May 1941,,"2 pages, 1 photograph : b&w ; 8 x 9.75 in. (20.32 x 24.77 cm)",Documentary photographs,In Copyright,"Box 3, Folder 20, Item TF 01",ZWU_SCA0228_B03_F20_TF001,2025-09-25,ZWU_SCA0228_B03_F20_TF001_001.jpg;ZWU_SCA0228_B03_F20_TF001_002.jpg
,34955,Image ,"Varsity Sports-Track and Field, folder 20, image S/TF/2","Varsity Sports-Track and Field, folder 20, image S/TF/2","Black and white photograph. Handwritten on verso, ""Track + Field Spring 1941""","Yuen, Shui Kong, 1917-1992",Photographer,"Union College (Schenectady, N.Y.) http://id.worldcat.org/fast/563176",,March 1941-May 1941,,"2 pages, 1 photograph : b&w ; 8 x 9.75 in. (20.32 x 24.77 cm)",Documentary photographs,In Copyright,"Box 3, Folder 20, Item TF 02",ZWU_SCA0228_B03_F20_TF002,2025-09-25,ZWU_SCA0228_B03_F20_TF002_001.jpg;ZWU_SCA0228_B03_F20_TF002_002.jpg
,34955,Image ,"Varsity Sports-Track and Field, folder 20, image S/TF/3","Varsity Sports-Track and Field, folder 20, image S/TF/3","Black and white photograph. Handwritten on verso, ""Track + Field Spring 1941""","Yuen, Shui Kong, 1917-1992",Photographer,"Union College (Schenectady, N.Y.) http://id.worldcat.org/fast/563176",,March 1941-May 1941,,"2 pages, 1 photograph : b&w ; 8 x 9.75 in. (20.32 x 24.77 cm)",Documentary photographs,In Copyright,"Box 3, Folder 20, Item TF 03",ZWU_SCA0228_B03_F20_TF003,2025-09-25,ZWU_SCA0228_B03_F20_TF003_001.jpg;ZWU_SCA0228_B03_F20_TF003_002.jpg
,34955,Image ,"Varsity Sports-Track and Field, folder 20, image S/TF/4","Varsity Sports-Track and Field, folder 20, image S/TF/4","Black and white photograph. Handwritten on verso, ""Track + Field Spring 1941""","Yuen, Shui Kong, 1917-1992",Photographer,"Union College (Schenectady, N.Y.) http://id.worldcat.org/fast/563176",,March 1941-May 1941,,"2 pages, 1 photograph : b&w ; 8 x 9.75 in. (20.32 x 24.77 cm)",Documentary photographs,In Copyright,"Box 3, Folder 20, Item TF 04",ZWU_SCA0228_B03_F20_TF004,2025-09-25,ZWU_SCA0228_B03_F20_TF004_001.jpg;ZWU_SCA0228_B03_F20_TF004_002.jpg
,34955,Image ,"Varsity Sports-Track and Field, folder 20, image S/TF/5","Varsity Sports-Track and Field, folder 20, image S/TF/5","Black and white photograph. Handwritten on verso, ""Track + Field Spring 1941""","Yuen, Shui Kong, 1917-1992",Photographer,"Union College (Schenectady, N.Y.) http://id.worldcat.org/fast/563176",,March 1941-May 1941,,"2 pages, 1 photograph : b&w ; 8 x 9.75 in. (20.32 x 24.77 cm)",Documentary photographs,In Copyright,"Box 3, Folder 20, Item TF 05",ZWU_SCA0228_B03_F20_TF005,2025-09-25,ZWU_SCA0228_B03_F20_TF005_001.jpg;ZWU_SCA0228_B03_F20_TF005_002.jpg
,34955,Image ,"Varsity Sports-Track and Field, folder 20, image S/TF/6","Varsity Sports-Track and Field, folder 20, image S/TF/6","Black and white photograph. Handwritten on verso, ""Track + Field Spring 1941""","Yuen, Shui Kong, 1917-1992",Photographer,"Union College (Schenectady, N.Y.) http://id.worldcat.org/fast/563176",,March 1941-May 1941,,"2 pages, 1 photograph : b&w ; 8 x 9.75 in. (20.32 x 24.77 cm)",Documentary photographs,In Copyright,"Box 3, Folder 20, Item TF 06",ZWU_SCA0228_B03_F20_TF006,2025-09-25,ZWU_SCA0228_B03_F20_TF006_001.jpg;ZWU_SCA0228_B03_F20_TF006_002.jpg
,34955,Image ,"Varsity Sports-Track and Field, folder 20, image S/TF/7","Varsity Sports-Track and Field, folder 20, image S/TF/7","Black and white photograph. Handwritten on verso, ""Track + Field Spring, 1941""","Yuen, Shui Kong, 1917-1992",Photographer,"Union College (Schenectady, N.Y.) http://id.worldcat.org/fast/563176",,March 1941-May 1941,,"2 pages, 1 photograph : b&w ; 8 x 9.75 in. (20.32 x 24.77 cm)",Documentary photographs,In Copyright,"Box 3, Folder 20, Item TF 07",ZWU_SCA0228_B03_F20_TF007,2025-09-25,ZWU_SCA0228_B03_F20_TF007_001.jpg;ZWU_SCA0228_B03_F20_TF007_002.jpg
,34955,Image ,"Varsity Sports-Track and Field, folder 20, image S/TF/8","Varsity Sports-Track and Field, folder 20, image S/TF/8","Black and white photograph. Handwritten on verso, ""Track + Field Spring 1941""","Yuen, Shui Kong, 1917-1992",Photographer,"Union College (Schenectady, N.Y.) http://id.worldcat.org/fast/563176",,March 1941-May 1941,,"2 pages, 1 photograph : b&w ; 8 x 9.75 in. (20.32 x 24.77 cm)",Documentary photographs,In Copyright,"Box 3, Folder 20, Item TF 08",ZWU_SCA0228_B03_F20_TF008,2025-09-25,ZWU_SCA0228_B03_F20_TF008_001.jpg;ZWU_SCA0228_B03_F20_TF008_002.jpg
,34956,Image ,"Varsity Sports-individual lacrosse players, folder 21, image I/LC/31","Varsity Sports-individual lacrosse players, folder 21, image I/LC/31","Black and white photograph. Handwritten on verso, ""Fred Wyatt Coach of La Crosse Team April 1, 1941""","Yuen, Shui Kong, 1917-1992",Photographer,"Union College (Schenectady, N.Y.) http://id.worldcat.org/fast/563176","Wyatt, Fred",,1941-04-01,"2 pages, 1 photograph : b&w ; 8 x 9.75 in. (20.32 x 24.77 cm)",Documentary photographs,In Copyright,"Box 3, Folder 21, Item I/LC/31",ZWU_SCA0228_B03_F21_ILC031,2025-09-25,ZWU_SCA0228_B03_F21_ILC031_001.jpg;ZWU_SCA0228_B03_F21_ILC031_002.jpg
,34956,Image ,"Varsity Sports-individual lacrosse players, folder 21, image I/LC/32","Varsity Sports-individual lacrosse players, folder 21, image I/LC/32","Black and white photograph. Handwritten on verso, ""Dick Balch April 2, 1941 at Johns Hopkins' Homewood Field""","Yuen, Shui Kong, 1917-1992",Photographer,"Union College (Schenectady, N.Y.) http://id.worldcat.org/fast/563176","Balch, Dick",,1941-04-02,"2 pages, 1 photograph : b&w ; 8 x 9.75 in. (20.32 x 24.77 cm)",Documentary photographs,In Copyright,"Box 3, Folder 21, Item I/LC/32",ZWU_SCA0228_B03_F21_ILC032,2025-09-25,ZWU_SCA0228_B03_F21_ILC032_001.jpg;ZWU_SCA0228_B03_F21_ILC032_002.jpg
,34956,Image ,"Varsity Sports-individual lacrosse players, folder 21, image I/LC/33","Varsity Sports-individual lacrosse players, folder 21, image I/LC/33","Black and white photograph. Handwritten on verso, ""Ed. Eustice Aprile 2, 1941 Johns Hopkins""","Yuen, Shui Kong, 1917-1992",Photographer,"Union College (Schenectady, N.Y.) http://id.worldcat.org/fast/563176","Eustice, Ed.",,1941-04-02,"2 pages, 1 photograph : b&w ; 8 x 9.75 in. (20.32 x 24.77 cm)",Documentary photographs,In Copyright,"Box 3, Folder 21, Item I/LC/33",ZWU_SCA0228_B03_F21_ILC033,2025-09-25,ZWU_SCA0228_B03_F21_ILC033_001.jpg;ZWU_SCA0228_B03_F21_ILC033_002.jpg
,34956,Image ,"Varsity Sports-individual lacrosse players, folder 21, image I/LC/34","Varsity Sports-individual lacrosse players, folder 21, image I/LC/34","Black and white photograph. Handwritten on verso, ""Jack Gilbert April 2, 1941 at Johns Hopkins""","Yuen, Shui Kong, 1917-1992",Photographer,"Union College (Schenectady, N.Y.) http://id.worldcat.org/fast/563176","Gilbert, Jack",,1941-04-02,"2 pages, 1 photograph : b&w ; 8 x 9.75 in. (20.32 x 24.77 cm)",Documentary photographs,In Copyright,"Box 3, Folder 21, Item I/LC/34",ZWU_SCA0228_B03_F21_ILC034,2025-09-25,ZWU_SCA0228_B03_F21_ILC034_001.jpg;ZWU_SCA0228_B03_F21_ILC034_002.jpg
,34956,Image ,"Varsity Sports-individual lacrosse players, folder 21, image I/LC/35","Varsity Sports-individual lacrosse players, folder 21, image I/LC/35","Black and white photograph. Handwritten on verso, ""Dick Griffith April 2, 1941 at Johns Hopkins""","Yuen, Shui Kong, 1917-1992",Photographer,"Union College (Schenectady, N.Y.) http://id.worldcat.org/fast/563176","Griffith, Dick",,1941-04-02,"2 pages, 1 photograph : b&w ; 8 x 9.75 in. (20.32 x 24.77 cm)",Documentary photographs,In Copyright,"Box 3, Folder 21, Item I/LC/35",ZWU_SCA0228_B03_F21_ILC035,2025-09-25,ZWU_SCA0228_B03_F21_ILC035_001.jpg;ZWU_SCA0228_B03_F21_ILC035_002.jpg
,34956,Image ,"Varsity Sports-individual lacrosse players, folder 21, image I/LC/36","Varsity Sports-individual lacrosse players, folder 21, image I/LC/36","Black and white photograph. Handwritten on verso, ""Douglas Holmes April 2, 1941 at Johns Hopkins""","Yuen, Shui Kong, 1917-1992",Photographer,"Union College (Schenectady, N.Y.) http://id.worldcat.org/fast/563176","Holmes, Douglas",,1941-04-02,"2 pages, 1 photograph : b&w ; 8 x 9.75 in. (20.32 x 24.77 cm)",Documentary photographs,In Copyright,"Box 3, Folder 21, Item I/LC/36",ZWU_SCA0228_B03_F21_ILC036,2025-09-25,ZWU_SCA0228_B03_F21_ILC036_001.jpg;ZWU_SCA0228_B03_F21_ILC036_002.jpg
,34956,Image ,"Varsity Sports-individual lacrosse players, folder 21, image I/LC/37","Varsity Sports-individual lacrosse players, folder 21, image I/LC/37","Black and white photograph. Handwritten on verso, ""Pat Knopf Aprile 1, 1941""","Yuen, Shui Kong, 1917-1992",Photographer,"Union College (Schenectady, N.Y.) http://id.worldcat.org/fast/563176","Knopf, Alfred A., Jr., 1918-2009",,1941-04-01,"2 pages, 1 photograph : b&w ; 8 x 9.75 in. (20.32 x 24.77 cm)",Documentary photographs,In Copyright,"Box 3, Folder 21, Item I/LC/37",ZWU_SCA0228_B03_F21_ILC037,2025-09-25,ZWU_SCA0228_B03_F21_ILC037_001.jpg;ZWU_SCA0228_B03_F21_ILC037_002.jpg
,34956,Image ,"Varsity Sports-individual lacrosse players, folder 21, image I/LC/38","Varsity Sports-individual lacrosse players, folder 21, image I/LC/38","Black and white photograph. Handwritten on verso, ""Bob Malloy April 2, 1941 Johns Hopkins""","Yuen, Shui Kong, 1917-1992",Photographer,"Union College (Schenectady, N.Y.) http://id.worldcat.org/fast/563176","Malloy, Robert Armstrong",,1941-04-02,"2 pages, 1 photograph : b&w ; 8 x 9.75 in. (20.32 x 24.77 cm)",Documentary photographs,In Copyright,"Box 3, Folder 21, Item I/LC/38",ZWU_SCA0228_B03_F21_ILC038,2025-09-25,ZWU_SCA0228_B03_F21_ILC038_001.jpg;ZWU_SCA0228_B03_F21_ILC038_002.jpg
,34956,Image ,"Varsity Sports-individual lacrosse players, folder 21, image I/LC/39","Varsity Sports-individual lacrosse players, folder 21, image I/LC/39","Black and white photograph. Handwritten on verso, ""Robert Nothacker April 2, 1941 Johns Hopkins U's Homewood Field""","Yuen, Shui Kong, 1917-1992",Photographer,"Union College (Schenectady, N.Y.) http://id.worldcat.org/fast/563176","Nothacker, Robert W.",,1941-04-02,"2 pages, 1 photograph : b&w ; 8 x 9.75 in. (20.32 x 24.77 cm)",Documentary photographs,In Copyright,"Box 3, Folder 21, Item I/LC/39",ZWU_SCA0228_B03_F21_ILC039,2025-09-25,ZWU_SCA0228_B03_F21_ILC039_001.jpg;ZWU_SCA0228_B03_F21_ILC039_002.jpg
,34956,Image ,"Varsity Sports-individual lacrosse players, folder 21, image I/LC/40","Varsity Sports-individual lacrosse players, folder 21, image I/LC/40","Black and white photograph. Handwritten on verso, ""Edward Ward April 2, 1941 at Johns Hopkins""","Yuen, Shui Kong, 1917-1992",Photographer,"Union College (Schenectady, N.Y.) http://id.worldcat.org/fast/563176","Ward, Edward",,1941-04-02,"2 pages, 1 photograph : b&w ; 8 x 9.75 in. (20.32 x 24.77 cm)",Documentary photographs,In Copyright,"Box 3, Folder 21, Item I/LC/40",ZWU_SCA0228_B03_F21_ILC040,2025-09-25,ZWU_SCA0228_B03_F21_ILC040_001.jpg;ZWU_SCA0228_B03_F21_ILC040_002.jpg
,34956,Image ,"Varsity Sports-individual lacrosse players, folder 21, image I/LC/41","Varsity Sports-individual lacrosse players, folder 21, image I/LC/41","Black and white photograph. Handwritten on verso, ""George Weed April 2, 1941 Johns Hopkins""","Yuen, Shui Kong, 1917-1992",Photographer,"Union College (Schenectady, N.Y.) http://id.worldcat.org/fast/563176","Weed, George",,1941-04-02,"2 pages, 1 photograph : b&w ; 8 x 9.75 in. (20.32 x 24.77 cm)",Documentary photographs,In Copyright,"Box 3, Folder 21, Item I/LC/41",ZWU_SCA0228_B03_F21_ILC041,2025-09-25,ZWU_SCA0228_B03_F21_ILC041_001.jpg;ZWU_SCA0228_B03_F21_ILC041_002.jpg
,34956,Image ,"Varsity Sports-individual lacrosse players, folder 21, image I/LC/42","Varsity Sports-individual lacrosse players, folder 21, image I/LC/42","Black and white photograph. Handwritten on verso, ""Fred Wycoff April 1941""","Yuen, Shui Kong, 1917-1992",Photographer,"Union College (Schenectady, N.Y.) http://id.worldcat.org/fast/563176","Wycoff, Fred",,1941-04-01,"2 pages, 1 photograph : b&w ; 8 x 9.75 in. (20.32 x 24.77 cm)",Documentary photographs,In Copyright,"Box 3, Folder 21, Item I/LC/42",ZWU_SCA0228_B03_F21_ILC042,2025-09-25,ZWU_SCA0228_B03_F21_ILC042_001.jpg;ZWU_SCA0228_B03_F21_ILC042_002.jpg
,34957,Image ,"Baseball practice, folder 22, image S/BB/1","Baseball practice, folder 22, image S/BB/1","Black and white photograph. Handwritten on verso, ""Bruce Baseball Practice April 14, 1942""","Yuen, Shui Kong, 1917-1992",Photographer,"Union College (Schenectady, N.Y.) http://id.worldcat.org/fast/563176",,,1942-04-14,"2 pages, 1 photograph : b&w ; 8 x 9.75 in. (20.32 x 24.77 cm)",Documentary photographs,In Copyright,"Box 3, Folder 22, Item S/BB/1",ZWU_SCA0228_B03_F22_SBB001,2025-09-25,ZWU_SCA0228_B03_F22_SBB001_001.jpg;ZWU_SCA0228_B03_F22_SBB001_002.jpg
,34957,Image ,"Baseball practice, folder 22, image S/BB/2","Baseball practice, folder 22, image S/BB/2","Black and white photograph. Handwritten on verso, ""Jones Baseball Practice April 14, 1942""","Yuen, Shui Kong, 1917-1992",Photographer,"Union College (Schenectady, N.Y.) http://id.worldcat.org/fast/563176",,,1942-04-14,"2 pages, 1 photograph : b&w ; 8 x 9.75 in. (20.32 x 24.77 cm)",Documentary photographs,In Copyright,"Box 3, Folder 22, Item S/BB/2",ZWU_SCA0228_B03_F22_SBB002,2025-09-25,ZWU_SCA0228_B03_F22_SBB002_001.jpg;ZWU_SCA0228_B03_F22_SBB002_002.jpg
,34957,Image ,"Baseball practice, folder 22, image S/BB/3","Baseball practice, folder 22, image S/BB/3","Black and white photograph. Handwritten on verso, ""Don Quinley Baseball Practice April 14, 1944""","Yuen, Shui Kong, 1917-1992",Photographer,"Union College (Schenectady, N.Y.) http://id.worldcat.org/fast/563176","Quinley, Don",,1944-04-14,"2 pages, 1 photograph : b&w ; 8 x 9.75 in. (20.32 x 24.77 cm)",Documentary photographs,In Copyright,"Box 3, Folder 22, Item S/BB/3",ZWU_SCA0228_B03_F22_SBB003,2025-09-25,ZWU_SCA0228_B03_F22_SBB003_001.jpg;ZWU_SCA0228_B03_F22_SBB003_002.jpg
,34957,Image ,"Baseball practice, folder 22, image S/BB/4","Baseball practice, folder 22, image S/BB/4","Black and white photograph. Handwritten on verso, ""Baseball Practice April 14, 1942""","Yuen, Shui Kong, 1917-1992",Photographer,"Union College (Schenectady, N.Y.) http://id.worldcat.org/fast/563176",,,1942-04-14,"2 pages, 1 photograph : b&w ; 8 x 9.75 in. (20.32 x 24.77 cm)",Documentary photographs,In Copyright,"Box 3, Folder 22, Item S/BB/4",ZWU_SCA0228_B03_F22_SBB004,2025-09-25,ZWU_SCA0228_B03_F22_SBB004_001.jpg;ZWU_SCA0228_B03_F22_SBB004_002.jpg
,34957,Image ,"Baseball practice, folder 22, image S/BB/5","Baseball practice, folder 22, image S/BB/5","Black and white photograph. Handwritten on verso, ""Baseball Practice April 14, 1942""","Yuen, Shui Kong, 1917-1992",Photographer,"Union College (Schenectady, N.Y.) http://id.worldcat.org/fast/563176",,,1942-04-14,"2 pages, 1 photograph : b&w ; 8 x 9.75 in. (20.32 x 24.77 cm)",Documentary photographs,In Copyright,"Box 3, Folder 22, Item S/BB/5",ZWU_SCA0228_B03_F22_SBB005,2025-09-25,ZWU_SCA0228_B03_F22_SBB005_001.jpg;ZWU_SCA0228_B03_F22_SBB005_002.jpg
,34958,Image ,"Sports-physical training, folder 23, image S/PT/1","Sports-physical training, folder 23, image S/PT/1","Black and white photograph. Handwritten on verso, ""Physical Training""","Yuen, Shui Kong, 1917-1992",Photographer,"Union College (Schenectady, N.Y.) http://id.worldcat.org/fast/563176",,,,"2 pages, 1 photograph : b&w ; 8 x 9.75 in. (20.32 x 24.77 cm)",Documentary photographs,In Copyright,"Box 3, Folder 23, Item S/PT/1",ZWU_SCA0228_B03_F23_SPT001,2025-09-25,ZWU_SCA0228_B03_F23_SPT001_001.jpg;ZWU_SCA0228_B03_F23_SPT001_002.jpg
,34958,Image ,"Sports-physical training, folder 23, image S/PT/2","Sports-physical training, folder 23, image S/PT/2","Black and white photograph. Handwritten on verso, ""Physical Training""","Yuen, Shui Kong, 1917-1992",Photographer,"Union College (Schenectady, N.Y.) http://id.worldcat.org/fast/563176",,,,"2 pages, 1 photograph : b&w ; 8 x 9.75 in. (20.32 x 24.77 cm)",Documentary photographs,In Copyright,"Box 3, Folder 23, Item S/PT/2",ZWU_SCA0228_B03_F23_SPT002,2025-09-25,ZWU_SCA0228_B03_F23_SPT002_001.jpg;ZWU_SCA0228_B03_F23_SPT002_002.jpg
,34958,Image ,"Sports-physical training, folder 23, image S/PT/3","Sports-physical training, folder 23, image S/PT/3","Black and white photograph. Handwritten on verso, ""Physical Training""","Yuen, Shui Kong, 1917-1992",Photographer,"Union College (Schenectady, N.Y.) http://id.worldcat.org/fast/563176",,,,"2 pages, 1 photograph : b&w ; 8 x 9.75 in. (20.32 x 24.77 cm)",Documentary photographs,In Copyright,"Box 3, Folder 23, Item S/PT/3",ZWU_SCA0228_B03_F23_SPT003,2025-09-25,ZWU_SCA0228_B03_F23_SPT003_001.jpg;ZWU_SCA0228_B03_F23_SPT003_002.jpg
,34959,Image ,"Sports-swimming, folder 24, image S/S/3","Sports-swimming, folder 24, image S/S/3","Black and white photograph. Handwritten on verso, ""Swimming (1940-41?)""","Yuen, Shui Kong, 1917-1992",Photographer,"Union College (Schenectady, N.Y.) http://id.worldcat.org/fast/563176",,1940-1941,,"2 pages, 1 photograph : b&w ; 8 x 9.75 in. (20.32 x 24.77 cm)",Documentary photographs,In Copyright,"Box 3, Folder 24, Item S/S/3",ZWU_SCA0228_B03_F24_SS003,2025-09-26,ZWU_SCA0228_B03_F24_SS003_001.jpg;ZWU_SCA0228_B03_F24_SS003_002.jpg
,34959,Image ,"Sports-swimming, folder 24, image S/S/4","Sports-swimming, folder 24, image S/S/4","Black and white photograph. Handwritten on verso, ""Swimming (1940-41?)""","Yuen, Shui Kong, 1917-1992",Photographer,"Union College (Schenectady, N.Y.) http://id.worldcat.org/fast/563176",,1940-1941,,"2 pages, 1 photograph : b&w ; 8 x 9.75 in. (20.32 x 24.77 cm)",Documentary photographs,In Copyright,"Box 3, Folder 24, Item S/S/4",ZWU_SCA0228_B03_F24_SS004,2025-09-26,ZWU_SCA0228_B03_F24_SS004_001.jpg;ZWU_SCA0228_B03_F24_SS004_002.jpg
,34960,Image ,"Swimming record board, folder 25, image S/S/2","Swimming record board, folder 25, image S/S/2","Black and white photograph. Handwritten on verso, ""Swimming Records December 18, 1940""","Yuen, Shui Kong, 1917-1992",Photographer,"Union College (Schenectady, N.Y.) http://id.worldcat.org/fast/563176",,,1940-12-18,"2 pages, 1 photograph : b&w ; 8 x 9.75 in. (20.32 x 24.77 cm)",Documentary photographs,In Copyright,"Box 3, Folder 25, Item S/S/2",ZWU_SCA0228_B03_F25_SS002,2025-09-26,ZWU_SCA0228_B03_F25_SS002_001.jpg;ZWU_SCA0228_B03_F25_SS002_002.jpg
,34961,Image ,"Alumni dinner, Pres. Dixon Ryan Fox, folder 26, image MISC/AD/1","Alumni dinner, Pres. Dixon Ryan Fox, folder 26, image MISC/AD/1","Black and white photograph. Handwritten on verso, ""President D.R. Fox Alumni Dinner at Baltimore April 2, 1941""","Yuen, Shui Kong, 1917-1992",Photographer,"Union College (Schenectady, N.Y.) http://id.worldcat.org/fast/563176","Fox, Dixon Ryan, 1887-1945",,1941-04-02,"2 pages, 1 photograph : b&w ; 8 x 9.75 in. (20.32 x 24.77 cm)",Documentary photographs,In Copyright,"Box 3, Folder 26, Item MISC/AD/1",ZWU_SCA0228_B03_F26_MISCAD001,2025-09-26,ZWU_SCA0228_B03_F26_MISCAD001_001.jpg;ZWU_SCA0228_B03_F26_MISCAD001_002.jpg
,34961,Image ,"Alumni dinner, Pres. Dixon Ryan Fox, folder 26, image MISC/AD/2","Alumni dinner, Pres. Dixon Ryan Fox, folder 26, image MISC/AD/2","Black and white photograph. Handwritten on verso, ""President D.R. Fox Alumni Dinner at Baltimore April 2, 1941""","Yuen, Shui Kong, 1917-1992",Photographer,"Union College (Schenectady, N.Y.) http://id.worldcat.org/fast/563176","Fox, Dixon Ryan, 1887-1945",,1941-04-02,"2 pages, 1 photograph : b&w ; 8 x 9.75 in. (20.32 x 24.77 cm)",Documentary photographs,In Copyright,"Box 3, Folder 26, Item MISC/AD/2",ZWU_SCA0228_B03_F26_MISCAD002,2025-09-26,ZWU_SCA0228_B03_F26_MISCAD002_001.jpg;ZWU_SCA0228_B03_F26_MISCAD002_002.jpg
,34962,Image ,"Easter Sunday chapel service, folder 27, image MISC/ES/7","Easter Sunday chapel service, folder 27, image MISC/ES/7","Black and white photograph. Handwritten on verso, ""Easter Sunday Chapel Service April 5, 1942""","Yuen, Shui Kong, 1917-1992",Photographer,"Union College (Schenectady, N.Y.) http://id.worldcat.org/fast/563176",,,1942-04-05,"2 pages, 1 photograph : b&w ; 8 x 9.75 in. (20.32 x 24.77 cm)",Documentary photographs,In Copyright,"Box 3, Folder 27, Item MISC/ES/7",ZWU_SCA0228_B03_F27_MISCES007,2025-09-26,ZWU_SCA0228_B03_F27_MISCES007_001.jpg;ZWU_SCA0228_B03_F27_MISCES007_002.jpg
,34963,Image ,"Sunday chapel, folder 01, image MISC/SC/3","Sunday chapel, folder 01, image MISC/SC/3","Black and white photograph. Handwritten on verso, ""Sunday Chapel December 3, 1944""","Yuen, Shui Kong, 1917-1992",Creator,"Union College (Schenectady, N.Y.) http://id.worldcat.org/fast/563176",,,1944-12-03,"2 pages, 1 photograph : b&w ; 8 x 9.75 in. (20.32 x 24.77 cm)",Documentary photographs,In Copyright,"Box 4, Folder 1, Item MISC/SC/3",ZWU_SCA0228_B04_F01_MISCSC003,2025-09-26,ZWU_SCA0228_B04_F01_MISCSC003_001.jpg;ZWU_SCA0228_B04_F01_MISCSC003_002.jpg
,34963,Image ,"Sunday chapel, folder 01, image MISC/SC/4","Sunday chapel, folder 01, image MISC/SC/4","Black and white photograph. Handwritten on verso, ""Sunday Chapel December 3, 1944""","Yuen, Shui Kong, 1917-1992",Creator,"Union College (Schenectady, N.Y.) http://id.worldcat.org/fast/563176",,,1944-12-03,"2 pages, 1 photograph : b&w ; 8 x 9.75 in. (20.32 x 24.77 cm)",Documentary photographs,In Copyright,"Box 4, Folder 1, Item MISC/SC/4",ZWU_SCA0228_B04_F01_MISCSC004,2025-09-26,ZWU_SCA0228_B04_F01_MISCSC004_001.jpg;ZWU_SCA0228_B04_F01_MISCSC004_002.jpg
,34963,Image ,"Sunday chapel, folder 01, image MISC/SC/5","Sunday chapel, folder 01, image MISC/SC/5","Black and white photograph. Handwritten on verso, ""Sunday Chapel December 3, 1944""","Yuen, Shui Kong, 1917-1992",Creator,"Union College (Schenectady, N.Y.) http://id.worldcat.org/fast/563176",,,1944-12-03,"2 pages, 1 photograph : b&w ; 8 x 9.75 in. (20.32 x 24.77 cm)",Documentary photographs,In Copyright,"Box 4, Folder 1, Item MISC/SC/5",ZWU_SCA0228_B04_F01_MISCSC005,2025-09-26,ZWU_SCA0228_B04_F01_MISCSC005_001.jpg;ZWU_SCA0228_B04_F01_MISCSC005_002.jpg
,34963,Image ,"Sunday chapel, folder 01, image MISC/SC/6","Sunday chapel, folder 01, image MISC/SC/6","Black and white photograph. Handwritten on verso, ""Sunday Chapel December 3, 1944""","Yuen, Shui Kong, 1917-1992",Creator,"Union College (Schenectady, N.Y.) http://id.worldcat.org/fast/563176",,,1944-12-03,"2 pages, 1 photograph : b&w ; 8 x 9.75 in. (20.32 x 24.77 cm)",Documentary photographs,In Copyright,"Box 4, Folder 1, Item MISC/SC/6",ZWU_SCA0228_B04_F01_MISCSC006,2025-09-26,ZWU_SCA0228_B04_F01_MISCSC006_001.jpg;ZWU_SCA0228_B04_F01_MISCSC006_002.jpg
,34964,Image ,"Varsity football, folder 02, image S/F/69 ","Varsity football, folder 02, image S/F/69 ","Black and white photograph. Handwritten on verso, ""Football Team Night Practice November 15, 1940""","Yuen, Shui Kong, 1917-1992",Creator,"Union College (Schenectady, N.Y.) http://id.worldcat.org/fast/563176",,,1940-11-15,"2 pages, 1 photograph : b&w ; 8 x 9.75 in. (20.32 x 24.77 cm)",Documentary photographs,In Copyright,"Box 4, Folder 2, Item S/F/69",ZWU_SCA0228_B04_F02_SF069,2025-09-26,ZWU_SCA0228_B04_F02_SF069_001.jpg;ZWU_SCA0228_B04_F02_SF069_002.jpg
,34965,Image ,"Sports-football, folder 03, image S/F/69A","Sports-football, folder 03, image F 69A","Black and white photograph. Handwritten on verso, ""Warm Up Exercise Football Training Fall 1942""","Yuen, Shui Kong, 1917-1992",Creator,"Union College (Schenectady, N.Y.) http://id.worldcat.org/fast/563176",,September 1942-November 1942,,"2 pages, 1 photograph : b&w ; 8 x 9.75 in. (20.32 x 24.77 cm)",Documentary photographs,In Copyright,"Box 4, Folder 3, Item S/F/69A",ZWU_SCA0228_B04_F03_SF069A,2025-09-26,ZWU_SCA0228_B04_F03_SF069A_001.jpg;ZWU_SCA0228_B04_F03_SF069A_002.jpg
,34965,Image ,"Sports-football, folder 03, image S/F/69B","Sports-football, folder 03, image F 69B","Black and white photograph. Handwritten on verso, ""Ralph Samerad Warm Up Exercise Football Training ?""","Yuen, Shui Kong, 1917-1992",Creator,"Union College (Schenectady, N.Y.) http://id.worldcat.org/fast/563176","Samerad, Ralph",,,"2 pages, 1 photograph : b&w ; 8 x 9.75 in. (20.32 x 24.77 cm)",Documentary photographs,In Copyright,"Box 4, Folder 3, Item S/F/69B",ZWU_SCA0228_B04_F03_SF069B,2025-09-26,ZWU_SCA0228_B04_F03_SF069B_001.jpg;ZWU_SCA0228_B04_F03_SF069B_002.jpg
,34966,Image ,"Varsity sports-basketball, folder 04, image S/BK/1","Varsity sports-basketball, folder 04, image S/BK/1","Black and white photograph. Handwritten on verso, ""Basket ball Union vs. Alfred January Feb ? 1941""","Yuen, Shui Kong, 1917-1992",Creator,"Union College (Schenectady, N.Y.) http://id.worldcat.org/fast/563176",,December 1941-February 1942,,"2 pages, 1 photograph : b&w ; 8 x 9.75 in. (20.32 x 24.77 cm)",Documentary photographs,In Copyright,"Box 4, Folder 4, Item S/BK/1",ZWU_SCA0228_B04_F04_SBK001,2025-09-26,ZWU_SCA0228_B04_F04_SBK001_001.jpg;ZWU_SCA0228_B04_F04_SBK001_002.jpg
,34966,Image ,"Varsity sports-basketball, folder 04, image S/BK/2","Varsity sports-basketball, folder 04, image S/BK/2","Black and white photograph. Handwritten on verso, ""Basketball Union vs. ALFRED January Feb ? 1941""","Yuen, Shui Kong, 1917-1992",Creator,"Union College (Schenectady, N.Y.) http://id.worldcat.org/fast/563176",,December 1941-February 1942,,"2 pages, 1 photograph : b&w ; 8 x 9.75 in. (20.32 x 24.77 cm)",Documentary photographs,In Copyright,"Box 4, Folder 4, Item S/BK/2",ZWU_SCA0228_B04_F04_SBK002,2025-09-26,ZWU_SCA0228_B04_F04_SBK002_001.jpg;ZWU_SCA0228_B04_F04_SBK002_002.jpg
,34966,Image ,"Varsity sports-basketball, folder 04, image S/BK/3","Varsity sports-basketball, folder 04, image S/BK/3","Black and white photograph. Handwritten on verso, ""Co-Captain RATHLEV Basket Ball Jan - 29, 1941""","Yuen, Shui Kong, 1917-1992",Creator,"Union College (Schenectady, N.Y.) http://id.worldcat.org/fast/563176",,,1941-01-29,"2 pages, 1 photograph : b&w ; 8 x 9.75 in. (20.32 x 24.77 cm)",Documentary photographs,In Copyright,"Box 4, Folder 4, Item S/BK/3",ZWU_SCA0228_B04_F04_SBK003,2025-09-26,ZWU_SCA0228_B04_F04_SBK003_001.jpg;ZWU_SCA0228_B04_F04_SBK003_002.jpg
,34966,Image ,"Varsity sports-basketball, folder 04, image S/BK/4","Varsity sports-basketball, folder 04, image S/BK/4","Black and white photograph. Handwritten on verso, ""Co-Captain Rathlev Basketball January 29, 1941""","Yuen, Shui Kong, 1917-1992",Creator,"Union College (Schenectady, N.Y.) http://id.worldcat.org/fast/563176",,,1941-01-29,"2 pages, 1 photograph : b&w ; 8 x 9.75 in. (20.32 x 24.77 cm)",Documentary photographs,In Copyright,"Box 4, Folder 4, Item S/BK/4",ZWU_SCA0228_B04_F04_SBK004,2025-09-26,ZWU_SCA0228_B04_F04_SBK004_001.jpg;ZWU_SCA0228_B04_F04_SBK004_002.jpg
,34966,Image ,"Varsity sports-basketball, folder 04, image S/BK/5","Varsity sports-basketball, folder 04, image S/BK/5","Black and white photograph. Handwritten on verso, ""CARNRIGHT ? taking the shot Basketball Jan. 29, 1941""","Yuen, Shui Kong, 1917-1992",Creator,"Union College (Schenectady, N.Y.) http://id.worldcat.org/fast/563176",,,1941-01-29,"2 pages, 1 photograph : b&w ; 8 x 9.75 in. (20.32 x 24.77 cm)",Documentary photographs,In Copyright,"Box 4, Folder 4, Item S/BK/5",ZWU_SCA0228_B04_F04_SBK005,2025-09-26,ZWU_SCA0228_B04_F04_SBK005_001.jpg;ZWU_SCA0228_B04_F04_SBK005_002.jpg
,34966,Image ,"Varsity sports-basketball, folder 04, image S/BK/6","Varsity sports-basketball, folder 04, image S/BK/6","Black and white photograph. Handwritten on verso, ""No. 14 TURCHICK Basket Ball Union vs. Trinity ? February, 1941""","Yuen, Shui Kong, 1917-1992",Creator,"Union College (Schenectady, N.Y.) http://id.worldcat.org/fast/563176",,,1941-02-01,"2 pages, 1 photograph : b&w ; 8 x 9.75 in. (20.32 x 24.77 cm)",Documentary photographs,In Copyright,"Box 4, Folder 4, Item S/BK/6",ZWU_SCA0228_B04_F04_SBK006,2025-09-26,ZWU_SCA0228_B04_F04_SBK006_001.jpg;ZWU_SCA0228_B04_F04_SBK006_002.jpg
,34966,Image ,"Varsity sports-basketball, folder 04, image S/BK/7","Varsity sports-basketball, folder 04, image S/BK/7","Black and white photograph. Handwritten on verso, ""Basket ball Union vs. Brooklyn Poly Institute December 19, 1941""","Yuen, Shui Kong, 1917-1992",Creator,"Union College (Schenectady, N.Y.) http://id.worldcat.org/fast/563176",,,1941-12-19,"2 pages, 1 photograph : b&w ; 8 x 9.75 in. (20.32 x 24.77 cm)",Documentary photographs,In Copyright,"Box 4, Folder 4, Item S/BK/7",ZWU_SCA0228_B04_F04_SBK007,2025-09-26,ZWU_SCA0228_B04_F04_SBK007_001.jpg;ZWU_SCA0228_B04_F04_SBK007_002.jpg
,34966,Image ,"Varsity sports-basketball, folder 04, image S/BK/8","Varsity sports-basketball, folder 04, image S/BK/8","Black and white photograph. Handwritten on verso, ""Basket ball Union vs. Brooklyn Poly. Institute December 19, 1941""","Yuen, Shui Kong, 1917-1992",Creator,"Union College (Schenectady, N.Y.) http://id.worldcat.org/fast/563176",,,1941-12-19,"2 pages, 1 photograph : b&w ; 8 x 9.75 in. (20.32 x 24.77 cm)",Documentary photographs,In Copyright,"Box 4, Folder 4, Item S/BK/8",ZWU_SCA0228_B04_F04_SBK008,2025-09-26,ZWU_SCA0228_B04_F04_SBK008_001.jpg;ZWU_SCA0228_B04_F04_SBK008_002.jpg
,34966,Image ,"Varsity sports-basketball, folder 04, image S/BK/8B","Varsity sports-basketball, folder 04, image S/BK/8B","Negatives (photographic). Handwritten on item sleeve, ""Basketball Union vs. Brooklyn Poly Inst. December 19, 1941""","Yuen, Shui Kong, 1917-1992",Creator,"Union College (Schenectady, N.Y.) http://id.worldcat.org/fast/563176",,,1941-12-19,"1 page, 1 negative (photographic) : b&w ; 4 x 5 in. (10.16 x 12.7 cm)",Documentary photographs,In Copyright,"Box 4, Folder 4, Item S/BK/8B",ZWU_SCA0228_B04_F04_SBK008B,2025-10-10,ZWU_SCA0228_B04_F04_SBK008B_001.jpg;ZWU_SCA0228_B04_F04_SBK008B_002.jpg
,34966,Image ,"Varsity sports-basketball, folder 04, image S/BK/9","Varsity sports-basketball, folder 04, image S/BK/9","Black and white photograph. Handwritten on verso, ""Basket ball Union vs. R.P.I. Winter 1941""","Yuen, Shui Kong, 1917-1992",Creator,"Union College (Schenectady, N.Y.) http://id.worldcat.org/fast/563176",,December 1941-February 1942,,"2 pages, 1 photograph : b&w ; 8 x 9.75 in. (20.32 x 24.77 cm)",Documentary photographs,In Copyright,"Box 4, Folder 4, Item S/BK/9",ZWU_SCA0228_B04_F04_SBK009,2025-09-26,ZWU_SCA0228_B04_F04_SBK009_001.jpg;ZWU_SCA0228_B04_F04_SBK009_002.jpg
,34966,Image ,"Varsity sports-basketball, folder 04, image S/BK/10","Varsity sports-basketball, folder 04, image S/BK/10","Black and white photograph. Handwritten on verso, ""Basketball Union vs. Buffalo U. January 10, 1942""","Yuen, Shui Kong, 1917-1992",Creator,"Union College (Schenectady, N.Y.) http://id.worldcat.org/fast/563176",,,1942-01-10,"2 pages, 1 photograph : b&w ; 8 x 9.75 in. (20.32 x 24.77 cm)",Documentary photographs,In Copyright,"Box 4, Folder 4, Item S/BK/10",ZWU_SCA0228_B04_F04_SBK010,2025-09-26,ZWU_SCA0228_B04_F04_SBK010_001.jpg;ZWU_SCA0228_B04_F04_SBK010_002.jpg
,34966,Image ,"Varsity sports-basketball, folder 04, image S/BK/11","Varsity sports-basketball, folder 04, image S/BK/11","Black and white photograph. Handwritten on verso, ""Basket Ball Union - Buffalo January 10, 1942""","Yuen, Shui Kong, 1917-1992",Creator,"Union College (Schenectady, N.Y.) http://id.worldcat.org/fast/563176",,,1942-01-10,"2 pages, 1 photograph : b&w ; 8 x 9.75 in. (20.32 x 24.77 cm)",Documentary photographs,In Copyright,"Box 4, Folder 4, Item S/BK/11",ZWU_SCA0228_B04_F04_SBK011,2025-09-26,ZWU_SCA0228_B04_F04_SBK011_001.jpg;ZWU_SCA0228_B04_F04_SBK011_002.jpg
,34966,Image ,"Varsity sports-basketball, folder 04, image S/BK/12","Varsity sports-basketball, folder 04, image S/BK/12","Black and white photograph. Handwritten on verso, ""BasketBall Union - Buffalo January 10, 1942""","Yuen, Shui Kong, 1917-1992",Creator,"Union College (Schenectady, N.Y.) http://id.worldcat.org/fast/563176",,,1942-01-10,"2 pages, 1 photograph : b&w ; 8 x 9.75 in. (20.32 x 24.77 cm)",Documentary photographs,In Copyright,"Box 4, Folder 4, Item S/BK/12",ZWU_SCA0228_B04_F04_SBK012,2025-09-26,ZWU_SCA0228_B04_F04_SBK012_001.jpg;ZWU_SCA0228_B04_F04_SBK012_002.jpg
,34966,Image ,"Varsity sports-basketball, folder 04, image S/BK/13","Varsity sports-basketball, folder 04, image S/BK/13","Black and white photograph. Handwritten on verso, ""BasketBall Union - Colgate December 2, 1944""","Yuen, Shui Kong, 1917-1992",Creator,"Union College (Schenectady, N.Y.) http://id.worldcat.org/fast/563176",,,1944-12-02,"2 pages, 1 photograph : b&w ; 8 x 9.75 in. (20.32 x 24.77 cm)",Documentary photographs,In Copyright,"Box 4, Folder 4, Item S/BK/13",ZWU_SCA0228_B04_F04_SBK013,2025-09-26,ZWU_SCA0228_B04_F04_SBK013_001.jpg;ZWU_SCA0228_B04_F04_SBK013_002.jpg
,34966,Image ,"Varsity sports-basketball, folder 04, image S/BK/14","Varsity sports-basketball, folder 04, image S/BK/14","Black and white photograph. Handwritten on verso, ""Basket ball Union vs. Columbia December 8, 1944""","Yuen, Shui Kong, 1917-1992",Creator,"Union College (Schenectady, N.Y.) http://id.worldcat.org/fast/563176",,,1944-12-08,"2 pages, 1 photograph : b&w ; 8 x 9.75 in. (20.32 x 24.77 cm)",Documentary photographs,In Copyright,"Box 4, Folder 4, Item S/BK/14",ZWU_SCA0228_B04_F04_SBK014,2025-09-26,ZWU_SCA0228_B04_F04_SBK014_001.jpg;ZWU_SCA0228_B04_F04_SBK014_002.jpg
,34966,Image ,"Varsity sports-basketball, folder 04, image S/BK/15","Varsity sports-basketball, folder 04, image S/BK/15","Black and white photograph. Handwritten on verso, ""Basketball Union vs. Columbia December 8, 1944""","Yuen, Shui Kong, 1917-1992",Creator,"Union College (Schenectady, N.Y.) http://id.worldcat.org/fast/563176",,,1944-12-08,"2 pages, 1 photograph : b&w ; 8 x 9.75 in. (20.32 x 24.77 cm)",Documentary photographs,In Copyright,"Box 4, Folder 4, Item S/BK/15",ZWU_SCA0228_B04_F04_SBK015,2025-09-26,ZWU_SCA0228_B04_F04_SBK015_001.jpg;ZWU_SCA0228_B04_F04_SBK015_002.jpg
,34966,Image ,"Varsity sports-basketball, folder 04, image S/BK/16","Varsity sports-basketball, folder 04, image S/BK/16","Black and white photograph. Handwritten on verso, ""Spectators Union - Columbia December 8, 1944""","Yuen, Shui Kong, 1917-1992",Creator,"Union College (Schenectady, N.Y.) http://id.worldcat.org/fast/563176",,,1944-12-08,"2 pages, 1 photograph : b&w ; 8 x 9.75 in. (20.32 x 24.77 cm)",Documentary photographs,In Copyright,"Box 4, Folder 4, Item S/BK/16",ZWU_SCA0228_B04_F04_SBK016,2025-09-26,ZWU_SCA0228_B04_F04_SBK016_001.jpg;ZWU_SCA0228_B04_F04_SBK016_002.jpg
,34966,Image ,"Varsity sports-basketball, folder 04, image S/BK/17","Varsity sports-basketball, folder 04, image S/BK/17","Black and white photograph. Handwritten on verso, ""Intermission Basket Bal Game Union - Columbia December 8, 1944""","Yuen, Shui Kong, 1917-1992",Creator,"Union College (Schenectady, N.Y.) http://id.worldcat.org/fast/563176",,,1944-12-08,"2 pages, 1 photograph : b&w ; 8 x 9.75 in. (20.32 x 24.77 cm)",Documentary photographs,In Copyright,"Box 4, Folder 4, Item S/BK/17",ZWU_SCA0228_B04_F04_SBK017,2025-09-26,ZWU_SCA0228_B04_F04_SBK017_001.jpg;ZWU_SCA0228_B04_F04_SBK017_002.jpg
,34966,Image ,"Varsity sports-basketball, folder 04, image S/BK/18","Varsity sports-basketball, folder 04, image S/BK/18","Black and white photograph. Handwritten on verso, ""Cheer leader Basketball January 1942""","Yuen, Shui Kong, 1917-1992",Creator,"Union College (Schenectady, N.Y.) http://id.worldcat.org/fast/563176",,,1942-01-01,"2 pages, 1 photograph : b&w ; 8 x 9.75 in. (20.32 x 24.77 cm)",Documentary photographs,In Copyright,"Box 4, Folder 4, Item S/BK/18",ZWU_SCA0228_B04_F04_SBK018,2025-09-26,ZWU_SCA0228_B04_F04_SBK018_001.jpg;ZWU_SCA0228_B04_F04_SBK018_002.jpg
,34966,Image ,"Varsity sports-basketball, folder 04, image S/BK/18B","Varsity sports-basketball, folder 04, image S/BK/18B","Negatives (photographic). Handwritten on item sleeve, ""Cheerleader Basketball January 1942""","Yuen, Shui Kong, 1917-1992",Creator,"Union College (Schenectady, N.Y.) http://id.worldcat.org/fast/563176",,,1942-01-01,"1 page, 1 negative (photographic) : b&w ; 4 x 5 in. (10.16 x 12.7 cm)",Documentary photographs,In Copyright,"Box 4, Folder 4, Item S/BK/18B",ZWU_SCA0228_B04_F04_SBK018B,2025-10-10,ZWU_SCA0228_B04_F04_SBK018B_001.jpg;ZWU_SCA0228_B04_F04_SBK018B_002.jpg
,34966,Image ,"Varsity sports-basketball, folder 04, image S/BK/19","Varsity sports-basketball, folder 04, image S/BK/19","Black and white photograph. Handwritten on verso, ""Basket Ball 1940 1941?""","Yuen, Shui Kong, 1917-1992",Creator,"Union College (Schenectady, N.Y.) http://id.worldcat.org/fast/563176",,1940-1941,,"2 pages, 1 photograph : b&w ; 8 x 9.75 in. (20.32 x 24.77 cm)",Documentary photographs,In Copyright,"Box 4, Folder 4, Item S/BK/19",ZWU_SCA0228_B04_F04_SBK019,2025-09-26,ZWU_SCA0228_B04_F04_SBK019_001.jpg;ZWU_SCA0228_B04_F04_SBK019_002.jpg
,34966,Image ,"Varsity sports-basketball, folder 04, image S/BK/59","Varsity sports-basketball, folder 04, image S/BK/59","Black and white photograph. Handwritten on verso, ""Alfred ""Pat"" Knopf + Carl Karlman at the basketball game February, 1941""","Yuen, Shui Kong, 1917-1992",Creator,"Union College (Schenectady, N.Y.) http://id.worldcat.org/fast/563176","Knopf, Alfred; Karlman, Carl",,1941-02-01,"2 pages, 1 photograph : b&w ; 8 x 9.75 in. (20.32 x 24.77 cm)",Documentary photographs,In Copyright,"Box 4, Folder 4, Item S/BK/59",ZWU_SCA0228_B04_F04_SBK059,2025-09-26,ZWU_SCA0228_B04_F04_SBK059_001.jpg;ZWU_SCA0228_B04_F04_SBK059_002.jpg
,34967,Image ,"Varsity sports-hockey, folder 05, image S/H/1","Varsity sports-hockey, folder 05, image S/H/1","Black and white photograph. Handwritten on verso, ""Hockey Union - Hamilton January 14, 1942""","Yuen, Shui Kong, 1917-1992",Creator,"Union College (Schenectady, N.Y.) http://id.worldcat.org/fast/563176",,,1942-01-14,"2 pages, 1 photograph : b&w ; 8 x 9.75 in. (20.32 x 24.77 cm)",Documentary photographs,In Copyright,"Box 4, Folder 5, Item S/H/1",ZWU_SCA0228_B04_F05_SH001,2025-09-26,ZWU_SCA0228_B04_F05_SH001_001.jpg;ZWU_SCA0228_B04_F05_SH001_002.jpg
,34967,Image ,"Varsity sports-hockey, folder 05, image S/H/2","Varsity sports-hockey, folder 05, image S/H/2","Black and white photograph. Handwritten on verso, ""Hockey Union - Hamilton January 14, 1942""","Yuen, Shui Kong, 1917-1992",Creator,"Union College (Schenectady, N.Y.) http://id.worldcat.org/fast/563176",,,1942-01-14,"2 pages, 1 photograph : b&w ; 8 x 9.75 in. (20.32 x 24.77 cm)",Documentary photographs,In Copyright,"Box 4, Folder 5, Item S/H/2",ZWU_SCA0228_B04_F05_SH002,2025-09-26,ZWU_SCA0228_B04_F05_SH002_001.jpg;ZWU_SCA0228_B04_F05_SH002_002.jpg
,34967,Image ,"Varsity sports-hockey, folder 05, image S/H/3","Varsity sports-hockey, folder 05, image S/H/3","Black and white photograph. Handwritten on verso, ""Hockey Union - Hamilton January 14, 1942""","Yuen, Shui Kong, 1917-1992",Creator,"Union College (Schenectady, N.Y.) http://id.worldcat.org/fast/563176",,,1942-01-14,"2 pages, 1 photograph : b&w ; 8 x 9.75 in. (20.32 x 24.77 cm)",Documentary photographs,In Copyright,"Box 4, Folder 5, Item S/H/3",ZWU_SCA0228_B04_F05_SH003,2025-09-26,ZWU_SCA0228_B04_F05_SH003_001.jpg;ZWU_SCA0228_B04_F05_SH003_002.jpg
,34967,Image ,"Varsity sports-hockey, folder 05, image S/H/4","Varsity sports-hockey, folder 05, image S/H/4","Black and white photograph. Handwritten on verso, ""Hockey Union - Hamilton January 14, 1942""","Yuen, Shui Kong, 1917-1992",Creator,"Union College (Schenectady, N.Y.) http://id.worldcat.org/fast/563176",,,1942-01-14,"2 pages, 1 photograph : b&w ; 8 x 9.75 in. (20.32 x 24.77 cm)",Documentary photographs,In Copyright,"Box 4, Folder 5, Item S/H/4",ZWU_SCA0228_B04_F05_SH004,2025-09-26,ZWU_SCA0228_B04_F05_SH004_001.jpg;ZWU_SCA0228_B04_F05_SH004_002.jpg
,34967,Image ,"Varsity sports-hockey, folder 05, image S/H/5","Varsity sports-hockey, folder 05, image S/H/5","Black and white photograph. Handwritten on verso, ""Hockey Union - Hamilton January 14, 1942""","Yuen, Shui Kong, 1917-1992",Creator,"Union College (Schenectady, N.Y.) http://id.worldcat.org/fast/563176",,,1942-01-14,"2 pages, 1 photograph : b&w ; 8 x 9.75 in. (20.32 x 24.77 cm)",Documentary photographs,In Copyright,"Box 4, Folder 5, Item S/H/5",ZWU_SCA0228_B04_F05_SH005,2025-09-26,ZWU_SCA0228_B04_F05_SH005_001.jpg;ZWU_SCA0228_B04_F05_SH005_002.jpg
,34967,Image ,"Varsity sports-hockey, folder 05, image S/H/6","Varsity sports-hockey, folder 05, image S/H/6","Black and white photograph. Handwritten on verso, ""Hockey Union - Hamilton January 14, 1942""","Yuen, Shui Kong, 1917-1992",Creator,"Union College (Schenectady, N.Y.) http://id.worldcat.org/fast/563176",,,1942-01-14,"2 pages, 1 photograph : b&w ; 8 x 9.75 in. (20.32 x 24.77 cm)",Documentary photographs,In Copyright,"Box 4, Folder 5, Item S/H/6",ZWU_SCA0228_B04_F05_SH006,2025-09-26,ZWU_SCA0228_B04_F05_SH006_001.jpg;ZWU_SCA0228_B04_F05_SH006_002.jpg
,34967,Image ,"Varsity sports-hockey, folder 05, negative 1","Varsity sports-hockey, folder 05, image S/H/4B","Negatives (photographic). Handwritten on item sleeve, ""HOCKEY VS. HAMILTON JAN. 14, 1942""","Yuen, Shui Kong, 1917-1992",Creator,"Union College (Schenectady, N.Y.) http://id.worldcat.org/fast/563176",,,1942-01-14,"1 page, 1 negative (photographic) : b&w ; 4 x 5 in. (10.16 x 12.7 cm)",Documentary photographs,In Copyright,"Box 4, Folder 5, Item S/H/4B",ZWU_SCA0228_B04_F05_SH004B,2025-10-10,ZWU_SCA0228_B04_F05_SH004B_001.jpg;ZWU_SCA0228_B04_F05_SH004B_002.jpg
,34967,Image ,"Varsity sports-hockey, folder 05, negative 2","Varsity sports-hockey, folder 05, image S/H/3B","Negatives (photographic). Handwritten on item sleeve, ""HOCKEY - UNION VS. HAMILTON JAN. 14, 1942""","Yuen, Shui Kong, 1917-1992",Creator,"Union College (Schenectady, N.Y.) http://id.worldcat.org/fast/563176",,,1942-01-14,"1 page, 1 negative (photographic) : b&w ; 4 x 5 in. (10.16 x 12.7 cm)",Documentary photographs,In Copyright,"Box 4, Folder 5, Item S/H/3B",ZWU_SCA0228_B04_F05_SH003B,2025-10-10,ZWU_SCA0228_B04_F05_SH003B_001.jpg;ZWU_SCA0228_B04_F05_SH003B_002.jpg
,34967,Image ,"Varsity sports-hockey, folder 05, negative 3","Varsity sports-hockey, folder 05, image S/H/1B","Negatives (photographic). Handwritten on item sleeve, ""HOCKEY - UNION VS. HAMILTON JAN. 14, 1942""","Yuen, Shui Kong, 1917-1992",Creator,"Union College (Schenectady, N.Y.) http://id.worldcat.org/fast/563176",,,1942-01-14,"1 page, 1 negative (photographic) : b&w ; 4 x 5 in. (10.16 x 12.7 cm)",Documentary photographs,In Copyright,"Box 4, Folder 5, Item S/H/1B",ZWU_SCA0228_B04_F05_SH001B,2025-10-10,ZWU_SCA0228_B04_F05_SH001B_001.jpg;ZWU_SCA0228_B04_F05_SH001B_002.jpg
,34967,Image ,"Varsity sports-hockey, folder 05, negative 4","Varsity sports-hockey, folder 05, image S/H/6B","Negatives (photographic). Handwritten on item sleeve, ""HOCKEY VS. HAMILTON JAN. 14, 1942""","Yuen, Shui Kong, 1917-1992",Creator,"Union College (Schenectady, N.Y.) http://id.worldcat.org/fast/563176",,,1942-01-14,"1 page, 1 negative (photographic) : b&w ; 4 x 5 in. (10.16 x 12.7 cm)",Documentary photographs,In Copyright,"Box 4, Folder 5, Item S/H/6B",ZWU_SCA0228_B04_F05_SH006B,2025-10-10,ZWU_SCA0228_B04_F05_SH006B_001.jpg;ZWU_SCA0228_B04_F05_SH006B_002.jpg
,34985,Image ,"Varsity sports-lacrosse, folder 06, image S/H/7","Varsity sports-lacrosse, folder 06, image S/H/7","Black and white photograph. Handwritten on verso, ""Hockey (1940-41 ?)""","Yuen, Shui Kong, 1917-1992",Creator,"Union College (Schenectady, N.Y.) http://id.worldcat.org/fast/563176",,,,"2 pages, 1 photograph : b&w ; 8 x 9.75 in. (20.32 x 24.77 cm)",Documentary photographs,In Copyright,"Box 4, Folder 6, S/H/7",ZWU_SCA0228_B04_F06_SH001,2025-09-26,ZWU_SCA0228_B04_F06_SH001_001.jpg;ZWU_SCA0228_B04_F06_SH001_002.jpg
,34969,Image ,"Varsity sports-lacrosse, folder 07, S/LC/1","Varsity sports-lacrosse, folder 07, S/LC/1","Black and white photograph. Handwritten on verso, ""La Crosse Spring, 1940""","Yuen, Shui Kong, 1917-1992",Creator,"Union College (Schenectady, N.Y.) http://id.worldcat.org/fast/563176",,March 1940-May 1940,,"2 pages, 1 photograph : b&w ; 8 x 9.75 in. (20.32 x 24.77 cm)",Documentary photographs,In Copyright,"Box 4, Folder 7, Item S/LC/1",ZWU_SCA0228_B04_F07_SLC001,2025-09-26,ZWU_SCA0228_B04_F07_SLC001_001.jpg;ZWU_SCA0228_B04_F07_SLC001_002.jpg
,34969,Image ,"Varsity sports-lacrosse, folder 07, S/LC/3","Varsity sports-lacrosse, folder 07, S/LC/3","Black and white photograph. Handwritten on verso, ""La Crosse Spring, 1940""","Yuen, Shui Kong, 1917-1992",Creator,"Union College (Schenectady, N.Y.) http://id.worldcat.org/fast/563176",,March 1940-May 1940,,"2 pages, 1 photograph : b&w ; 8 x 9.75 in. (20.32 x 24.77 cm)",Documentary photographs,In Copyright,"Box 4, Folder 7, Item S/LC/3",ZWU_SCA0228_B04_F07_SLC003,2025-09-26,ZWU_SCA0228_B04_F07_SLC003_001.jpg;ZWU_SCA0228_B04_F07_SLC003_002.jpg
,34969,Image ,"Varsity sports-lacrosse, folder 07, S/LC/4","Varsity sports-lacrosse, folder 07, S/LC/4","Black and white photograph. Handwritten on verso, ""La Crosse Spring, 1940""","Yuen, Shui Kong, 1917-1992",Creator,"Union College (Schenectady, N.Y.) http://id.worldcat.org/fast/563176",,March 1940-May 1940,,"2 pages, 1 photograph : b&w ; 8 x 9.75 in. (20.32 x 24.77 cm)",Documentary photographs,In Copyright,"Box 4, Folder 7, Item S/LC/4",ZWU_SCA0228_B04_F07_SLC004,2025-09-26,ZWU_SCA0228_B04_F07_SLC004_001.jpg;ZWU_SCA0228_B04_F07_SLC004_002.jpg
,34969,Image ,"Varsity sports-lacrosse, folder 07, S/LC/5","Varsity sports-lacrosse, folder 07, S/LC/5","Black and white photograph. Handwritten on verso, ""La Crosse Spring, 1940""","Yuen, Shui Kong, 1917-1992",Creator,"Union College (Schenectady, N.Y.) http://id.worldcat.org/fast/563176",,March 1940-May 1940,,"2 pages, 1 photograph : b&w ; 8 x 9.75 in. (20.32 x 24.77 cm)",Documentary photographs,In Copyright,"Box 4, Folder 7, Item S/LC/5",ZWU_SCA0228_B04_F07_SLC005,2025-09-26,ZWU_SCA0228_B04_F07_SLC005_001.jpg;ZWU_SCA0228_B04_F07_SLC005_002.jpg
,34969,Image ,"Varsity sports-lacrosse, folder 07, S/LC/6","Varsity sports-lacrosse, folder 07, S/LC/6","Black and white photograph. Handwritten on verso, ""La Crosse Spring, 1940""","Yuen, Shui Kong, 1917-1992",Creator,"Union College (Schenectady, N.Y.) http://id.worldcat.org/fast/563176",,March 1940-May 1940,,"2 pages, 1 photograph : b&w ; 8 x 9.75 in. (20.32 x 24.77 cm)",Documentary photographs,In Copyright,"Box 4, Folder 7, Item S/LC/6",ZWU_SCA0228_B04_F07_SLC006,2025-09-26,ZWU_SCA0228_B04_F07_SLC006_001.jpg;ZWU_SCA0228_B04_F07_SLC006_002.jpg
,34969,Image ,"Varsity sports-lacrosse, folder 07, S/LC/7","Varsity sports-lacrosse, folder 07, S/LC/7","Black and white photograph. Handwritten on verso, ""La Crosse Spring, 1940""","Yuen, Shui Kong, 1917-1992",Creator,"Union College (Schenectady, N.Y.) http://id.worldcat.org/fast/563176",,March 1940-May 1940,,"2 pages, 1 photograph : b&w ; 8 x 9.75 in. (20.32 x 24.77 cm)",Documentary photographs,In Copyright,"Box 4, Folder 7, Item S/LC/7",ZWU_SCA0228_B04_F07_SLC007,2025-09-26,ZWU_SCA0228_B04_F07_SLC007_001.jpg;ZWU_SCA0228_B04_F07_SLC007_002.jpg
,34969,Image ,"Varsity sports-lacrosse, folder 07, S/LC/8","Varsity sports-lacrosse, folder 07, S/LC/8","Black and white photograph. Handwritten on verso, ""Spectators at La Crosse game Spring, 1940""","Yuen, Shui Kong, 1917-1992",Creator,"Union College (Schenectady, N.Y.) http://id.worldcat.org/fast/563176",,March 1940-May 1940,,"2 pages, 1 photograph : b&w ; 8 x 9.75 in. (20.32 x 24.77 cm)",Documentary photographs,In Copyright,"Box 4, Folder 7, Item S/LC/8",ZWU_SCA0228_B04_F07_SLC008,2025-09-26,ZWU_SCA0228_B04_F07_SLC008_001.jpg;ZWU_SCA0228_B04_F07_SLC008_002.jpg
,34969,Image ,"Varsity sports-lacrosse, folder 07, S/LC/9","Varsity sports-lacrosse, folder 07, S/LC/9","Black and white photograph. Handwritten on verso, ""La Crosse Union vs. Friend April 2, 1941 Baltimore, Md""","Yuen, Shui Kong, 1917-1992",Creator,"Union College (Schenectady, N.Y.) http://id.worldcat.org/fast/563176",,,1941-04-02,"2 pages, 1 photograph : b&w ; 8 x 9.75 in. (20.32 x 24.77 cm)",Documentary photographs,In Copyright,"Box 4, Folder 7, Item S/LC/9",ZWU_SCA0228_B04_F07_SLC009,2025-09-26,ZWU_SCA0228_B04_F07_SLC009_001.jpg;ZWU_SCA0228_B04_F07_SLC009_002.jpg
,34969,Image ,"Varsity sports-lacrosse, folder 07, S/LC/10","Varsity sports-lacrosse, folder 07, S/LC/10","Black and white photograph. Handwritten on verso, ""La Crosse Union vs. Friend April 2, 1941 Baltimore, Md.""","Yuen, Shui Kong, 1917-1992",Creator,"Union College (Schenectady, N.Y.) http://id.worldcat.org/fast/563176",,,1941-04-02,"2 pages, 1 photograph : b&w ; 8 x 9.75 in. (20.32 x 24.77 cm)",Documentary photographs,In Copyright,"Box 4, Folder 7, Item S/LC/10",ZWU_SCA0228_B04_F07_SLC010,2025-09-26,ZWU_SCA0228_B04_F07_SLC010_001.jpg;ZWU_SCA0228_B04_F07_SLC010_002.jpg
,34969,Image ,"Varsity sports-lacrosse, folder 07, S/LC/11","Varsity sports-lacrosse, folder 07, S/LC/11","Black and white photograph. Handwritten on verso, ""La Crosse at Friends April 2, 1941 Baltimore, Md""","Yuen, Shui Kong, 1917-1992",Creator,"Union College (Schenectady, N.Y.) http://id.worldcat.org/fast/563176",,,1941-04-02,"2 pages, 1 photograph : b&w ; 8 x 9.75 in. (20.32 x 24.77 cm)",Documentary photographs,In Copyright,"Box 4, Folder 7, Item S/LC/11",ZWU_SCA0228_B04_F07_SLC011,2025-09-26,ZWU_SCA0228_B04_F07_SLC011_001.jpg;ZWU_SCA0228_B04_F07_SLC011_002.jpg
,34969,Image ,"Varsity sports-lacrosse, folder 07, S/LC/12","Varsity sports-lacrosse, folder 07, S/LC/12","Black and white photograph. Handwritten on verso, ""Pat Knopf La Crosse Practice at Johns Hopkins April 1941 Baltimore, Md""","Yuen, Shui Kong, 1917-1992",Creator,"Union College (Schenectady, N.Y.) http://id.worldcat.org/fast/563176","Knopf, Alfred A., Jr., 1918-2009 A., Jr., 1918-2009",,1941-04-01,"2 pages, 1 photograph : b&w ; 8 x 9.75 in. (20.32 x 24.77 cm)",Documentary photographs,In Copyright,"Box 4, Folder 7, Item S/LC/12",ZWU_SCA0228_B04_F07_SLC012,2025-09-26,ZWU_SCA0228_B04_F07_SLC012_001.jpg;ZWU_SCA0228_B04_F07_SLC012_002.jpg
,34969,Image ,"Varsity sports-lacrosse, folder 07, S/LC/13","Varsity sports-lacrosse, folder 07, S/LC/13","Black and white photograph. Handwritten on verso, ""Joe Paul La Crosse Practice April 4, 1941 at Johns Hopkins""","Yuen, Shui Kong, 1917-1992",Creator,"Union College (Schenectady, N.Y.) http://id.worldcat.org/fast/563176","Paul, Joe",,1941-04-04,"2 pages, 1 photograph : b&w ; 8 x 9.75 in. (20.32 x 24.77 cm)",Documentary photographs,In Copyright,"Box 4, Folder 7, Item S/LC/13",ZWU_SCA0228_B04_F07_SLC013,2025-09-26,ZWU_SCA0228_B04_F07_SLC013_001.jpg;ZWU_SCA0228_B04_F07_SLC013_002.jpg
,34969,Image ,"Varsity sports-lacrosse, folder 07, S/LC/14","Varsity sports-lacrosse, folder 07, S/LC/14","Black and white photograph. Handwritten on verso, ""Edward Ward, Payne Santee April 2, 1941 at Friends School, Baltimore, Md""","Yuen, Shui Kong, 1917-1992",Creator,"Union College (Schenectady, N.Y.) http://id.worldcat.org/fast/563176","Ward, Edward; Santee, Paul",,1941-04-02,"2 pages, 1 photograph : b&w ; 8 x 9.75 in. (20.32 x 24.77 cm)",Documentary photographs,In Copyright,"Box 4, Folder 7, Item S/LC/14",ZWU_SCA0228_B04_F07_SLC014,2025-09-26,ZWU_SCA0228_B04_F07_SLC014_001.jpg;ZWU_SCA0228_B04_F07_SLC014_002.jpg
,34969,Image ,"Varsity sports-lacrosse, folder 07, S/LC/15","Varsity sports-lacrosse, folder 07, S/LC/15","Black and white photograph. Handwritten on verso, ""Marshall April 2, 1941 at Friends School, Baltimore, Md""","Yuen, Shui Kong, 1917-1992",Creator,"Union College (Schenectady, N.Y.) http://id.worldcat.org/fast/563176",,,1941-04-02,"2 pages, 1 photograph : b&w ; 8 x 9.75 in. (20.32 x 24.77 cm)",Documentary photographs,In Copyright,"Box 4, Folder 7, Item S/LC/15",ZWU_SCA0228_B04_F07_SLC015,2025-09-26,ZWU_SCA0228_B04_F07_SLC015_001.jpg;ZWU_SCA0228_B04_F07_SLC015_002.jpg
,34969,Image ,"Varsity sports-lacrosse, folder 07, S/LC/16","Varsity sports-lacrosse, folder 07, S/LC/16","Black and white photograph. Handwritten on verso, ""Ed. Eustice April 2, 1941 at Friends School, Baltimore, Md""","Yuen, Shui Kong, 1917-1992",Creator,"Union College (Schenectady, N.Y.) http://id.worldcat.org/fast/563176","Eustice, Ed",,1941-04-02,"2 pages, 1 photograph : b&w ; 8 x 9.75 in. (20.32 x 24.77 cm)",Documentary photographs,In Copyright,"Box 4, Folder 7, Item S/LC/16",ZWU_SCA0228_B04_F07_SLC016,2025-09-26,ZWU_SCA0228_B04_F07_SLC016_001.jpg;ZWU_SCA0228_B04_F07_SLC016_002.jpg
,34969,Image ,"Varsity sports-lacrosse, folder 07, S/LC/17","Varsity sports-lacrosse, folder 07, S/LC/17","Black and white photograph. Handwritten on verso, ""Dick Balch, Doug Holmes April 2, 1941 at Friends School, Baltimore, Md""","Yuen, Shui Kong, 1917-1992",Creator,"Union College (Schenectady, N.Y.) http://id.worldcat.org/fast/563176","Balch, Dick; Holmes, Douglas",,1941-04-02,"2 pages, 1 photograph : b&w ; 8 x 9.75 in. (20.32 x 24.77 cm)",Documentary photographs,In Copyright,"Box 4, Folder 7, Item S/LC/17",ZWU_SCA0228_B04_F07_SLC017,2025-09-26,ZWU_SCA0228_B04_F07_SLC017_001.jpg;ZWU_SCA0228_B04_F07_SLC017_002.jpg
,34969,Image ,"Varsity sports-lacrosse, folder 07, S/LC/18","Varsity sports-lacrosse, folder 07, S/LC/18","Black and white photograph. Handwritten on verso, ""George Weed, Joe Paul April 2, 1941 at Friends School, Baltimore, Md.""","Yuen, Shui Kong, 1917-1992",Creator,"Union College (Schenectady, N.Y.) http://id.worldcat.org/fast/563176","Weed, George; Paul, Joe",,1941-04-02,"2 pages, 1 photograph : b&w ; 8 x 9.75 in. (20.32 x 24.77 cm)",Documentary photographs,In Copyright,"Box 4, Folder 7, Item S/LC/18",ZWU_SCA0228_B04_F07_SLC018,2025-09-26,ZWU_SCA0228_B04_F07_SLC018_001.jpg;ZWU_SCA0228_B04_F07_SLC018_002.jpg
,34969,Image ,"Varsity sports-lacrosse, folder 07, S/LC/19","Varsity sports-lacrosse, folder 07, S/LC/19","Black and white photograph. Handwritten on verso, ""Bob Malloy April 2, 1941 at Friends School, Baltimore, Md.""","Yuen, Shui Kong, 1917-1992",Creator,"Union College (Schenectady, N.Y.) http://id.worldcat.org/fast/563176","Malloy, Robert Armstrong",,1941-04-02,"2 pages, 1 photograph : b&w ; 8 x 9.75 in. (20.32 x 24.77 cm)",Documentary photographs,In Copyright,"Box 4, Folder 7, Item S/LC/19",ZWU_SCA0228_B04_F07_SLC019,2025-09-26,ZWU_SCA0228_B04_F07_SLC019_001.jpg;ZWU_SCA0228_B04_F07_SLC019_002.jpg
,34969,Image ,"Varsity sports-lacrosse, folder 07, S/LC/20","Varsity sports-lacrosse, folder 07, S/LC/20","Black and white photograph. Handwritten on verso, ""Dick Griffith, Pat Knopf, Miss Malloy + friend April 2, 1941 at Friends School, Baltimore, Md""","Yuen, Shui Kong, 1917-1992",Creator,"Union College (Schenectady, N.Y.) http://id.worldcat.org/fast/563176","Griffith, Dick, Knopf, Alfred A., Jr., 1918-2009; ",,1941-04-02,"2 pages, 1 photograph : b&w ; 8 x 9.75 in. (20.32 x 24.77 cm)",Documentary photographs,In Copyright,"Box 4, Folder 7, Item S/LC/20",ZWU_SCA0228_B04_F07_SLC020,2025-09-29,ZWU_SCA0228_B04_F07_SLC020_001.jpg;ZWU_SCA0228_B04_F07_SLC020_002.jpg
,34969,Image ,"Varsity sports-lacrosse, folder 07, S/LC/23","Varsity sports-lacrosse, folder 07, S/LC/23","Black and white photograph. Handwritten on verso, ""La Crosse Union vs. La Fayette April 19, 1941""","Yuen, Shui Kong, 1917-1992",Creator,"Union College (Schenectady, N.Y.) http://id.worldcat.org/fast/563176",,,1941-04-19,"2 pages, 1 photograph : b&w ; 8 x 9.75 in. (20.32 x 24.77 cm)",Documentary photographs,In Copyright,"Box 4, Folder 7, Item S/LC/23",ZWU_SCA0228_B04_F07_SLC023,2025-09-29,ZWU_SCA0228_B04_F07_SLC023_001.jpg;ZWU_SCA0228_B04_F07_SLC023_002.jpg
,34969,Image ,"Varsity sports-lacrosse, folder 07, S/LC/24","Varsity sports-lacrosse, folder 07, S/LC/24","Black and white photograph. Handwritten on verso, ""La Crosse Union vs. La Fayette April 19, 1941""","Yuen, Shui Kong, 1917-1992",Creator,"Union College (Schenectady, N.Y.) http://id.worldcat.org/fast/563176",,,1941-04-19,"2 pages, 1 photograph : b&w ; 8 x 9.75 in. (20.32 x 24.77 cm)",Documentary photographs,In Copyright,"Box 4, Folder 7, Item S/LC/24",ZWU_SCA0228_B04_F07_SLC024,2025-09-29,ZWU_SCA0228_B04_F07_SLC024_001.jpg;ZWU_SCA0228_B04_F07_SLC024_002.jpg
,34969,Image ,"Varsity sports-lacrosse, folder 07, S/LC/25","Varsity sports-lacrosse, folder 07, S/LC/25","Black and white photograph. Handwritten on verso, ""La Crosse Union vs. La Fayette April 19, 1941""","Yuen, Shui Kong, 1917-1992",Creator,"Union College (Schenectady, N.Y.) http://id.worldcat.org/fast/563176",,,1941-04-19,"2 pages, 1 photograph : b&w ; 8 x 9.75 in. (20.32 x 24.77 cm)",Documentary photographs,In Copyright,"Box 4, Folder 7, Item S/LC/25",ZWU_SCA0228_B04_F07_SLC025,2025-09-29,ZWU_SCA0228_B04_F07_SLC025_001.jpg;ZWU_SCA0228_B04_F07_SLC025_002.jpg
,34969,Image ,"Varsity sports-lacrosse, folder 07, S/LC/29","Varsity sports-lacrosse, folder 07, S/LC/29","Black and white photograph. Handwritten on verso, ""Doug. Holmes Spectators at Union-Lafayette La Crosse game April 19, 1941""","Yuen, Shui Kong, 1917-1992",Creator,"Union College (Schenectady, N.Y.) http://id.worldcat.org/fast/563176","Holmes, Douglas",,1941-04-19,"2 pages, 1 photograph : b&w ; 8 x 9.75 in. (20.32 x 24.77 cm)",Documentary photographs,In Copyright,"Box 4, Folder 7, Item S/LC/29",ZWU_SCA0228_B04_F07_SLC029,2025-09-29,ZWU_SCA0228_B04_F07_SLC029_001.jpg;ZWU_SCA0228_B04_F07_SLC029_002.jpg
,34970,Image ,"Trinity-Union, folder 08, S/F/70","Trinity-Union, folder 08, S/F/70","Black and white photograph. Handwritten on verso, ""Trinity-Union""","Yuen, Shui Kong, 1917-1992",Creator,"Union College (Schenectady, N.Y.) http://id.worldcat.org/fast/563176",,,,"2 pages, 1 photograph : b&w ; 8 x 9.75 in. (20.32 x 24.77 cm)",Documentary photographs,In Copyright,"Box 4, Folder 8, Item S/F/70",ZWU_SCA0228_B04_F08_SF070,2025-09-29,ZWU_SCA0228_B04_F08_SF070_001.jpg;ZWU_SCA0228_B04_F08_SF070_002.jpg
,34970,Image ,"Trinity-Union, folder 08, S/F/71","Trinity-Union, folder 08, S/F/71","Black and white photograph. Handwritten on verso, ""Art Lawrence Dinner before Trinity-Union game""","Yuen, Shui Kong, 1917-1992",Creator,"Union College (Schenectady, N.Y.) http://id.worldcat.org/fast/563176","Lawrence, Arthur C.",,,"2 pages, 1 photograph : b&w ; 8 x 9.75 in. (20.32 x 24.77 cm)",Documentary photographs,In Copyright,"Box 4, Folder 8, Item S/F/71",ZWU_SCA0228_B04_F08_SF071,2025-09-29,ZWU_SCA0228_B04_F08_SF071_001.jpg;ZWU_SCA0228_B04_F08_SF071_002.jpg
,34970,Image ,"Trinity-Union, folder 08, S/F/72","Trinity-Union, folder 08, S/F/72","Black and white photograph. Handwritten on verso, ""Trinity-Union Ralph + Art Lawrence""","Yuen, Shui Kong, 1917-1992",Creator,"Union College (Schenectady, N.Y.) http://id.worldcat.org/fast/563176","Lawrence, Arthur C.",,,"2 pages, 1 photograph : b&w ; 8 x 9.75 in. (20.32 x 24.77 cm)",Documentary photographs,In Copyright,"Box 4, Folder 8, Item S/F/72",ZWU_SCA0228_B04_F08_SF072,2025-09-29,ZWU_SCA0228_B04_F08_SF072_001.jpg;ZWU_SCA0228_B04_F08_SF072_002.jpg
,34970,Image ,"Trinity-Union, folder 08, S/F/73","Trinity-Union, folder 08, S/F/73","Black and white photograph. Handwritten on verso, ""Samerad TRinity-Union Bob Baker""","Yuen, Shui Kong, 1917-1992",Creator,"Union College (Schenectady, N.Y.) http://id.worldcat.org/fast/563176","Baker, Bob",,,"2 pages, 1 photograph : b&w ; 8 x 9.75 in. (20.32 x 24.77 cm)",Documentary photographs,In Copyright,"Box 4, Folder 8, Item S/F/73",ZWU_SCA0228_B04_F08_SF073,2025-09-29,ZWU_SCA0228_B04_F08_SF073_001.jpg;ZWU_SCA0228_B04_F08_SF073_002.jpg
,34970,Image ,"Trinity-Union, folder 08, S/F/74","Trinity-Union, folder 08, S/F/74","Black and white photograph. Handwritten on verso, ""Trinity-Union green Sherman""","Yuen, Shui Kong, 1917-1992",Creator,"Union College (Schenectady, N.Y.) http://id.worldcat.org/fast/563176",,,,"2 pages, 1 photograph : b&w ; 8 x 9.75 in. (20.32 x 24.77 cm)",Documentary photographs,In Copyright,"Box 4, Folder 8, Item S/F/74",ZWU_SCA0228_B04_F08_SF074,2025-09-29,ZWU_SCA0228_B04_F08_SF074_001.jpg;ZWU_SCA0228_B04_F08_SF074_002.jpg
,34970,Image ,"Trinity-Union, folder 08, S/F/75","Trinity-Union, folder 08, S/F/75","Black and white photograph. Handwritten on verso, ""Trinity-Union""","Yuen, Shui Kong, 1917-1992",Creator,"Union College (Schenectady, N.Y.) http://id.worldcat.org/fast/563176",,,,"2 pages, 1 photograph : b&w ; 8 x 9.75 in. (20.32 x 24.77 cm)",Documentary photographs,In Copyright,"Box 4, Folder 8, Item S/F/75",ZWU_SCA0228_B04_F08_SF075,2025-09-29,ZWU_SCA0228_B04_F08_SF075_001.jpg;ZWU_SCA0228_B04_F08_SF075_002.jpg
,34970,Image ,"Trinity-Union, folder 08, S/F/76","Trinity-Union, folder 08, S/F/76","Black and white photograph. Handwritten on verso, ""Trinity-Union""","Yuen, Shui Kong, 1917-1992",Creator,"Union College (Schenectady, N.Y.) http://id.worldcat.org/fast/563176",,,,"2 pages, 1 photograph : b&w ; 8 x 9.75 in. (20.32 x 24.77 cm)",Documentary photographs,In Copyright,"Box 4, Folder 8, Item S/F/76",ZWU_SCA0228_B04_F08_SF076,2025-09-29,ZWU_SCA0228_B04_F08_SF076_001.jpg;ZWU_SCA0228_B04_F08_SF076_002.jpg
,34970,Image ,"Trinity-Union, folder 08, S/F/77","Trinity-Union, folder 08, S/F/77","Black and white photograph. Handwritten on verso, ""Trinity-Union""","Yuen, Shui Kong, 1917-1992",Creator,"Union College (Schenectady, N.Y.) http://id.worldcat.org/fast/563176",,,,"2 pages, 1 photograph : b&w ; 8 x 9.75 in. (20.32 x 24.77 cm)",Documentary photographs,In Copyright,"Box 4, Folder 8, Item S/F/77",ZWU_SCA0228_B04_F08_SF077,2025-09-29,ZWU_SCA0228_B04_F08_SF077_001.jpg;ZWU_SCA0228_B04_F08_SF077_002.jpg
,34970,Image ,"Trinity-Union, folder 08, S/F/78","Trinity-Union, folder 08, S/F/78","Black and white photograph. Handwritten on verso, ""Trinity-Union""","Yuen, Shui Kong, 1917-1992",Creator,"Union College (Schenectady, N.Y.) http://id.worldcat.org/fast/563176",,,,"2 pages, 1 photograph : b&w ; 8 x 9.75 in. (20.32 x 24.77 cm)",Documentary photographs,In Copyright,"Box 4, Folder 8, Item S/F/78",ZWU_SCA0228_B04_F08_SF078,2025-09-29,ZWU_SCA0228_B04_F08_SF078_001.jpg;ZWU_SCA0228_B04_F08_SF078_002.jpg
,34970,Image ,"Trinity-Union, folder 08, S/F/79","Trinity-Union, folder 08, S/F/79","Black and white photograph. Handwritten on verso, ""Trinity-Union""","Yuen, Shui Kong, 1917-1992",Creator,"Union College (Schenectady, N.Y.) http://id.worldcat.org/fast/563176",,,,"2 pages, 1 photograph : b&w ; 8 x 9.75 in. (20.32 x 24.77 cm)",Documentary photographs,In Copyright,"Box 4, Folder 8, Item S/F/79",ZWU_SCA0228_B04_F08_SF079,2025-09-29,ZWU_SCA0228_B04_F08_SF079_001.jpg;ZWU_SCA0228_B04_F08_SF079_002.jpg
,34970,Image ,"Trinity-Union, folder 08, S/F/80","Trinity-Union, folder 08, S/F/80","Black and white photograph. Handwritten on verso, ""Trinity-Union""","Yuen, Shui Kong, 1917-1992",Creator,"Union College (Schenectady, N.Y.) http://id.worldcat.org/fast/563176",,,,"2 pages, 1 photograph : b&w ; 8 x 9.75 in. (20.32 x 24.77 cm)",Documentary photographs,In Copyright,"Box 4, Folder 8, Item S/F/80",ZWU_SCA0228_B04_F08_SF080,2025-09-29,ZWU_SCA0228_B04_F08_SF080_001.jpg;ZWU_SCA0228_B04_F08_SF080_002.jpg
,34970,Image ,"Trinity-Union, folder 08, S/F/81","Trinity-Union, folder 08, S/F/81","Black and white photograph. Handwritten on verso, ""Trinity-Union Baker""","Yuen, Shui Kong, 1917-1992",Creator,"Union College (Schenectady, N.Y.) http://id.worldcat.org/fast/563176",,,,"2 pages, 1 photograph : b&w ; 8 x 9.75 in. (20.32 x 24.77 cm)",Documentary photographs,In Copyright,"Box 4, Folder 8, Item S/F/81",ZWU_SCA0228_B04_F08_SF081,2025-09-29,ZWU_SCA0228_B04_F08_SF081_001.jpg;ZWU_SCA0228_B04_F08_SF081_002.jpg
,34970,Image ,"Trinity-Union, folder 08, S/F/82","Trinity-Union, folder 08, S/F/82","Black and white photograph. Handwritten on verso, ""Trinity-Union""","Yuen, Shui Kong, 1917-1992",Creator,"Union College (Schenectady, N.Y.) http://id.worldcat.org/fast/563176",,,,"2 pages, 1 photograph : b&w ; 8 x 9.75 in. (20.32 x 24.77 cm)",Documentary photographs,In Copyright,"Box 4, Folder 8, Item S/F/82",ZWU_SCA0228_B04_F08_SF082,2025-09-29,ZWU_SCA0228_B04_F08_SF082_001.jpg;ZWU_SCA0228_B04_F08_SF082_002.jpg
,34970,Image ,"Trinity-Union, folder 08, S/F/83","Trinity-Union, folder 08, S/F/83","Black and white photograph. Handwritten on verso, ""Trinity-Union Galuska, Killian + friends""","Yuen, Shui Kong, 1917-1992",Creator,"Union College (Schenectady, N.Y.) http://id.worldcat.org/fast/563176",,,,"2 pages, 1 photograph : b&w ; 8 x 9.75 in. (20.32 x 24.77 cm)",Documentary photographs,In Copyright,"Box 4, Folder 8, Item S/F/83",ZWU_SCA0228_B04_F08_SF083,2025-09-29,ZWU_SCA0228_B04_F08_SF083_001.jpg;ZWU_SCA0228_B04_F08_SF083_002.jpg
,34970,Image ,"Trinity-Union, folder 08, S/F/84","Trinity-Union, folder 08, S/F/84","Black and white photograph. Handwritten on verso, ""Trinity-Union Football game Intermission""","Yuen, Shui Kong, 1917-1992",Creator,"Union College (Schenectady, N.Y.) http://id.worldcat.org/fast/563176",,,,"2 pages, 1 photograph : b&w ; 8 x 9.75 in. (20.32 x 24.77 cm)",Documentary photographs,In Copyright,"Box 4, Folder 8, Item S/F/84",ZWU_SCA0228_B04_F08_SF084,2025-09-29,ZWU_SCA0228_B04_F08_SF084_001.jpg;ZWU_SCA0228_B04_F08_SF084_002.jpg
,34970,Image ,"Trinity-Union, folder 08, S/F/85","Trinity-Union, folder 08, S/F/85","Black and white photograph. Handwritten on verso, ""Trinity-Union Football game Intermission""","Yuen, Shui Kong, 1917-1992",Creator,"Union College (Schenectady, N.Y.) http://id.worldcat.org/fast/563176",,,,"2 pages, 1 photograph : b&w ; 8 x 9.75 in. (20.32 x 24.77 cm)",Documentary photographs,In Copyright,"Box 4, Folder 8, Item S/F/85",ZWU_SCA0228_B04_F08_SF085,2025-09-29,ZWU_SCA0228_B04_F08_SF085_001.jpg;ZWU_SCA0228_B04_F08_SF085_002.jpg
,34970,Image ,"Trinity-Union, folder 08, S/F/86","Trinity-Union, folder 08, S/F/86","Black and white photograph. Handwritten on verso, ""Trinity-Union""","Yuen, Shui Kong, 1917-1992",Creator,"Union College (Schenectady, N.Y.) http://id.worldcat.org/fast/563176",,,,"2 pages, 1 photograph : b&w ; 8 x 9.75 in. (20.32 x 24.77 cm)",Documentary photographs,In Copyright,"Box 4, Folder 8, Item S/F/86",ZWU_SCA0228_B04_F08_SF086,2025-09-29,ZWU_SCA0228_B04_F08_SF086_001.jpg;ZWU_SCA0228_B04_F08_SF086_002.jpg
,34970,Image ,"Trinity-Union, folder 08, S/F/87","Trinity-Union, folder 08, S/F/87","Black and white photograph. Handwritten on verso, ""Trinity-Union""","Yuen, Shui Kong, 1917-1992",Creator,"Union College (Schenectady, N.Y.) http://id.worldcat.org/fast/563176",,,,"2 pages, 1 photograph : b&w ; 8 x 9.75 in. (20.32 x 24.77 cm)",Documentary photographs,In Copyright,"Box 4, Folder 8, Item S/F/87",ZWU_SCA0228_B04_F08_SF087,2025-09-29,ZWU_SCA0228_B04_F08_SF087_001.jpg;ZWU_SCA0228_B04_F08_SF087_002.jpg
,34970,Image ,"Trinity-Union, folder 08, S/F/88","Trinity-Union, folder 08, S/F/88","Black and white photograph. Handwritten on verso, ""Trinity-Union""","Yuen, Shui Kong, 1917-1992",Creator,"Union College (Schenectady, N.Y.) http://id.worldcat.org/fast/563176",,,,"2 pages, 1 photograph : b&w ; 8 x 9.75 in. (20.32 x 24.77 cm)",Documentary photographs,In Copyright,"Box 4, Folder 8, Item S/F/88",ZWU_SCA0228_B04_F08_SF088,2025-09-29,ZWU_SCA0228_B04_F08_SF088_001.jpg;ZWU_SCA0228_B04_F08_SF088_002.jpg
,34971,Image ,"Skidmore students paint the Idol, folder 09, SA/SKM/1","Skidmore students paint the Idol, folder 09, SA/SKM/1","Black and white photograph. Handwritten on verso, ""Skidmore Student Painting the IDOL April 6, 1946""","Yuen, Shui Kong, 1917-1992",Creator,"Union College (Schenectady, N.Y.) http://id.worldcat.org/fast/563176",,,1946-04-06,"2 pages, 1 photograph : b&w ; 8 x 9.75 in. (20.32 x 24.77 cm)",Documentary photographs,In Copyright,"Box 4, Folder 9, Item SA/SKM/1",ZWU_SCA0228_B04_F09_SASKM001,2025-09-29,ZWU_SCA0228_B04_F09_SASKM001_001.jpg;ZWU_SCA0228_B04_F09_SASKM001_002.jpg
,34971,Image ,"Skidmore students paint the Idol, folder 09, SA/SKM/2","Skidmore students paint the Idol, folder 09, SA/SKM/2","Black and white photograph. Handwritten on verso, ""Skidmore Student Painting the IDOL April 6, 1946""","Yuen, Shui Kong, 1917-1992",Creator,"Union College (Schenectady, N.Y.) http://id.worldcat.org/fast/563176",,,1946-04-06,"2 pages, 1 photograph : b&w ; 8 x 9.75 in. (20.32 x 24.77 cm)",Documentary photographs,In Copyright,"Box 4, Folder 9, Item SA/SKM/2",ZWU_SCA0228_B04_F09_SASKM002,2025-09-29,ZWU_SCA0228_B04_F09_SASKM002_001.jpg;ZWU_SCA0228_B04_F09_SASKM002_002.jpg
,34971,Image ,"Skidmore students paint the Idol, folder 09, SA/SKM/3","Skidmore students paint the Idol, folder 09, SA/SKM/3","Black and white photograph. Handwritten on verso, ""Skidmore Student Painting the IDOL April 6, 1946""","Yuen, Shui Kong, 1917-1992",Creator,"Union College (Schenectady, N.Y.) http://id.worldcat.org/fast/563176",,,1946-04-06,"2 pages, 1 photograph : b&w ; 8 x 9.75 in. (20.32 x 24.77 cm)",Documentary photographs,In Copyright,"Box 4, Folder 9, Item SA/SKM/3",ZWU_SCA0228_B04_F09_SASKM003,2025-09-29,ZWU_SCA0228_B04_F09_SASKM003_001.jpg;ZWU_SCA0228_B04_F09_SASKM003_002.jpg
,34971,Image ,"Skidmore students paint the Idol, folder 09, SA/SKM/4","Skidmore students paint the Idol, folder 09, SA/SKM/4","Black and white photograph. Handwritten on verso, ""Skidmore Student Painting the IDOL April 6, 1946""","Yuen, Shui Kong, 1917-1992",Creator,"Union College (Schenectady, N.Y.) http://id.worldcat.org/fast/563176",,,1946-04-06,"2 pages, 1 photograph : b&w ; 8 x 9.75 in. (20.32 x 24.77 cm)",Documentary photographs,In Copyright,"Box 4, Folder 9, Item SA/SKM/4",ZWU_SCA0228_B04_F09_SASKM004,2025-09-29,ZWU_SCA0228_B04_F09_SASKM004_001.jpg;ZWU_SCA0228_B04_F09_SASKM004_002.jpg
,34971,Image ,"Skidmore students paint the Idol, folder 09, SA/SKM/5","Skidmore students paint the Idol, folder 09, SA/SKM/5","Black and white photograph. Handwritten on verso, ""Skidmore Student Painting the IDOL April 6, 1946""","Yuen, Shui Kong, 1917-1992",Creator,"Union College (Schenectady, N.Y.) http://id.worldcat.org/fast/563176",,,1946-04-06,"2 pages, 1 photograph : b&w ; 8 x 9.75 in. (20.32 x 24.77 cm)",Documentary photographs,In Copyright,"Box 4, Folder 9, Item SA/SKM/5",ZWU_SCA0228_B04_F09_SASKM005,2025-09-29,ZWU_SCA0228_B04_F09_SASKM005_001.jpg;ZWU_SCA0228_B04_F09_SASKM005_002.jpg
,34971,Image ,"Skidmore students paint the Idol, folder 09, SA/SKM/6","Skidmore students paint the Idol, folder 09, SA/SKM/6","Black and white photograph. Handwritten on verso, ""Skidmore Student Painting the IDOL April 6, 1946""","Yuen, Shui Kong, 1917-1992",Creator,"Union College (Schenectady, N.Y.) http://id.worldcat.org/fast/563176",,,1946-04-06,"2 pages, 1 photograph : b&w ; 8 x 9.75 in. (20.32 x 24.77 cm)",Documentary photographs,In Copyright,"Box 4, Folder 9, Item SA/SKM/6",ZWU_SCA0228_B04_F09_SASKM006,2025-09-29,ZWU_SCA0228_B04_F09_SASKM006_001.jpg;ZWU_SCA0228_B04_F09_SASKM006_002.jpg
,34971,Image ,"Skidmore students paint the Idol, folder 09, SA/SKM/7","Skidmore students paint the Idol, folder 09, SA/SKM/7","Black and white photograph. Handwritten on verso, ""Skidmore Student Painting the IDOL April 6, 1946""","Yuen, Shui Kong, 1917-1992",Creator,"Union College (Schenectady, N.Y.) http://id.worldcat.org/fast/563176",,,1946-04-06,"2 pages, 1 photograph : b&w ; 8 x 9.75 in. (20.32 x 24.77 cm)",Documentary photographs,In Copyright,"Box 4, Folder 9, Item SA/SKM/7",ZWU_SCA0228_B04_F09_SASKM007,2025-09-29,ZWU_SCA0228_B04_F09_SASKM007_001.jpg;ZWU_SCA0228_B04_F09_SASKM007_002.jpg
,34971,Image ,"Skidmore students paint the Idol, folder 09, SA/SKM/8","Skidmore students paint the Idol, folder 09, SA/SKM/8","Black and white photograph. Handwritten on verso, ""Skidmore Student Painting the IDOL April 6, 1946""","Yuen, Shui Kong, 1917-1992",Creator,"Union College (Schenectady, N.Y.) http://id.worldcat.org/fast/563176",,,1946-04-06,"2 pages, 1 photograph : b&w ; 8 x 9.75 in. (20.32 x 24.77 cm)",Documentary photographs,In Copyright,"Box 4, Folder 9, Item SA/SKM/8",ZWU_SCA0228_B04_F09_SASKM008,2025-09-29,ZWU_SCA0228_B04_F09_SASKM008_001.jpg;ZWU_SCA0228_B04_F09_SASKM008_002.jpg
,34971,Image ,"Skidmore students paint the Idol, folder 09, SA/SKM/9","Skidmore students paint the Idol, folder 09, SA/SKM/9","Black and white photograph. Handwritten on verso, ""Skidmore Student Painting the IDOL April 6, 1946""","Yuen, Shui Kong, 1917-1992",Creator,"Union College (Schenectady, N.Y.) http://id.worldcat.org/fast/563176",,,1946-04-06,"2 pages, 1 photograph : b&w ; 8 x 9.75 in. (20.32 x 24.77 cm)",Documentary photographs,In Copyright,"Box 4, Folder 9, Item SA/SKM/9",ZWU_SCA0228_B04_F09_SASKM009,2025-09-29,ZWU_SCA0228_B04_F09_SASKM009_001.jpg;ZWU_SCA0228_B04_F09_SASKM009_002.jpg
,34972,Image ,"Mountebanks play summer, folder 10, MB/1","Mountebanks play summer, folder 10, MB/1","Black and white photograph. Handwritten on verso, ""Mountebank Hanna Hall Washburn Hall Summer 1942""","Yuen, Shui Kong, 1917-1992",Creator,"Union College (Schenectady, N.Y.) http://id.worldcat.org/fast/563176",,June 1942-August 1942,,"2 pages, 1 photograph : b&w ; 8 x 9.75 in. (20.32 x 24.77 cm)",Documentary photographs,In Copyright,"Box 4, Folder 10, Item MB/1",ZWU_SCA0228_B04_F10_MB001,2025-09-29,ZWU_SCA0228_B04_F10_MB001_001.jpg;ZWU_SCA0228_B04_F10_MB001_002.jpg
,34972,Image ,"Mountebanks play summer, folder 10, MB/2","Mountebanks play summer, folder 10, MB/2","Black and white photograph. Handwritten on verso, ""Mountebank Summer 1942""","Yuen, Shui Kong, 1917-1992",Creator,"Union College (Schenectady, N.Y.) http://id.worldcat.org/fast/563176",,June 1942-August 1942,,"2 pages, 1 photograph : b&w ; 8 x 9.75 in. (20.32 x 24.77 cm)",Documentary photographs,In Copyright,"Box 4, Folder 10, Item MB/2",ZWU_SCA0228_B04_F10_MB002,2025-09-29,ZWU_SCA0228_B04_F10_MB002_001.jpg;ZWU_SCA0228_B04_F10_MB002_002.jpg
,34972,Image ,"Mountebanks play summer, folder 10, MB/3","Mountebanks play summer, folder 10, MB/3","Black and white photograph. Handwritten on verso, ""Mountebank Summer 1942""","Yuen, Shui Kong, 1917-1992",Creator,"Union College (Schenectady, N.Y.) http://id.worldcat.org/fast/563176",,June 1942-August 1942,,"2 pages, 1 photograph : b&w ; 8 x 9.75 in. (20.32 x 24.77 cm)",Documentary photographs,In Copyright,"Box 4, Folder 10, Item MB/3",ZWU_SCA0228_B04_F10_MB003,2025-09-29,ZWU_SCA0228_B04_F10_MB003_001.jpg;ZWU_SCA0228_B04_F10_MB003_002.jpg
,34972,Image ,"Mountebanks play summer, folder 10, MB/4","Mountebanks play summer, folder 10, MB/4","Black and white photograph. Handwritten on verso, ""Mountebank Summer 1942""","Yuen, Shui Kong, 1917-1992",Creator,"Union College (Schenectady, N.Y.) http://id.worldcat.org/fast/563176",,June 1942-August 1942,,"2 pages, 1 photograph : b&w ; 8 x 9.75 in. (20.32 x 24.77 cm)",Documentary photographs,In Copyright,"Box 4, Folder 10, Item MB/4",ZWU_SCA0228_B04_F10_MB004,2025-09-29,ZWU_SCA0228_B04_F10_MB004_001.jpg;ZWU_SCA0228_B04_F10_MB004_002.jpg
,34972,Image ,"Mountebanks play summer, folder 10, MB/5","Mountebanks play summer, folder 10, MB/5","Black and white photograph. Handwritten on verso, ""Mountebank Play Summer 1942""","Yuen, Shui Kong, 1917-1992",Creator,"Union College (Schenectady, N.Y.) http://id.worldcat.org/fast/563176",,June 1942-August 1942,,"2 pages, 1 photograph : b&w ; 8 x 9.75 in. (20.32 x 24.77 cm)",Documentary photographs,In Copyright,"Box 4, Folder 10, Item MB/5",ZWU_SCA0228_B04_F10_MB005,2025-09-29,ZWU_SCA0228_B04_F10_MB005_001.jpg;ZWU_SCA0228_B04_F10_MB005_002.jpg
,34972,Image ,"Mountebanks play summer, folder 10, MB/6","Mountebanks play summer, folder 10, MB/6","Black and white photograph. Handwritten on verso, ""Mountebank Play Summer 1942""","Yuen, Shui Kong, 1917-1992",Creator,"Union College (Schenectady, N.Y.) http://id.worldcat.org/fast/563176",,June 1942-August 1942,,"2 pages, 1 photograph : b&w ; 8 x 9.75 in. (20.32 x 24.77 cm)",Documentary photographs,In Copyright,"Box 4, Folder 10, Item MB/6",ZWU_SCA0228_B04_F10_MB006,2025-09-29,ZWU_SCA0228_B04_F10_MB006_001.jpg;ZWU_SCA0228_B04_F10_MB006_002.jpg
,34972,Image ,"Mountebanks play summer, folder 10, MB/7","Mountebanks play summer, folder 10, MB/7","Black and white photograph. Handwritten on verso, ""Mountebank Play Summer 1942""","Yuen, Shui Kong, 1917-1992",Creator,"Union College (Schenectady, N.Y.) http://id.worldcat.org/fast/563176",,June 1942-August 1942,,"2 pages, 1 photograph : b&w ; 8 x 9.75 in. (20.32 x 24.77 cm)",Documentary photographs,In Copyright,"Box 4, Folder 10, Item MB/7",ZWU_SCA0228_B04_F10_MB007,2025-09-29,ZWU_SCA0228_B04_F10_MB007_001.jpg;ZWU_SCA0228_B04_F10_MB007_002.jpg
,34972,Image ,"Mountebanks play summer, folder 10, MB/8","Mountebanks play summer, folder 10, MB/8","Black and white photograph. Handwritten on verso, ""Mountebank Play Summer 1942""","Yuen, Shui Kong, 1917-1992",Creator,"Union College (Schenectady, N.Y.) http://id.worldcat.org/fast/563176",,June 1942-August 1942,,"2 pages, 1 photograph : b&w ; 8 x 9.75 in. (20.32 x 24.77 cm)",Documentary photographs,In Copyright,"Box 4, Folder 10, Item MB/8",ZWU_SCA0228_B04_F10_MB008,2025-09-29,ZWU_SCA0228_B04_F10_MB008_001.jpg;ZWU_SCA0228_B04_F10_MB008_002.jpg
,34972,Image ,"Mountebanks play summer, folder 10, MB/9","Mountebanks play summer, folder 10, MB/9","Black and white photograph. Handwritten on verso, ""Mountebank Play Summer 1942""","Yuen, Shui Kong, 1917-1992",Creator,"Union College (Schenectady, N.Y.) http://id.worldcat.org/fast/563176",,June 1942-August 1942,,"2 pages, 1 photograph : b&w ; 8 x 9.75 in. (20.32 x 24.77 cm)",Documentary photographs,In Copyright,"Box 4, Folder 10, Item MB/9",ZWU_SCA0228_B04_F10_MB009,2025-09-29,ZWU_SCA0228_B04_F10_MB009_001.jpg;ZWU_SCA0228_B04_F10_MB009_002.jpg
,34972,Image ,"Mountebanks play summer, folder 10, MB/10","Mountebanks play summer, folder 10, MB/10","Black and white photograph. Handwritten on verso, ""Mountebank Play Summer 1942""","Yuen, Shui Kong, 1917-1992",Creator,"Union College (Schenectady, N.Y.) http://id.worldcat.org/fast/563176",,June 1942-August 1942,,"2 pages, 1 photograph : b&w ; 8 x 9.75 in. (20.32 x 24.77 cm)",Documentary photographs,In Copyright,"Box 4, Folder 10, Item MB/10",ZWU_SCA0228_B04_F10_MB010,2025-09-29,ZWU_SCA0228_B04_F10_MB010_001.jpg;ZWU_SCA0228_B04_F10_MB010_002.jpg
,34972,Image ,"Mountebanks play summer, folder 10, MB/11","Mountebanks play summer, folder 10, MB/11","Black and white photograph. Handwritten on verso, ""Mountebank Play Summer 1942""","Yuen, Shui Kong, 1917-1992",Creator,"Union College (Schenectady, N.Y.) http://id.worldcat.org/fast/563176",,June 1942-August 1942,,"2 pages, 1 photograph : b&w ; 8 x 9.75 in. (20.32 x 24.77 cm)",Documentary photographs,In Copyright,"Box 4, Folder 10, Item MB/11",ZWU_SCA0228_B04_F10_MB011,2025-09-29,ZWU_SCA0228_B04_F10_MB011_001.jpg;ZWU_SCA0228_B04_F10_MB011_002.jpg
,34972,Image ,"Mountebanks play summer, folder 10, MB/12","Mountebanks play summer, folder 10, MB/12","Black and white photograph. Handwritten on verso, ""Mountebank Play Summer 1942""","Yuen, Shui Kong, 1917-1992",Creator,"Union College (Schenectady, N.Y.) http://id.worldcat.org/fast/563176",,June 1942-August 1942,,"2 pages, 1 photograph : b&w ; 8 x 9.75 in. (20.32 x 24.77 cm)",Documentary photographs,In Copyright,"Box 4, Folder 10, Item MB/12",ZWU_SCA0228_B04_F10_MB012,2025-09-29,ZWU_SCA0228_B04_F10_MB012_001.jpg;ZWU_SCA0228_B04_F10_MB012_002.jpg
,34973,Image ,"High jump-Pete Plummer, folder 11, S/HJ/1","High jump-Pete Plummer, folder 11, S/HJ/1","Black and white photograph. Handwritten on verso, ""High Jump ""Pete"" Plummer Spring 1941""","Yuen, Shui Kong, 1917-1992",Creator,"Union College (Schenectady, N.Y.) http://id.worldcat.org/fast/563176","Plummer, Pete",March 1941-May 1941,,"2 pages, 1 photograph : b&w ; 8 x 9.75 in. (20.32 x 24.77 cm)",Documentary photographs,In Copyright,"Box 4, Folder 11, Item S/HJ/1",ZWU_SCA0228_B04_F11_SHJ001,2025-09-29,ZWU_SCA0228_B04_F11_SHJ001_001.jpg;ZWU_SCA0228_B04_F11_SHJ001_002.jpg
,34973,Image ,"High jump-Pete Plummer, folder 11, S/HJ/2","High jump-Pete Plummer, folder 11, S/HJ/2","Black and white photograph. Handwritten on verso, ""High Jump ""Pete"" Plummer Spring 1941""","Yuen, Shui Kong, 1917-1992",Creator,"Union College (Schenectady, N.Y.) http://id.worldcat.org/fast/563176","Plummer, Pete",March 1941-May 1941,,"2 pages, 1 photograph : b&w ; 8 x 9.75 in. (20.32 x 24.77 cm)",Documentary photographs,In Copyright,"Box 4, Folder 11, Item S/HJ/2",ZWU_SCA0228_B04_F11_SHJ002,2025-09-29,ZWU_SCA0228_B04_F11_SHJ002_001.jpg;ZWU_SCA0228_B04_F11_SHJ002_002.jpg
,34973,Image ,"High jump-Pete Plummer, folder 11, S/HJ/3","High jump-Pete Plummer, folder 11, S/HJ/3","Black and white photograph. Handwritten on verso, ""High Jump ""Pete"" Plummer Spring 1941""","Yuen, Shui Kong, 1917-1992",Creator,"Union College (Schenectady, N.Y.) http://id.worldcat.org/fast/563176","Plummer, Pete",March 1941-May 1941,,"2 pages, 1 photograph : b&w ; 8 x 9.75 in. (20.32 x 24.77 cm)",Documentary photographs,In Copyright,"Box 4, Folder 11, Item S/HJ/3",ZWU_SCA0228_B04_F11_SHJ003,2025-09-29,ZWU_SCA0228_B04_F11_SHJ003_001.jpg;ZWU_SCA0228_B04_F11_SHJ003_002.jpg
,34973,Image ,"High jump-Pete Plummer, folder 11, S/HJ/4","High jump-Pete Plummer, folder 11, S/HJ/4","Black and white photograph. Handwritten on verso, ""High Jump ""Pete"" Plummer Spring 1941""","Yuen, Shui Kong, 1917-1992",Creator,"Union College (Schenectady, N.Y.) http://id.worldcat.org/fast/563176","Plummer, Pete",March 1941-May 1941,,"2 pages, 1 photograph : b&w ; 8 x 9.75 in. (20.32 x 24.77 cm)",Documentary photographs,In Copyright,"Box 4, Folder 11, Item S/HJ/4",ZWU_SCA0228_B04_F11_SHJ004,2025-09-29,ZWU_SCA0228_B04_F11_SHJ004_001.jpg;ZWU_SCA0228_B04_F11_SHJ004_002.jpg
,34973,Image ,"High jump-Pete Plummer, folder 11, S/HJ/5","High jump-Pete Plummer, folder 11, S/HJ/5","Black and white photograph. Handwritten on verso, ""High Jump ""Pete"" Plummer Spring 1941""","Yuen, Shui Kong, 1917-1992",Creator,"Union College (Schenectady, N.Y.) http://id.worldcat.org/fast/563176","Plummer, Pete",March 1941-May 1941,,"2 pages, 1 photograph : b&w ; 8 x 9.75 in. (20.32 x 24.77 cm)",Documentary photographs,In Copyright,"Box 4, Folder 11, Item S/HJ/5",ZWU_SCA0228_B04_F11_SHJ005,2025-09-29,ZWU_SCA0228_B04_F11_SHJ005_001.jpg;ZWU_SCA0228_B04_F11_SHJ005_002.jpg
,34973,Image ,"High jump-Pete Plummer, folder 11, S/HJ/6","High jump-Pete Plummer, folder 11, S/HJ/6","Black and white photograph. Handwritten on verso, ""High Jump ""Pete"" Plummer Spring 1941""","Yuen, Shui Kong, 1917-1992",Creator,"Union College (Schenectady, N.Y.) http://id.worldcat.org/fast/563176","Plummer, Pete",March 1941-May 1941,,"2 pages, 1 photograph : b&w ; 8 x 9.75 in. (20.32 x 24.77 cm)",Documentary photographs,In Copyright,"Box 4, Folder 11, Item S/HJ/6",ZWU_SCA0228_B04_F11_SHJ006,2025-09-29,ZWU_SCA0228_B04_F11_SHJ006_001.jpg;ZWU_SCA0228_B04_F11_SHJ006_002.jpg
,34973,Image ,"High jump-Pete Plummer, folder 11, S/HJ/7","High jump-Pete Plummer, folder 11, S/HJ/7","Black and white photograph. Handwritten on verso, ""High Jump ""Pete"" Plummer Spring 1941""","Yuen, Shui Kong, 1917-1992",Creator,"Union College (Schenectady, N.Y.) http://id.worldcat.org/fast/563176","Plummer, Pete",March 1941-May 1941,,"2 pages, 1 photograph : b&w ; 8 x 9.75 in. (20.32 x 24.77 cm)",Documentary photographs,In Copyright,"Box 4, Folder 11, Item S/HJ/7",ZWU_SCA0228_B04_F11_SHJ007,2025-09-29,ZWU_SCA0228_B04_F11_SHJ007_001.jpg;ZWU_SCA0228_B04_F11_SHJ007_002.jpg
,34974,Image ,"Delta Phi brothers singing at chapel service, folder 12, MISC/DC/2","Delta Phi brothers singing at chapel service, folder 12, MISC/DC/2","Black and white photograph. Handwritten on verso, ""Δɸ brothers singing at Chapel Spring, 1942""","Yuen, Shui Kong, 1917-1992",Creator,"Union College (Schenectady, N.Y.) http://id.worldcat.org/fast/563176",,March 1942-May 1942,,"2 pages, 1 photograph : b&w ; 8 x 9.75 in. (20.32 x 24.77 cm)",Documentary photographs,In Copyright,"Box 4, Folder 12, Item MISC/DC/2",ZWU_SCA0228_B04_F12_MISCDC002,2025-09-29,ZWU_SCA0228_B04_F12_MISCDC002_001.jpg;ZWU_SCA0228_B04_F12_MISCDC002_002.jpg
,34975,Image ,"Junior prom, folder 13, JP/43/1","Junior prom, folder 13, JP/43/1","Black and white photograph. Handwritten on verso, ""Junior Prom. April 1943""","Yuen, Shui Kong, 1917-1992",Creator,"Union College (Schenectady, N.Y.) http://id.worldcat.org/fast/563176",,,1943-04-01,"2 pages, 1 photograph : b&w ; 8 x 9.75 in. (20.32 x 24.77 cm)",Documentary photographs,In Copyright,"Box 4, Folder 13, Item JP/43/1",ZWU_SCA0228_B04_F13_JP43001,2025-09-29,ZWU_SCA0228_B04_F13_JP43001_001.jpg;ZWU_SCA0228_B04_F13_JP43001_002.jpg
,34975,Image ,"Junior prom, folder 13, JP/43/2","Junior prom, folder 13, JP/43/2","Black and white photograph. Handwritten on verso, ""Junior Prom. April 1943""","Yuen, Shui Kong, 1917-1992",Creator,"Union College (Schenectady, N.Y.) http://id.worldcat.org/fast/563176",,,1943-04-01,"2 pages, 1 photograph : b&w ; 8 x 9.75 in. (20.32 x 24.77 cm)",Documentary photographs,In Copyright,"Box 4, Folder 13, Item JP/43/2",ZWU_SCA0228_B04_F13_JP43002,2025-09-29,ZWU_SCA0228_B04_F13_JP43002_001.jpg;ZWU_SCA0228_B04_F13_JP43002_002.jpg
,34975,Image ,"Junior prom, folder 13, JP/43/3","Junior prom, folder 13, JP/43/3","Black and white photograph. Handwritten on verso, ""Junior Prom. April 1943""","Yuen, Shui Kong, 1917-1992",Creator,"Union College (Schenectady, N.Y.) http://id.worldcat.org/fast/563176",,,1943-04-01,"2 pages, 1 photograph : b&w ; 8 x 9.75 in. (20.32 x 24.77 cm)",Documentary photographs,In Copyright,"Box 4, Folder 13, Item JP/43/3",ZWU_SCA0228_B04_F13_JP43003,2025-09-29,ZWU_SCA0228_B04_F13_JP43003_001.jpg;ZWU_SCA0228_B04_F13_JP43003_002.jpg
,34975,Image ,"Junior prom, folder 13, JP/43/4","Junior prom, folder 13, JP/43/4","Black and white photograph. Handwritten on verso, ""Junior Prom. April 1943""","Yuen, Shui Kong, 1917-1992",Creator,"Union College (Schenectady, N.Y.) http://id.worldcat.org/fast/563176",,,1943-04-01,"2 pages, 1 photograph : b&w ; 8 x 9.75 in. (20.32 x 24.77 cm)",Documentary photographs,In Copyright,"Box 4, Folder 13, Item JP/43/4",ZWU_SCA0228_B04_F13_JP43004,2025-09-29,ZWU_SCA0228_B04_F13_JP43004_001.jpg;ZWU_SCA0228_B04_F13_JP43004_002.jpg
,34975,Image ,"Junior prom, folder 13, JP/43/5","Junior prom, folder 13, JP/43/5","Black and white photograph. Handwritten on verso, ""Junior Prom. April 1943""","Yuen, Shui Kong, 1917-1992",Creator,"Union College (Schenectady, N.Y.) http://id.worldcat.org/fast/563176",,,1943-04-01,"2 pages, 1 photograph : b&w ; 8 x 9.75 in. (20.32 x 24.77 cm)",Documentary photographs,In Copyright,"Box 4, Folder 13, Item JP/43/5",ZWU_SCA0228_B04_F13_JP43005,2025-09-29,ZWU_SCA0228_B04_F13_JP43005_001.jpg;ZWU_SCA0228_B04_F13_JP43005_002.jpg
,34976,Image ,"Junior prom, folder 14, JP/41/1","Junior prom, folder 14, JP/41/1","Black and white photograph. Handwritten on verso, ""Stevie Goldbalt Junior Prom Spring 1941 (Benny Goodman Orchestra)""","Yuen, Shui Kong, 1917-1992",Creator,"Union College (Schenectady, N.Y.) http://id.worldcat.org/fast/563176","Goldbalt, Stewie",March 1941-May 1941,,"2 pages, 1 photograph : b&w ; 8 x 9.75 in. (20.32 x 24.77 cm)",Documentary photographs,In Copyright,"Box 4, Folder 14, Item JP/41/1",ZWU_SCA0228_B04_F14_JP41001,2025-09-29,ZWU_SCA0228_B04_F14_JP41001_001.jpg;ZWU_SCA0228_B04_F14_JP41001_002.jpg
,34976,Image ,"Junior prom, folder 14, JP/41/2","Junior prom, folder 14, JP/41/2","Black and white photograph. Handwritten on verso, ""Bob Nann Junior Prom. Spring 1941 (Benny Goodman Orchestra)""","Yuen, Shui Kong, 1917-1992",Creator,"Union College (Schenectady, N.Y.) http://id.worldcat.org/fast/563176","Nann, Robert",March 1941-May 1941,,"2 pages, 1 photograph : b&w ; 8 x 9.75 in. (20.32 x 24.77 cm)",Documentary photographs,In Copyright,"Box 4, Folder 14, Item JP/41/2",ZWU_SCA0228_B04_F14_JP41002,2025-09-29,ZWU_SCA0228_B04_F14_JP41002_001.jpg;ZWU_SCA0228_B04_F14_JP41002_002.jpg
,34976,Image ,"Junior prom, folder 14, JP/41/3","Junior prom, folder 14, JP/41/3","Black and white photograph. Handwritten on verso, ""Junior Prom Spring 1941 (Benny Goodman Orchestra)""","Yuen, Shui Kong, 1917-1992",Creator,"Union College (Schenectady, N.Y.) http://id.worldcat.org/fast/563176",,March 1941-May 1941,,"2 pages, 1 photograph : b&w ; 8 x 9.75 in. (20.32 x 24.77 cm)",Documentary photographs,In Copyright,"Box 4, Folder 14, Item JP/41/3",ZWU_SCA0228_B04_F14_JP41003,2025-09-29,ZWU_SCA0228_B04_F14_JP41003_001.jpg;ZWU_SCA0228_B04_F14_JP41003_002.jpg
,34976,Image ,"Junior prom, folder 14, JP/41/4","Junior prom, folder 14, JP/41/4","Black and white photograph. Handwritten on verso, ""Junior Prom Spring 1941 (Benny Goodman Orchestra)""","Yuen, Shui Kong, 1917-1992",Creator,"Union College (Schenectady, N.Y.) http://id.worldcat.org/fast/563176",,March 1941-May 1941,,"2 pages, 1 photograph : b&w ; 8 x 9.75 in. (20.32 x 24.77 cm)",Documentary photographs,In Copyright,"Box 4, Folder 14, Item JP/41/4",ZWU_SCA0228_B04_F14_JP41004,2025-09-29,ZWU_SCA0228_B04_F14_JP41004_001.jpg;ZWU_SCA0228_B04_F14_JP41004_002.jpg
,34976,Image ,"Junior prom, folder 14, JP/41/5","Junior prom, folder 14, JP/41/5","Black and white photograph. Handwritten on verso, ""Junior Prom Spring 1941 (Benny Goodman Orchestra)""","Yuen, Shui Kong, 1917-1992",Creator,"Union College (Schenectady, N.Y.) http://id.worldcat.org/fast/563176",,March 1941-May 1941,,"2 pages, 1 photograph : b&w ; 8 x 9.75 in. (20.32 x 24.77 cm)",Documentary photographs,In Copyright,"Box 4, Folder 14, Item JP/41/5",ZWU_SCA0228_B04_F14_JP41005,2025-09-29,ZWU_SCA0228_B04_F14_JP41005_001.jpg;ZWU_SCA0228_B04_F14_JP41005_002.jpg
,34976,Image ,"Junior prom, folder 14, JP/41/6","Junior prom, folder 14, JP/41/6","Black and white photograph. Handwritten on verso, ""Δɸ Booth at the Junior Prom Spring 1941 (Benny Goodman Orchestra) Hempsted Pete Plummer Walker Bob Nann Clancy Woodward""","Yuen, Shui Kong, 1917-1992",Creator,"Union College (Schenectady, N.Y.) http://id.worldcat.org/fast/563176",,March 1941-May 1941,,"2 pages, 1 photograph : b&w ; 8 x 9.75 in. (20.32 x 24.77 cm)",Documentary photographs,In Copyright,"Box 4, Folder 14, Item JP/41/6",ZWU_SCA0228_B04_F14_JP41006,2025-09-29,ZWU_SCA0228_B04_F14_JP41006_001.jpg;ZWU_SCA0228_B04_F14_JP41006_002.jpg
,34976,Image ,"Junior prom, folder 14, JP/41/7","Junior prom, folder 14, JP/41/7","Black and white photograph. Handwritten on verso, ""Junior Prom. Spring 1941 (Benny Goodman Orchestra)""","Yuen, Shui Kong, 1917-1992",Creator,"Union College (Schenectady, N.Y.) http://id.worldcat.org/fast/563176",,March 1941-May 1941,,"2 pages, 1 photograph : b&w ; 8 x 9.75 in. (20.32 x 24.77 cm)",Documentary photographs,In Copyright,"Box 4, Folder 14, Item JP/41/7",ZWU_SCA0228_B04_F14_JP41007,2025-09-29,ZWU_SCA0228_B04_F14_JP41007_001.jpg;ZWU_SCA0228_B04_F14_JP41007_002.jpg
,34976,Image ,"Junior prom, folder 14, JP/41/8","Junior prom, folder 14, JP/41/8","Black and white photograph. Handwritten on verso, ""Junior Prom Spring 1941 (Benny Goodman Orchestra) Dorteman""","Yuen, Shui Kong, 1917-1992",Creator,"Union College (Schenectady, N.Y.) http://id.worldcat.org/fast/563176",,March 1941-May 1941,,"2 pages, 1 photograph : b&w ; 8 x 9.75 in. (20.32 x 24.77 cm)",Documentary photographs,In Copyright,"Box 4, Folder 14, Item JP/41/8",ZWU_SCA0228_B04_F14_JP41008,2025-09-29,ZWU_SCA0228_B04_F14_JP41008_001.jpg;ZWU_SCA0228_B04_F14_JP41008_002.jpg
,34976,Image ,"Junior prom, folder 14, JP/41/9","Junior prom, folder 14, JP/41/9","Black and white photograph. Handwritten on verso, ""Benny Goodman Orchestra's Vocalist at the Junior Prom Spring 1941""","Yuen, Shui Kong, 1917-1992",Creator,"Union College (Schenectady, N.Y.) http://id.worldcat.org/fast/563176",,March 1941-May 1941,,"2 pages, 1 photograph : b&w ; 8 x 9.75 in. (20.32 x 24.77 cm)",Documentary photographs,In Copyright,"Box 4, Folder 14, Item JP/41/9",ZWU_SCA0228_B04_F14_JP41009,2025-09-29,ZWU_SCA0228_B04_F14_JP41009_001.jpg;ZWU_SCA0228_B04_F14_JP41009_002.jpg
,34977,Image ,"Varsity sports-swimming, folder 15, S/S/1","Varsity sports-swimming, folder 15, S/S/1","Black and white photograph. Handwritten on verso, ""Swimming Leonard D. Benjamin April 7, 1942""","Yuen, Shui Kong, 1917-1992",Creator,"Union College (Schenectady, N.Y.) http://id.worldcat.org/fast/563176","Benjamin, Leonard D.",,1942-04-07,"2 pages, 1 photograph : b&w ; 8 x 9.75 in. (20.32 x 24.77 cm)",Documentary photographs,In Copyright,"Box 4, Folder 15, Item S/S/1",ZWU_SCA0228_B04_F15_SS001,2025-09-29,ZWU_SCA0228_B04_F15_SS001_001.jpg;ZWU_SCA0228_B04_F15_SS001_002.jpg
,34978,Image ,"Union-R.P.I., folder 16, S/F/89","Union-R.P.I., folder 16, S/F/89","Black and white photograph. Handwritten on verso, ""Union vs. R.P.I. at Troy October 26, 1940""","Yuen, Shui Kong, 1917-1992",Creator,"Union College (Schenectady, N.Y.) http://id.worldcat.org/fast/563176",,,1940-10-26,"2 pages, 1 photograph : b&w ; 8 x 9.75 in. (20.32 x 24.77 cm)",Documentary photographs,In Copyright,"Box 4, Folder 16, Item S/F/89",ZWU_SCA0228_B04_F16_SF089,2025-09-29,ZWU_SCA0228_B04_F16_SF089_001.jpg;ZWU_SCA0228_B04_F16_SF089_002.jpg
,34978,Image ,"Union-R.P.I., folder 16, S/F/90","Union-R.P.I., folder 16, S/F/90","Black and white photograph. Handwritten on verso, ""Union vs. R.P.I. at Troy October 26, 1940""","Yuen, Shui Kong, 1917-1992",Creator,"Union College (Schenectady, N.Y.) http://id.worldcat.org/fast/563176",,,1940-10-26,"2 pages, 1 photograph : b&w ; 8 x 9.75 in. (20.32 x 24.77 cm)",Documentary photographs,In Copyright,"Box 4, Folder 16, Item S/F/90",ZWU_SCA0228_B04_F16_SF090,2025-09-29,ZWU_SCA0228_B04_F16_SF090_001.jpg;ZWU_SCA0228_B04_F16_SF090_002.jpg
,34978,Image ,"Union-R.P.I., folder 16, S/F/91","Union-R.P.I., folder 16, S/F/91","Black and white photograph. Handwritten on verso, ""Union vs. R.P.I. at Troy October 26, 1940""","Yuen, Shui Kong, 1917-1992",Creator,"Union College (Schenectady, N.Y.) http://id.worldcat.org/fast/563176",,,1940-10-26,"2 pages, 1 photograph : b&w ; 8 x 9.75 in. (20.32 x 24.77 cm)",Documentary photographs,In Copyright,"Box 4, Folder 16, Item S/F/91",ZWU_SCA0228_B04_F16_SF091,2025-09-29,ZWU_SCA0228_B04_F16_SF091_001.jpg;ZWU_SCA0228_B04_F16_SF091_002.jpg
,34978,Image ,"Union-R.P.I., folder 16, S/F/92","Union-R.P.I., folder 16, S/F/92","Black and white photograph. Handwritten on verso, ""Union vs. R.P.I. at Troy October 26, 1940""","Yuen, Shui Kong, 1917-1992",Creator,"Union College (Schenectady, N.Y.) http://id.worldcat.org/fast/563176",,,1940-10-26,"2 pages, 1 photograph : b&w ; 8 x 9.75 in. (20.32 x 24.77 cm)",Documentary photographs,In Copyright,"Box 4, Folder 16, Item S/F/92",ZWU_SCA0228_B04_F16_SF092,2025-09-29,ZWU_SCA0228_B04_F16_SF092_001.jpg;ZWU_SCA0228_B04_F16_SF092_002.jpg
,34978,Image ,"Union-R.P.I., folder 16, S/F/93","Union-R.P.I., folder 16, S/F/93","Black and white photograph. Handwritten on verso, ""Union vs. R.P.I. at Troy October 26, 1940""","Yuen, Shui Kong, 1917-1992",Creator,"Union College (Schenectady, N.Y.) http://id.worldcat.org/fast/563176",,,1940-10-26,"2 pages, 1 photograph : b&w ; 8 x 9.75 in. (20.32 x 24.77 cm)",Documentary photographs,In Copyright,"Box 4, Folder 16, Item F 93",ZWU_SCA0228_B04_F16_SF093,2025-09-29,ZWU_SCA0228_B04_F16_SF093_001.jpg;ZWU_SCA0228_B04_F16_SF093_002.jpg
,34979,Image ,"Junior prom, folder 17, JP/42/1","Junior prom, folder 17, JP/42/1","Black and white photograph. Handwritten on verso, ""Charles Spirah Junior Prom. April 10, 1942""","Yuen, Shui Kong, 1917-1992",Creator,"Union College (Schenectady, N.Y.) http://id.worldcat.org/fast/563176","Spirah, Charles",,1942-04-10,"2 pages, 1 photograph : b&w ; 8 x 9.75 in. (20.32 x 24.77 cm)",Documentary photographs,In Copyright,"Box 4, Folder 17, Item JP/42/1",ZWU_SCA0228_B04_F17_JP42001,2025-09-30,ZWU_SCA0228_B04_F17_JP42001_001.jpg;ZWU_SCA0228_B04_F17_JP42001_002.jpg
,34979,Image ,"Junior prom, folder 17, JP/42/2","Junior prom, folder 17, JP/42/2","Black and white photograph. Handwritten on verso, ""Junior Prom April 10, 1942""","Yuen, Shui Kong, 1917-1992",Creator,"Union College (Schenectady, N.Y.) http://id.worldcat.org/fast/563176",,,1942-04-10,"2 pages, 1 photograph : b&w ; 8 x 9.75 in. (20.32 x 24.77 cm)",Documentary photographs,In Copyright,"Box 4, Folder 17, Item JP/42/2",ZWU_SCA0228_B04_F17_JP42002,2025-09-30,ZWU_SCA0228_B04_F17_JP42002_001.jpg;ZWU_SCA0228_B04_F17_JP42002_002.jpg
,34979,Image ,"Junior prom, folder 17, JP/42/3","Junior prom, folder 17, JP/42/3","Black and white photograph. Handwritten on verso, ""Junior Prom April 10, 1942""","Yuen, Shui Kong, 1917-1992",Creator,"Union College (Schenectady, N.Y.) http://id.worldcat.org/fast/563176",,,1942-04-10,"2 pages, 1 photograph : b&w ; 8 x 9.75 in. (20.32 x 24.77 cm)",Documentary photographs,In Copyright,"Box 4, Folder 17, Item JP/42/3",ZWU_SCA0228_B04_F17_JP42003,2025-09-30,ZWU_SCA0228_B04_F17_JP42003_001.jpg;ZWU_SCA0228_B04_F17_JP42003_002.jpg
,34979,Image ,"Junior prom, folder 17, JP/42/4","Junior prom, folder 17, JP/42/4","Black and white photograph. Handwritten on verso, ""Junior Prom April 10, 1942""","Yuen, Shui Kong, 1917-1992",Creator,"Union College (Schenectady, N.Y.) http://id.worldcat.org/fast/563176",,,1942-04-10,"2 pages, 1 photograph : b&w ; 8 x 9.75 in. (20.32 x 24.77 cm)",Documentary photographs,In Copyright,"Box 4, Folder 17, Item JP/42/4",ZWU_SCA0228_B04_F17_JP42004,2025-09-30,ZWU_SCA0228_B04_F17_JP42004_001.jpg;ZWU_SCA0228_B04_F17_JP42004_002.jpg
,34979,Image ,"Junior prom, folder 17, JP/42/5","Junior prom, folder 17, JP/42/5","Black and white photograph. Handwritten on verso, ""Junior Prom April 10, 1942""","Yuen, Shui Kong, 1917-1992",Creator,"Union College (Schenectady, N.Y.) http://id.worldcat.org/fast/563176",,,1942-04-10,"2 pages, 1 photograph : b&w ; 8 x 9.75 in. (20.32 x 24.77 cm)",Documentary photographs,In Copyright,"Box 4, Folder 17, Item JP/42/5",ZWU_SCA0228_B04_F17_JP42005,2025-09-30,ZWU_SCA0228_B04_F17_JP42005_001.jpg;ZWU_SCA0228_B04_F17_JP42005_002.jpg
,34979,Image ,"Junior prom, folder 17, JP/42/6","Junior prom, folder 17, JP/42/6","Black and white photograph. Handwritten on verso, ""Junior Prom April 10, 1942""","Yuen, Shui Kong, 1917-1992",Creator,"Union College (Schenectady, N.Y.) http://id.worldcat.org/fast/563176",,,1942-04-10,"2 pages, 1 photograph : b&w ; 8 x 9.75 in. (20.32 x 24.77 cm)",Documentary photographs,In Copyright,"Box 4, Folder 17, Item JP/42/6",ZWU_SCA0228_B04_F17_JP42006,2025-09-30,ZWU_SCA0228_B04_F17_JP42006_001.jpg;ZWU_SCA0228_B04_F17_JP42006_002.jpg
,34979,Image ,"Junior prom, folder 17, JP/42/7","Junior prom, folder 17, JP/42/7","Black and white photograph. Handwritten on verso, ""Junior Prom April 10, 1942""","Yuen, Shui Kong, 1917-1992",Creator,"Union College (Schenectady, N.Y.) http://id.worldcat.org/fast/563176",,,1942-04-10,"2 pages, 1 photograph : b&w ; 8 x 9.75 in. (20.32 x 24.77 cm)",Documentary photographs,In Copyright,"Box 4, Folder 17, Item JP/42/7",ZWU_SCA0228_B04_F17_JP42007,2025-09-30,ZWU_SCA0228_B04_F17_JP42007_001.jpg;ZWU_SCA0228_B04_F17_JP42007_002.jpg
,34980,Image ,"Varsity football, folder 18, image S/F/1","Varsity football, folder 18, image S/F/1","Black and white photograph. Handwritten on verso, ""Football Game Fall 1939""","Yuen, Shui Kong, 1917-1992",Creator,"Union College (Schenectady, N.Y.) http://id.worldcat.org/fast/563176",,September 1939-November 1939,,"2 pages, 1 photograph : b&w ; 8 x 9.75 in. (20.32 x 24.77 cm)",Documentary photographs,In Copyright,"Box 4, Folder 18, Item S/F/1",ZWU_SCA0228_B04_F18_SF001,2025-09-30,ZWU_SCA0228_B04_F18_SF001_001.jpg;ZWU_SCA0228_B04_F18_SF001_002.jpg
,34980,Image ,"Varsity football, folder 18, image S/F/2","Varsity football, folder 18, image S/F/2","Black and white photograph. Handwritten on verso, ""Football Game Fall 1939""","Yuen, Shui Kong, 1917-1992",Creator,"Union College (Schenectady, N.Y.) http://id.worldcat.org/fast/563176",,September 1939-November 1939,,"2 pages, 1 photograph : b&w ; 8 x 9.75 in. (20.32 x 24.77 cm)",Documentary photographs,In Copyright,"Box 4, Folder 18, Item S/F/2",ZWU_SCA0228_B04_F18_SF002,2025-09-30,ZWU_SCA0228_B04_F18_SF002_001.jpg;ZWU_SCA0228_B04_F18_SF002_002.jpg
,34980,Image ,"Varsity football, folder 18, image S/F/4","Varsity football, folder 18, image S/F/4","Black and white photograph. Handwritten on verso, ""Union vs Haverford September, 1940""","Yuen, Shui Kong, 1917-1992",Creator,"Union College (Schenectady, N.Y.) http://id.worldcat.org/fast/563176",,,1940-09-01,"2 pages, 1 photograph : b&w ; 8 x 9.75 in. (20.32 x 24.77 cm)",Documentary photographs,In Copyright,"Box 4, Folder 18, Item S/F/4",ZWU_SCA0228_B04_F18_SF004,2025-09-30,ZWU_SCA0228_B04_F18_SF004_001.jpg;ZWU_SCA0228_B04_F18_SF004_002.jpg
,34980,Image ,"Varsity football, folder 18, image S/F/5","Varsity football, folder 18, image S/F/5","Black and white photograph. Handwritten on verso, ""Football Union - Haverford September, 1940""","Yuen, Shui Kong, 1917-1992",Creator,"Union College (Schenectady, N.Y.) http://id.worldcat.org/fast/563176",,,1940-09-01,"2 pages, 1 photograph : b&w ; 8 x 9.75 in. (20.32 x 24.77 cm)",Documentary photographs,In Copyright,"Box 4, Folder 18, Item S/F/5",ZWU_SCA0228_B04_F18_SF005,2025-09-30,ZWU_SCA0228_B04_F18_SF005_001.jpg;ZWU_SCA0228_B04_F18_SF005_002.jpg
,34980,Image ,"Varsity football, folder 18, image S/F/6","Varsity football, folder 18, image S/F/6","Black and white photograph. Handwritten on verso, ""Football Union - Haverford September, 1940""","Yuen, Shui Kong, 1917-1992",Creator,"Union College (Schenectady, N.Y.) http://id.worldcat.org/fast/563176",,,1940-09-01,"2 pages, 1 photograph : b&w ; 8 x 9.75 in. (20.32 x 24.77 cm)",Documentary photographs,In Copyright,"Box 4, Folder 18, Item S/F/6",ZWU_SCA0228_B04_F18_SF006,2025-09-30,ZWU_SCA0228_B04_F18_SF006_001.jpg;ZWU_SCA0228_B04_F18_SF006_002.jpg
,34980,Image ,"Varsity football, folder 18, image S/F/7","Varsity football, folder 18, image S/F/7","Black and white photograph. Handwritten on verso, ""Football ""Touch-Down)"" Union - Haverford September, 1940""","Yuen, Shui Kong, 1917-1992",Creator,"Union College (Schenectady, N.Y.) http://id.worldcat.org/fast/563176",,,1940-09-01,"2 pages, 1 photograph : b&w ; 8 x 9.75 in. (20.32 x 24.77 cm)",Documentary photographs,In Copyright,"Box 4, Folder 18, Item S/F/7",ZWU_SCA0228_B04_F18_SF007,2025-09-30,ZWU_SCA0228_B04_F18_SF007_001.jpg;ZWU_SCA0228_B04_F18_SF007_002.jpg
,34980,Image ,"Varsity football, folder 18, image S/F/8","Varsity football, folder 18, image S/F/8","Black and white photograph. Handwritten on verso, ""Football Union - Haverford September, 1940""","Yuen, Shui Kong, 1917-1992",Creator,"Union College (Schenectady, N.Y.) http://id.worldcat.org/fast/563176",,,1940-09-01,"2 pages, 1 photograph : b&w ; 8 x 9.75 in. (20.32 x 24.77 cm)",Documentary photographs,In Copyright,"Box 4, Folder 18, Item S/F/8",ZWU_SCA0228_B04_F18_SF008,2025-09-30,ZWU_SCA0228_B04_F18_SF008_001.jpg;ZWU_SCA0228_B04_F18_SF008_002.jpg
,34980,Image ,"Varsity football, folder 18, image S/F/9","Varsity football, folder 18, image S/F/9","Black and white photograph. Handwritten on verso, ""Union - Haverford September, 1940""","Yuen, Shui Kong, 1917-1992",Creator,"Union College (Schenectady, N.Y.) http://id.worldcat.org/fast/563176",,,1940-09-01,"2 pages, 1 photograph : b&w ; 8 x 9.75 in. (20.32 x 24.77 cm)",Documentary photographs,In Copyright,"Box 4, Folder 18, Item S/F/9",ZWU_SCA0228_B04_F18_SF009,2025-09-30,ZWU_SCA0228_B04_F18_SF009_001.jpg;ZWU_SCA0228_B04_F18_SF009_002.jpg
,34980,Image ,"Varsity football, folder 18, image S/F/10","Varsity football, folder 18, image S/F/10","Black and white photograph. Handwritten on verso, ""Bench at the Union-Haverford Game September 1940""","Yuen, Shui Kong, 1917-1992",Creator,"Union College (Schenectady, N.Y.) http://id.worldcat.org/fast/563176",,,1940-09-01,"2 pages, 1 photograph : b&w ; 8 x 9.75 in. (20.32 x 24.77 cm)",Documentary photographs,In Copyright,"Box 4, Folder 18, Item S/F/10",ZWU_SCA0228_B04_F18_SF010,2025-09-30,ZWU_SCA0228_B04_F18_SF010_001.jpg;ZWU_SCA0228_B04_F18_SF010_002.jpg
,34980,Image ,"Varsity football, folder 18, image S/F/11","Varsity football, folder 18, image S/F/11","Black and white photograph. Handwritten on verso, ""Union - Haverford September 1940 ""IDOL"" Nov 1940 Issue""","Yuen, Shui Kong, 1917-1992",Creator,"Union College (Schenectady, N.Y.) http://id.worldcat.org/fast/563176",,,1940-11-01,"2 pages, 1 photograph : b&w ; 8 x 9.75 in. (20.32 x 24.77 cm)",Documentary photographs,In Copyright,"Box 4, Folder 18, Item S/F/11",ZWU_SCA0228_B04_F18_SF011,2025-09-30,ZWU_SCA0228_B04_F18_SF011_001.jpg;ZWU_SCA0228_B04_F18_SF011_002.jpg
,34980,Image ,"Varsity football, folder 18, image S/F/12","Varsity football, folder 18, image S/F/12","Black and white photograph. Handwritten on verso, ""Bob Malloy Union - Haverford September 1940""","Yuen, Shui Kong, 1917-1992",Creator,"Union College (Schenectady, N.Y.) http://id.worldcat.org/fast/563176","Malloy, Robert Armstrong",,1940-09-01,"2 pages, 1 photograph : b&w ; 8 x 9.75 in. (20.32 x 24.77 cm)",Documentary photographs,In Copyright,"Box 4, Folder 18, Item S/F/12",ZWU_SCA0228_B04_F18_SF012,2025-09-30,ZWU_SCA0228_B04_F18_SF012_001.jpg;ZWU_SCA0228_B04_F18_SF012_002.jpg
,34980,Image ,"Varsity football, folder 18, image S/F/14","Varsity football, folder 18, image S/F/14","Black and white photograph. Handwritten on verso, ""Union Williams Nov 2, 1940""","Yuen, Shui Kong, 1917-1992",Creator,"Union College (Schenectady, N.Y.) http://id.worldcat.org/fast/563176",,,1940-11-02,"2 pages, 1 photograph : b&w ; 8 x 9.75 in. (20.32 x 24.77 cm)",Documentary photographs,In Copyright,"Box 4, Folder 18, Item S/F/14",ZWU_SCA0228_B04_F18_SF014,2025-09-30,ZWU_SCA0228_B04_F18_SF014_001.jpg;ZWU_SCA0228_B04_F18_SF014_002.jpg
,34980,Image ,"Varsity football, folder 18, image S/F/15","Varsity football, folder 18, image S/F/15","Black and white photograph. Handwritten on verso, ""Seated 3rd from left Coach Nels Nitchman 4th from left Sam Hammeistron '40 (Union-Williams) Nov 2, 1940""","Yuen, Shui Kong, 1917-1992",Creator,"Union College (Schenectady, N.Y.) http://id.worldcat.org/fast/563176","Nitchman, Nelson Wallace, 1908-1991; Hammeistron, Sam",,1940-11-02,"2 pages, 1 photograph : b&w ; 8 x 9.75 in. (20.32 x 24.77 cm)",Documentary photographs,In Copyright,"Box 4, Folder 18, Item S/F/15",ZWU_SCA0228_B04_F18_SF015,2025-09-30,ZWU_SCA0228_B04_F18_SF015_001.jpg;ZWU_SCA0228_B04_F18_SF015_002.jpg
,34980,Image ,"Varsity football, folder 18, image S/F/16","Varsity football, folder 18, image S/F/16","Black and white photograph. Handwritten on verso, ""Coach Nels Nitchman Union - Williams November 2, 1940""","Yuen, Shui Kong, 1917-1992",Creator,"Union College (Schenectady, N.Y.) http://id.worldcat.org/fast/563176","Nitchman, Nelson Wallace, 1908-1991",,1940-11-02,"2 pages, 1 photograph : b&w ; 8 x 9.75 in. (20.32 x 24.77 cm)",Documentary photographs,In Copyright,"Box 4, Folder 18, Item S/F/16",ZWU_SCA0228_B04_F18_SF016,2025-09-30,ZWU_SCA0228_B04_F18_SF016_001.jpg;ZWU_SCA0228_B04_F18_SF016_002.jpg
,34980,Image ,"Varsity football, folder 18, image S/F/17","Varsity football, folder 18, image S/F/17","Black and white photograph. Handwritten on verso, ""Football Pre - Hamilton Game Rally November 15, 1940""","Yuen, Shui Kong, 1917-1992",Creator,"Union College (Schenectady, N.Y.) http://id.worldcat.org/fast/563176",,,1940-11-15,"2 pages, 1 photograph : b&w ; 8 x 9.75 in. (20.32 x 24.77 cm)",Documentary photographs,In Copyright,"Box 4, Folder 18, Item S/F/17",ZWU_SCA0228_B04_F18_SF017,2025-09-30,ZWU_SCA0228_B04_F18_SF017_001.jpg;ZWU_SCA0228_B04_F18_SF017_002.jpg
,34980,Image ,"Varsity football, folder 18, image S/F/18","Varsity football, folder 18, image S/F/18","Black and white photograph. Handwritten on verso, ""Delta Phi Nov. 15, 1940 Pre-Hamilton Game""","Yuen, Shui Kong, 1917-1992",Creator,"Union College (Schenectady, N.Y.) http://id.worldcat.org/fast/563176",,,1940-11-15,"2 pages, 1 photograph : b&w ; 8 x 9.75 in. (20.32 x 24.77 cm)",Documentary photographs,In Copyright,"Box 4, Folder 18, Item S/F/18",ZWU_SCA0228_B04_F18_SF018,2025-09-30,ZWU_SCA0228_B04_F18_SF018_001.jpg;ZWU_SCA0228_B04_F18_SF018_002.jpg
,34980,Image ,"Varsity football, folder 18, image S/F/19","Varsity football, folder 18, image S/F/19","Black and white photograph. Handwritten on verso, ""Bob Baker Union - Hamilton (Away game) Nov. 16, 1940""","Yuen, Shui Kong, 1917-1992",Creator,"Union College (Schenectady, N.Y.) http://id.worldcat.org/fast/563176","Baker, Bob",,1940-11-16,"2 pages, 1 photograph : b&w ; 8 x 9.75 in. (20.32 x 24.77 cm)",Documentary photographs,In Copyright,"Box 4, Folder 18, Item S/F/19",ZWU_SCA0228_B04_F18_SF019,2025-09-30,ZWU_SCA0228_B04_F18_SF019_001.jpg;ZWU_SCA0228_B04_F18_SF019_002.jpg
,34980,Image ,"Varsity football, folder 18, image S/F/20","Varsity football, folder 18, image S/F/20","Black and white photograph. Handwritten on verso, ""Union - Hamilton (Away game) November 16, 1940""","Yuen, Shui Kong, 1917-1992",Creator,"Union College (Schenectady, N.Y.) http://id.worldcat.org/fast/563176",,,1940-11-16,"2 pages, 1 photograph : b&w ; 8 x 9.75 in. (20.32 x 24.77 cm)",Documentary photographs,In Copyright,"Box 4, Folder 18, Item S/F/20",ZWU_SCA0228_B04_F18_SF020,2025-09-30,ZWU_SCA0228_B04_F18_SF020_001.jpg;ZWU_SCA0228_B04_F18_SF020_002.jpg
,34980,Image ,"Varsity football, folder 18, image S/F/22","Varsity football, folder 18, image S/F/22","Black and white photograph. Handwritten on verso, ""Union - Hamilton (Away game) November 16, 1940""","Yuen, Shui Kong, 1917-1992",Creator,"Union College (Schenectady, N.Y.) http://id.worldcat.org/fast/563176",,,1940-11-16,"2 pages, 1 photograph : b&w ; 8 x 9.75 in. (20.32 x 24.77 cm)",Documentary photographs,In Copyright,"Box 4, Folder 18, Item S/F/22",ZWU_SCA0228_B04_F18_SF022,2025-09-30,ZWU_SCA0228_B04_F18_SF022_001.jpg;ZWU_SCA0228_B04_F18_SF022_002.jpg
,34980,Image ,"Varsity football, folder 18, image S/F/23","Varsity football, folder 18, image S/F/23","Black and white photograph. Handwritten on verso, ""Union Hamilton (Away game) November 16, 1940""","Yuen, Shui Kong, 1917-1992",Creator,"Union College (Schenectady, N.Y.) http://id.worldcat.org/fast/563176",,,1940-11-16,"2 pages, 1 photograph : b&w ; 8 x 9.75 in. (20.32 x 24.77 cm)",Documentary photographs,In Copyright,"Box 4, Folder 18, Item S/F/23",ZWU_SCA0228_B04_F18_SF023,2025-09-30,ZWU_SCA0228_B04_F18_SF023_001.jpg;ZWU_SCA0228_B04_F18_SF023_002.jpg
,34980,Image ,"Varsity football, folder 18, image S/F/26","Varsity football, folder 18, image S/F/26","Black and white photograph. Handwritten on verso, """"Red"" + ""Sherry"" Union - Hamilton (Away game) November 16, 1940""","Yuen, Shui Kong, 1917-1992",Creator,"Union College (Schenectady, N.Y.) http://id.worldcat.org/fast/563176",,,1940-11-16,"2 pages, 1 photograph : b&w ; 8 x 9.75 in. (20.32 x 24.77 cm)",Documentary photographs,In Copyright,"Box 4, Folder 18, Item S/F/26",ZWU_SCA0228_B04_F18_SF026,2025-09-30,ZWU_SCA0228_B04_F18_SF026_001.jpg;ZWU_SCA0228_B04_F18_SF026_002.jpg
,34980,Image ,"Varsity football, folder 18, image S/F/27","Varsity football, folder 18, image S/F/27","Black and white photograph. Handwritten on verso, ""President Dixon Ryan Fox addressing Union supporters Union - Hamilton (Away game) November 16, 1940""","Yuen, Shui Kong, 1917-1992",Creator,"Union College (Schenectady, N.Y.) http://id.worldcat.org/fast/563176","Fox, Dixon Ryan, 1887-1945",,1940-11-16,"2 pages, 1 photograph : b&w ; 8 x 9.75 in. (20.32 x 24.77 cm)",Documentary photographs,In Copyright,"Box 4, Folder 18, Item S/F/27",ZWU_SCA0228_B04_F18_SF027,2025-09-30,ZWU_SCA0228_B04_F18_SF027_001.jpg;ZWU_SCA0228_B04_F18_SF027_002.jpg
,34980,Image ,"Varsity football, folder 18, image S/F/28","Varsity football, folder 18, image S/F/28","Black and white photograph. Handwritten on verso, ""Union - Hamilton (Away game) November 16, 1940""","Yuen, Shui Kong, 1917-1992",Creator,"Union College (Schenectady, N.Y.) http://id.worldcat.org/fast/563176",,,1940-11-16,"2 pages, 1 photograph : b&w ; 8 x 9.75 in. (20.32 x 24.77 cm)",Documentary photographs,In Copyright,"Box 4, Folder 18, Item S/F/28",ZWU_SCA0228_B04_F18_SF028,2025-09-30,ZWU_SCA0228_B04_F18_SF028_001.jpg;ZWU_SCA0228_B04_F18_SF028_002.jpg
,34980,Image ,"Varsity football, folder 18, image S/F/29","Varsity football, folder 18, image S/F/29","Black and white photograph. Handwritten on verso, ""Football Art Lawrence, Nels Nitchman, Al Ciampa Union - Hamilton November 16, 1940""","Yuen, Shui Kong, 1917-1992",Creator,"Union College (Schenectady, N.Y.) http://id.worldcat.org/fast/563176","Nitchman, Nelson Wallace, 1908-1991; Lawrence, Arthur C.; Ciampa, Albert E.",,1940-11-16,"2 pages, 1 photograph : b&w ; 8 x 9.75 in. (20.32 x 24.77 cm)",Documentary photographs,In Copyright,"Box 4, Folder 18, Item S/F/29",ZWU_SCA0228_B04_F18_SF029,2025-09-30,ZWU_SCA0228_B04_F18_SF029_001.jpg;ZWU_SCA0228_B04_F18_SF029_002.jpg
,34980,Image ,"Varsity football, folder 18, image S/F/30","Varsity football, folder 18, image S/F/30","Black and white photograph. Handwritten on verso, ""Football Al Ciampa, Art Lawrence, Nels Nitchman Union - Hamilton November 16, 1940""","Yuen, Shui Kong, 1917-1992",Creator,"Union College (Schenectady, N.Y.) http://id.worldcat.org/fast/563176","Nitchman, Nelson Wallace, 1908-1991; Lawrence, Arthur C.; Ciampa, Albert E.",,1940-11-16,"2 pages, 1 photograph : b&w ; 8 x 9.75 in. (20.32 x 24.77 cm)",Documentary photographs,In Copyright,"Box 4, Folder 18, Item S/F/30",ZWU_SCA0228_B04_F18_SF030,2025-09-30,ZWU_SCA0228_B04_F18_SF030_001.jpg;ZWU_SCA0228_B04_F18_SF030_002.jpg
,34980,Image ,"Varsity football, folder 18, image S/F/31","Varsity football, folder 18, image S/F/31","Black and white photograph. Handwritten on verso, ""Football Dr. Glowe, Ed Fitz, Al Ciampa Union - Hamilton November 16, 1940""","Yuen, Shui Kong, 1917-1992",Creator,"Union College (Schenectady, N.Y.) http://id.worldcat.org/fast/563176","Glowe, G. M.; Fitz, Ed; Ciampa, Albert E.",,1940-11-16,"2 pages, 1 photograph : b&w ; 8 x 9.75 in. (20.32 x 24.77 cm)",Documentary photographs,In Copyright,"Box 4, Folder 18, Item S/F/31",ZWU_SCA0228_B04_F18_SF031,2025-09-30,ZWU_SCA0228_B04_F18_SF031_001.jpg;ZWU_SCA0228_B04_F18_SF031_002.jpg
,34980,Image ,"Varsity football, folder 18, image S/F/32","Varsity football, folder 18, image S/F/32","Black and white photograph. Handwritten on verso, ""Rally before Hobart game September, 1941""","Yuen, Shui Kong, 1917-1992",Creator,"Union College (Schenectady, N.Y.) http://id.worldcat.org/fast/563176",,,1941-09-01,"2 pages, 1 photograph : b&w ; 8 x 9.75 in. (20.32 x 24.77 cm)",Documentary photographs,In Copyright,"Box 4, Folder 18, Item S/F/32",ZWU_SCA0228_B04_F18_SF032,2025-09-30,ZWU_SCA0228_B04_F18_SF032_001.jpg;ZWU_SCA0228_B04_F18_SF032_002.jpg
,34980,Image ,"Varsity football, folder 18, image S/F/33","Varsity football, folder 18, image S/F/33","Black and white photograph. Handwritten on verso, ""Rally before Union-Hobart game September, 1941""","Yuen, Shui Kong, 1917-1992",Creator,"Union College (Schenectady, N.Y.) http://id.worldcat.org/fast/563176",,,1941-09-01,"2 pages, 1 photograph : b&w ; 8 x 9.75 in. (20.32 x 24.77 cm)",Documentary photographs,In Copyright,"Box 4, Folder 18, Item S/F/33",ZWU_SCA0228_B04_F18_SF033,2025-09-30,ZWU_SCA0228_B04_F18_SF033_001.jpg;ZWU_SCA0228_B04_F18_SF033_002.jpg
,34980,Image ,"Varsity football, folder 18, image S/F/34","Varsity football, folder 18, image S/F/34","Black and white photograph. Handwritten on verso, ""Rally before Union-Hobart game (State Street) September, 1941""","Yuen, Shui Kong, 1917-1992",Creator,"Union College (Schenectady, N.Y.) http://id.worldcat.org/fast/563176",,,1941-09-01,"2 pages, 1 photograph : b&w ; 8 x 9.75 in. (20.32 x 24.77 cm)",Documentary photographs,In Copyright,"Box 4, Folder 18, Item S/F/34",ZWU_SCA0228_B04_F18_SF034,2025-09-30,ZWU_SCA0228_B04_F18_SF034_001.jpg;ZWU_SCA0228_B04_F18_SF034_002.jpg
,34980,Image ,"Varsity football, folder 19, image S/F/35","Varsity football, folder 19, image S/F/35","Black and white photograph. Handwritten on verso, ""Football Rally (Alumni Gym) before Union-Hobart September, 194 1""","Yuen, Shui Kong, 1917-1992",Creator,"Union College (Schenectady, N.Y.) http://id.worldcat.org/fast/563176",,,1941-09-01,"2 pages, 1 photograph : b&w ; 8 x 9.75 in. (20.32 x 24.77 cm)",Documentary photographs,In Copyright,"Box 4, Folder 19, Item S/F/35",ZWU_SCA0228_B04_F19_SF035,2025-09-30,ZWU_SCA0228_B04_F19_SF035_001.jpg;ZWU_SCA0228_B04_F19_SF035_002.jpg
,34980,Image ,"Varsity football, folder 19, image S/F/36","Varsity football, folder 19, image S/F/36","Black and white photograph. Handwritten on verso, ""Football Union-Hobart September, 1941""","Yuen, Shui Kong, 1917-1992",Creator,"Union College (Schenectady, N.Y.) http://id.worldcat.org/fast/563176",,,1941-09-01,"2 pages, 1 photograph : b&w ; 8 x 9.75 in. (20.32 x 24.77 cm)",Documentary photographs,In Copyright,"Box 4, Folder 19, Item S/F/36",ZWU_SCA0228_B04_F19_SF036,2025-09-30,ZWU_SCA0228_B04_F19_SF036_001.jpg;ZWU_SCA0228_B04_F19_SF036_002.jpg
,34980,Image ,"Varsity football, folder 19, image S/F/37","Varsity football, folder 19, image S/F/37","Black and white photograph. Handwritten on verso, ""Union-Hobart September, 1941""","Yuen, Shui Kong, 1917-1992",Creator,"Union College (Schenectady, N.Y.) http://id.worldcat.org/fast/563176",,,1941-09-01,"2 pages, 1 photograph : b&w ; 8 x 9.75 in. (20.32 x 24.77 cm)",Documentary photographs,In Copyright,"Box 4, Folder 19, Item S/F/37",ZWU_SCA0228_B04_F19_SF037,2025-09-30,ZWU_SCA0228_B04_F19_SF037_001.jpg;ZWU_SCA0228_B04_F19_SF037_002.jpg
,34980,Image ,"Varsity football, folder 19, image S/F/38","Varsity football, folder 19, image S/F/38","Black and white photograph. Handwritten on verso, ""Union-Hobart Sept. 1941""","Yuen, Shui Kong, 1917-1992",Creator,"Union College (Schenectady, N.Y.) http://id.worldcat.org/fast/563176",,,1941-09-01,"2 pages, 1 photograph : b&w ; 8 x 9.75 in. (20.32 x 24.77 cm)",Documentary photographs,In Copyright,"Box 4, Folder 19, Item S/F/38",ZWU_SCA0228_B04_F19_SF038,2025-09-30,ZWU_SCA0228_B04_F19_SF038_001.jpg;ZWU_SCA0228_B04_F19_SF038_002.jpg
,34980,Image ,"Varsity football, folder 19, image S/F/40","Varsity football, folder 19, image S/F/40","Black and white photograph. Handwritten on verso, ""Cheer leader Union-Hobart Football game September 1941""","Yuen, Shui Kong, 1917-1992",Creator,"Union College (Schenectady, N.Y.) http://id.worldcat.org/fast/563176",,,1941-09-01,"2 pages, 1 photograph : b&w ; 8 x 9.75 in. (20.32 x 24.77 cm)",Documentary photographs,In Copyright,"Box 4, Folder 19, Item S/F/40",ZWU_SCA0228_B04_F19_SF040,2025-09-30,ZWU_SCA0228_B04_F19_SF040_001.jpg;ZWU_SCA0228_B04_F19_SF040_002.jpg
,34980,Image ,"Varsity football, folder 19, image S/F/41","Varsity football, folder 19, image S/F/41","Black and white photograph. Handwritten on verso, ""Bob Nothacker George Weed Spectators Union-Hobart Football game September 1941""","Yuen, Shui Kong, 1917-1992",Creator,"Union College (Schenectady, N.Y.) http://id.worldcat.org/fast/563176","Nothacker, Robert W.; Weed, George",,1941-09-01,"2 pages, 1 photograph : b&w ; 8 x 9.75 in. (20.32 x 24.77 cm)",Documentary photographs,In Copyright,"Box 4, Folder 19, Item S/F/41",ZWU_SCA0228_B04_F19_SF041,2025-09-30,ZWU_SCA0228_B04_F19_SF041_001.jpg;ZWU_SCA0228_B04_F19_SF041_002.jpg
,34980,Image ,"Varsity football, folder 19, image S/F/42","Varsity football, folder 19, image S/F/42","Black and white photograph. Handwritten on verso, ""Alfred ""Pat"" Knopf '42 Union-Hobart Football game September 1941""","Yuen, Shui Kong, 1917-1992",Creator,"Union College (Schenectady, N.Y.) http://id.worldcat.org/fast/563176","Knopf, Alfred A., Jr., 1918-2009, Jr;",,1941-09-01,"2 pages, 1 photograph : b&w ; 8 x 9.75 in. (20.32 x 24.77 cm)",Documentary photographs,In Copyright,"Box 4, Folder 19, Item S/F/42",ZWU_SCA0228_B04_F19_SF042,2025-09-30,ZWU_SCA0228_B04_F19_SF042_001.jpg;ZWU_SCA0228_B04_F19_SF042_002.jpg
,34980,Image ,"Varsity football, folder 19, image S/F/43","Varsity football, folder 19, image S/F/43","Black and white photograph. Handwritten on verso, ""In the lockeroom. Most likely at the early 1941/42 season before Captain Bob Baker was retired due to injury""","Yuen, Shui Kong, 1917-1992",Creator,"Union College (Schenectady, N.Y.) http://id.worldcat.org/fast/563176","Baker, Bob",,,"2 pages, 1 photograph : b&w ; 8 x 9.75 in. (20.32 x 24.77 cm)",Documentary photographs,In Copyright,"Box 4, Folder 19, Item S/F/43",ZWU_SCA0228_B04_F19_SF043,2025-09-30,ZWU_SCA0228_B04_F19_SF043_001.jpg;ZWU_SCA0228_B04_F19_SF043_002.jpg
,34980,Image ,"Varsity football, folder 19, image S/F/44","Varsity football, folder 19, image S/F/44","Black and white photograph. Handwritten on verso, ""Football Evening before Vermont-Union game (Away game) 1941""","Yuen, Shui Kong, 1917-1992",Creator,"Union College (Schenectady, N.Y.) http://id.worldcat.org/fast/563176",,1941,,"2 pages, 1 photograph : b&w ; 8 x 9.75 in. (20.32 x 24.77 cm)",Documentary photographs,In Copyright,"Box 4, Folder 19, Item S/F/44",ZWU_SCA0228_B04_F19_SF044,2025-09-30,ZWU_SCA0228_B04_F19_SF044_001.jpg;ZWU_SCA0228_B04_F19_SF044_002.jpg
,34980,Image ,"Varsity football, folder 19, image S/F/46","Varsity football, folder 19, image S/F/46","Black and white photograph. Handwritten on verso, ""Eustice + Fitz before Vermont-Union (Away) game 1941""","Yuen, Shui Kong, 1917-1992",Creator,"Union College (Schenectady, N.Y.) http://id.worldcat.org/fast/563176","Eustice, Ed; Fitz, Ed",1941,,"2 pages, 1 photograph : b&w ; 8 x 9.75 in. (20.32 x 24.77 cm)",Documentary photographs,In Copyright,"Box 4, Folder 19, Item S/F/46",ZWU_SCA0228_B04_F19_SF046,2025-09-30,ZWU_SCA0228_B04_F19_SF046_001.jpg;ZWU_SCA0228_B04_F19_SF046_002.jpg
,34980,Image ,"Varsity football, folder 19, image S/F/47","Varsity football, folder 19, image S/F/47","Black and white photograph. Handwritten on verso, ""Pat Knopf giving a helping hand before Vermont-Union (Away) game 1941""","Yuen, Shui Kong, 1917-1992",Creator,"Union College (Schenectady, N.Y.) http://id.worldcat.org/fast/563176","Knopf, Alfred A., Jr., 1918-2009, Jr;",1941,,"2 pages, 1 photograph : b&w ; 8 x 9.75 in. (20.32 x 24.77 cm)",Documentary photographs,In Copyright,"Box 4, Folder 19, Item S/F/47",ZWU_SCA0228_B04_F19_SF047,2025-09-30,ZWU_SCA0228_B04_F19_SF047_001.jpg;ZWU_SCA0228_B04_F19_SF047_002.jpg
,34980,Image ,"Varsity football, folder 19, image S/F/49","Varsity football, folder 19, image S/F/49","Black and white photograph. Handwritten on verso, ""Dressing Room before Vermont-Union (Away) game 1941""","Yuen, Shui Kong, 1917-1992",Creator,"Union College (Schenectady, N.Y.) http://id.worldcat.org/fast/563176",,1941,,"2 pages, 1 photograph : b&w ; 8 x 9.75 in. (20.32 x 24.77 cm)",Documentary photographs,In Copyright,"Box 4, Folder 19, Item S/F/49",ZWU_SCA0228_B04_F19_SF049,2025-09-30,ZWU_SCA0228_B04_F19_SF049_001.jpg;ZWU_SCA0228_B04_F19_SF049_002.jpg
,34980,Image ,"Varsity football, folder 19, image S/F/50","Varsity football, folder 19, image S/F/50","Black and white photograph. Handwritten on verso, ""Dressing room before Vermont-Union (away) game 1941""","Yuen, Shui Kong, 1917-1992",Creator,"Union College (Schenectady, N.Y.) http://id.worldcat.org/fast/563176",,1941,,"2 pages, 1 photograph : b&w ; 8 x 9.75 in. (20.32 x 24.77 cm)",Documentary photographs,In Copyright,"Box 4, Folder 19, Item S/F/50",ZWU_SCA0228_B04_F19_SF050,2025-09-30,ZWU_SCA0228_B04_F19_SF050_001.jpg;ZWU_SCA0228_B04_F19_SF050_002.jpg
,34980,Image ,"Varsity football, folder 19, image S/F/51","Varsity football, folder 19, image S/F/51","Black and white photograph. Handwritten on verso, ""Dressing room before. Vermont-Union (away) game 1941""","Yuen, Shui Kong, 1917-1992",Creator,"Union College (Schenectady, N.Y.) http://id.worldcat.org/fast/563176",,1941,,"2 pages, 1 photograph : b&w ; 8 x 9.75 in. (20.32 x 24.77 cm)",Documentary photographs,In Copyright,"Box 4, Folder 19, Item S/F/51",ZWU_SCA0228_B04_F19_SF051,2025-09-30,ZWU_SCA0228_B04_F19_SF051_001.jpg;ZWU_SCA0228_B04_F19_SF051_002.jpg
,34980,Image ,"Varsity football, folder 19, image S/F/52","Varsity football, folder 19, image S/F/52","Black and white photograph. Handwritten on verso, ""Football Art Lawrence before Vermont-Union (Away) game 1941""","Yuen, Shui Kong, 1917-1992",Creator,"Union College (Schenectady, N.Y.) http://id.worldcat.org/fast/563176","Lawrence, Arthur C.",1941,,"2 pages, 1 photograph : b&w ; 8 x 9.75 in. (20.32 x 24.77 cm)",Documentary photographs,In Copyright,"Box 4, Folder 19, Item S/F/52",ZWU_SCA0228_B04_F19_SF052,2025-09-30,ZWU_SCA0228_B04_F19_SF052_001.jpg;ZWU_SCA0228_B04_F19_SF052_002.jpg
,34980,Image ,"Varsity football, folder 19, image S/F/53","Varsity football, folder 19, image S/F/53","Black and white photograph. Handwritten on verso, ""Cheer leader Union-Middlebury game Fall, 1941""","Yuen, Shui Kong, 1917-1992",Creator,"Union College (Schenectady, N.Y.) http://id.worldcat.org/fast/563176",,September 1941-November 1941,,"2 pages, 1 photograph : b&w ; 8 x 9.75 in. (20.32 x 24.77 cm)",Documentary photographs,In Copyright,"Box 4, Folder 19, Item S/F/53",ZWU_SCA0228_B04_F19_SF053,2025-09-30,ZWU_SCA0228_B04_F19_SF053_001.jpg;ZWU_SCA0228_B04_F19_SF053_002.jpg
,34980,Image ,"Varsity football, folder 19, image S/F/54","Varsity football, folder 19, image S/F/54","Black and white photograph. Handwritten on verso, ""Anticipating the R.P.I. boys the night before Union-R.P.I. game 1941""","Yuen, Shui Kong, 1917-1992",Creator,"Union College (Schenectady, N.Y.) http://id.worldcat.org/fast/563176",,1941,,"2 pages, 1 photograph : b&w ; 8 x 9.75 in. (20.32 x 24.77 cm)",Documentary photographs,In Copyright,"Box 4, Folder 19, Item S/F/54",ZWU_SCA0228_B04_F19_SF054,2025-09-30,ZWU_SCA0228_B04_F19_SF054_001.jpg;ZWU_SCA0228_B04_F19_SF054_002.jpg
,34980,Image ,"Varsity football, folder 19, image S/F/55","Varsity football, folder 19, image S/F/55","Black and white photograph. Handwritten on verso, ""Chuck Anticipating the R.P.I. boys the night before Union-R.P.I. game 1941""","Yuen, Shui Kong, 1917-1992",Creator,"Union College (Schenectady, N.Y.) http://id.worldcat.org/fast/563176",,1941,,"2 pages, 1 photograph : b&w ; 8 x 9.75 in. (20.32 x 24.77 cm)",Documentary photographs,In Copyright,"Box 4, Folder 19, Item S/F/55",ZWU_SCA0228_B04_F19_SF055,2025-09-30,ZWU_SCA0228_B04_F19_SF055_001.jpg;ZWU_SCA0228_B04_F19_SF055_002.jpg
,34980,Image ,"Varsity football, folder 19, image S/F/56","Varsity football, folder 19, image S/F/56","Black and white photograph. Handwritten on verso, ""Anticipating the R.P.I. boys the night before Union-R.P.I. game 1941""","Yuen, Shui Kong, 1917-1992",Creator,"Union College (Schenectady, N.Y.) http://id.worldcat.org/fast/563176",,1941,,"2 pages, 1 photograph : b&w ; 8 x 9.75 in. (20.32 x 24.77 cm)",Documentary photographs,In Copyright,"Box 4, Folder 19, Item S/F/56",ZWU_SCA0228_B04_F19_SF056,2025-09-30,ZWU_SCA0228_B04_F19_SF056_001.jpg;ZWU_SCA0228_B04_F19_SF056_002.jpg
,34980,Image ,"Varsity football, folder 19, image S/F/57","Varsity football, folder 19, image S/F/57","Black and white photograph. Handwritten on verso, ""Catching the R.P.I. boys the night before Union-R.P.I. game 1941""","Yuen, Shui Kong, 1917-1992",Creator,"Union College (Schenectady, N.Y.) http://id.worldcat.org/fast/563176",,1941,,"2 pages, 1 photograph : b&w ; 8 x 9.75 in. (20.32 x 24.77 cm)",Documentary photographs,In Copyright,"Box 4, Folder 19, Item S/F/57",ZWU_SCA0228_B04_F19_SF057,2025-09-30,ZWU_SCA0228_B04_F19_SF057_001.jpg;ZWU_SCA0228_B04_F19_SF057_002.jpg
,34980,Image ,"Varsity football, folder 19, image S/F/58","Varsity football, folder 19, image S/F/58","Black and white photograph. Handwritten on verso, ""Bob Nothacker Catching the R.P.I. boys the night before Union-R.P.I. game 1941""","Yuen, Shui Kong, 1917-1992",Creator,"Union College (Schenectady, N.Y.) http://id.worldcat.org/fast/563176","Nothacker, Robert W.",1941,,"2 pages, 1 photograph : b&w ; 8 x 9.75 in. (20.32 x 24.77 cm)",Documentary photographs,In Copyright,"Box 4, Folder 19, Item S/F/58",ZWU_SCA0228_B04_F19_SF058,2025-09-30,ZWU_SCA0228_B04_F19_SF058_001.jpg;ZWU_SCA0228_B04_F19_SF058_002.jpg
,34980,Image ,"Varsity football, folder 19, image S/F/59","Varsity football, folder 19, image S/F/59","Black and white photograph. Handwritten on verso, ""Dick Adams? Δɸ Ball Δɸ Hair cut for the R.P.I. Captives the night before Union-R.P.I. game 1941""","Yuen, Shui Kong, 1917-1992",Creator,"Union College (Schenectady, N.Y.) http://id.worldcat.org/fast/563176",,1941,,"2 pages, 1 photograph : b&w ; 8 x 9.75 in. (20.32 x 24.77 cm)",Documentary photographs,In Copyright,"Box 4, Folder 19, Item S/F/59",ZWU_SCA0228_B04_F19_SF059,2025-09-30,ZWU_SCA0228_B04_F19_SF059_001.jpg;ZWU_SCA0228_B04_F19_SF059_002.jpg
,34980,Image ,"Varsity football, folder 19, image S/F/60","Varsity football, folder 19, image S/F/60","Black and white photograph. Handwritten on verso, ""Hair cut for the R.P.I. captives the night before Union-R.P.I. game 1941""","Yuen, Shui Kong, 1917-1992",Creator,"Union College (Schenectady, N.Y.) http://id.worldcat.org/fast/563176",,1941,,"2 pages, 1 photograph : b&w ; 8 x 9.75 in. (20.32 x 24.77 cm)",Documentary photographs,In Copyright,"Box 4, Folder 19, Item S/F/60",ZWU_SCA0228_B04_F19_SF060,2025-09-30,ZWU_SCA0228_B04_F19_SF060_001.jpg;ZWU_SCA0228_B04_F19_SF060_002.jpg
,34980,Image ,"Varsity football, folder 19, image S/F/61","Varsity football, folder 19, image S/F/61","Black and white photograph. Handwritten on verso, ""Union-R.P.I. 1941""","Yuen, Shui Kong, 1917-1992",Creator,"Union College (Schenectady, N.Y.) http://id.worldcat.org/fast/563176",,1941,,"2 pages, 1 photograph : b&w ; 8 x 9.75 in. (20.32 x 24.77 cm)",Documentary photographs,In Copyright,"Box 4, Folder 19, Item S/F/61",ZWU_SCA0228_B04_F19_SF061,2025-09-30,ZWU_SCA0228_B04_F19_SF061_001.jpg;ZWU_SCA0228_B04_F19_SF061_002.jpg
,34980,Image ,"Varsity football, folder 19, image S/F/62","Varsity football, folder 19, image S/F/62","Black and white photograph. Handwritten on verso, ""Union-R.P.I. 1941""","Yuen, Shui Kong, 1917-1992",Creator,"Union College (Schenectady, N.Y.) http://id.worldcat.org/fast/563176",,1941,,"2 pages, 1 photograph : b&w ; 8 x 9.75 in. (20.32 x 24.77 cm)",Documentary photographs,In Copyright,"Box 4, Folder 19, Item S/F/62",ZWU_SCA0228_B04_F19_SF062,2025-09-30,ZWU_SCA0228_B04_F19_SF062_001.jpg;ZWU_SCA0228_B04_F19_SF062_002.jpg
,34980,Image ,"Varsity football, folder 19, image S/F/63","Varsity football, folder 19, image S/F/63","Black and white photograph. Handwritten on verso, ""Football Trinity - Union (Away game)""","Yuen, Shui Kong, 1917-1992",Creator,"Union College (Schenectady, N.Y.) http://id.worldcat.org/fast/563176",,,,"2 pages, 1 photograph : b&w ; 8 x 9.75 in. (20.32 x 24.77 cm)",Documentary photographs,In Copyright,"Box 4, Folder 19, Item S/F/63",ZWU_SCA0228_B04_F19_SF063,2025-09-30,ZWU_SCA0228_B04_F19_SF063_001.jpg;ZWU_SCA0228_B04_F19_SF063_002.jpg
,34980,Image ,"Varsity football, folder 19, image S/F/64","Varsity football, folder 19, image S/F/64","Black and white photograph. Handwritten on verso, ""Union-Columbia at Baker Field September 1944""","Yuen, Shui Kong, 1917-1992",Creator,"Union College (Schenectady, N.Y.) http://id.worldcat.org/fast/563176",,,1944-09-01,"2 pages, 1 photograph : b&w ; 8 x 9.75 in. (20.32 x 24.77 cm)",Documentary photographs,In Copyright,"Box 4, Folder 19, Item S/F/64",ZWU_SCA0228_B04_F19_SF064,2025-09-30,ZWU_SCA0228_B04_F19_SF064_001.jpg;ZWU_SCA0228_B04_F19_SF064_002.jpg
,34980,Image ,"Varsity football, folder 19, image S/F/65","Varsity football, folder 19, image S/F/65","Black and white photograph. Handwritten on verso, ""Union-Columbia at Baker Field September, 1944""","Yuen, Shui Kong, 1917-1992",Creator,"Union College (Schenectady, N.Y.) http://id.worldcat.org/fast/563176",,,1944-09-01,"2 pages, 1 photograph : b&w ; 8 x 9.75 in. (20.32 x 24.77 cm)",Documentary photographs,In Copyright,"Box 4, Folder 19, Item S/F/65",ZWU_SCA0228_B04_F19_SF065,2025-09-30,ZWU_SCA0228_B04_F19_SF065_001.jpg;ZWU_SCA0228_B04_F19_SF065_002.jpg
,34980,Image ,"Varsity football, folder 19, image S/F/66","Varsity football, folder 19, image S/F/66","Black and white photograph. Handwritten on verso, ""Union-Columbia at Baker Field September, 1944""","Yuen, Shui Kong, 1917-1992",Creator,"Union College (Schenectady, N.Y.) http://id.worldcat.org/fast/563176",,,1944-09-01,"2 pages, 1 photograph : b&w ; 8 x 9.75 in. (20.32 x 24.77 cm)",Documentary photographs,In Copyright,"Box 4, Folder 19, Item S/F/66",ZWU_SCA0228_B04_F19_SF066,2025-09-30,ZWU_SCA0228_B04_F19_SF066_001.jpg;ZWU_SCA0228_B04_F19_SF066_002.jpg
,34980,Image ,"Varsity football, folder 19, image S/F/67","Varsity football, folder 19, image S/F/67","Black and white photograph. Handwritten on verso, ""Union-Columbia at Baker Field September, 1944""","Yuen, Shui Kong, 1917-1992",Creator,"Union College (Schenectady, N.Y.) http://id.worldcat.org/fast/563176",,,1944-09-01,"2 pages, 1 photograph : b&w ; 8 x 9.75 in. (20.32 x 24.77 cm)",Documentary photographs,In Copyright,"Box 4, Folder 19, Item S/F/67",ZWU_SCA0228_B04_F19_SF067,2025-09-30,ZWU_SCA0228_B04_F19_SF067_001.jpg;ZWU_SCA0228_B04_F19_SF067_002.jpg
,34980,Image ,"Varsity football, folder 19, image S/F/68","Varsity football, folder 19, image S/F/68","Black and white photograph. Handwritten on verso, ""Union-Columbia at Baker Field September, 1944""","Yuen, Shui Kong, 1917-1992",Creator,"Union College (Schenectady, N.Y.) http://id.worldcat.org/fast/563176",,,1944-09-01,"2 pages, 1 photograph : b&w ; 8 x 9.75 in. (20.32 x 24.77 cm)",Documentary photographs,In Copyright,"Box 4, Folder 19, Item S/F/68",ZWU_SCA0228_B04_F19_SF068,2025-09-30,ZWU_SCA0228_B04_F19_SF068_001.jpg;ZWU_SCA0228_B04_F19_SF068_002.jpg
,34981,Image ,"Delta Phi activities, folder 20, image DP/18","Delta Phi activities, folder 20, image DP/18","Black and white photograph. Handwritten on verso, ""Orchestra played at Δɸ House Dance during Junior Prom. Weekend. Spring 1941""","Yuen, Shui Kong, 1917-1992",Creator,"Union College (Schenectady, N.Y.) http://id.worldcat.org/fast/563176",,March 1941-May 1941,,"2 pages, 1 photograph : b&w ; 8 x 9.75 in. (20.32 x 24.77 cm)",Documentary photographs,In Copyright,"Box 4, Folder 20, Item DP/18",ZWU_SCA0228_B04_F20_DP018,2025-10-01,ZWU_SCA0228_B04_F20_DP018_001.jpg;ZWU_SCA0228_B04_F20_DP018_002.jpg
,34981,Image ,"Delta Phi activities, folder 20, image DP/19","Delta Phi activities, folder 20, image DP/19","Black and white photograph. Handwritten on verso, ""Δɸ group picture Spring 1941"". Photo captioned with names of subjects on small piece of paper taped on the short, bottom edge of photograph, ""Wm Walker II Ed Ward George Weed Pete Palmer Bob Malloy X Don Wells X X Scantleberg Gordon Parker Ben Lee Bill Taylor X Wm Walker I X Ball Clancy Woodward Frank Thyme X X Dick Adams Bob Caswell Bob Nann Bob Nothacker Mac Yuen Plunkett Austen White Hemstead""","Yuen, Shui Kong, 1917-1992",Creator,"Union College (Schenectady, N.Y.) http://id.worldcat.org/fast/563176","Walker, William Harold; Ward, Edward; Weed, George; Palmer, Pete; Malloy, Robert Armstrong; Wells, Daniel; Scantlebury, Edwin W.; Parker, Gordon; Lee, Robert; Taylor, Willard H.; Walker, William Frederick; Ball, Burton; Woodward, Clancy; Thyne, Frank; Adams, Richard; Caswell, Robert, Jr; Nothacker, Robert W.; Yuen, Shui Kong, 1917-1992; Plunkett, Richard; White, Austin; Hemstead, George",March 1941-May 1941,,"2 pages, 1 photograph : b&w ; 8 x 9.75 in. (20.32 x 24.77 cm)",Documentary photographs,In Copyright,"Box 4, Folder 20, Item DP/19",ZWU_SCA0228_B04_F20_DP019,2025-10-01,ZWU_SCA0228_B04_F20_DP019_001.jpg;ZWU_SCA0228_B04_F20_DP019_002.jpg
,34981,Image ,"Delta Phi activities, folder 20, image DP/20","Delta Phi activities, folder 20, image DP/20","Black and white photograph. Handwritten on verso, ""Δɸ group picture Fall 1941"". Photo captioned with names of subjects on small piece of paper taped on the short, bottom edge of photograph, ""X Judd Zimmer X X Bob Nann X David Bock Mutzlitb Ray Webster George Weed Bill Taylor Don Wells X X X X X X X X Clancy Woodward Bob Nothacker Bob Caswell Carpenter Yuen Mills?""","Yuen, Shui Kong, 1917-1992",Creator,"Union College (Schenectady, N.Y.) http://id.worldcat.org/fast/563176","Zimmer, Judson; Nann, Robert; Bock, David; Marzluff, William; Webster, Roy H.; Weed, George; Taylor, Willard H.; Wells, Daniel; Woodward, Clancy; Nothacker, Robert W.; Caswell, Robert, Jr; Carpenter, Leo; Yuen, Shui Kong, 1917-1992; Mills, Borden",September 1941-November 1941,,"2 pages, 1 photograph : b&w ; 8 x 9.75 in. (20.32 x 24.77 cm)",Documentary photographs,In Copyright,"Box 4, Folder 20, Item DP/20",ZWU_SCA0228_B04_F20_DP020,2025-10-01,ZWU_SCA0228_B04_F20_DP020_001.jpg;ZWU_SCA0228_B04_F20_DP020_002.jpg
,34981,Image ,"Delta Phi activities, folder 20, image DP/21","Delta Phi activities, folder 20, image DP/21","Black and white photograph. Handwritten on verso, ""Δɸ group picture October 16, 1941"". Photo captioned with names of subjects on small piece of paper taped on the short, bottom edge of photograph, ""George Weed X X Frank Thyme X Clancy Woodward Mills X Chuck ? Don Wells Judd Zimmer X X X Bob Nann X Bob Caswell X Ball Dick Adams Marzluff Carpenter Plunkett Stefic Bob Nothacker Mac Yuen Bill Taylor Dave Bock X""","Yuen, Shui Kong, 1917-1992",Creator,"Union College (Schenectady, N.Y.) http://id.worldcat.org/fast/563176","Weed, George; Thyne, Frank; Woodward, Clancy; Wells, Daniel; Zimmer, Judson; Nann, Robert; Caswell, Robert, Jr, Jr; Ball, Burton; Adams, Richard; Marzluff, William; Plunkett, Richard; Stefic, Edward; Nothacker, Robert W.; Yuen, Shui Kong, 1917-1992; Taylor, Willard H.; Bock, David",,1941-10-16,"2 pages, 1 photograph : b&w ; 8 x 9.75 in. (20.32 x 24.77 cm)",Documentary photographs,In Copyright,"Box 4, Folder 20, Item DP/21",ZWU_SCA0228_B04_F20_DP021,2025-10-01,ZWU_SCA0228_B04_F20_DP021_001.jpg;ZWU_SCA0228_B04_F20_DP021_002.jpg
,34981,Image ,"Delta Phi activities, folder 20, image DP/22","Delta Phi activities, folder 20, image DP/22","Black and white photograph. Handwritten on verso, ""Δɸ brothers 1941"". Photo captioned with names of subjects on small piece of paper taped on the short, bottom edge of photograph, ""Niels Bock X X Marzluff X Carpenter""","Yuen, Shui Kong, 1917-1992",Creator,"Union College (Schenectady, N.Y.) http://id.worldcat.org/fast/563176","Marzluff, William; Bock, David; Carpenter, Leo",1941,,"2 pages, 1 photograph : b&w ; 8 x 9.75 in. (20.32 x 24.77 cm)",Documentary photographs,In Copyright,"Box 4, Folder 20, Item DP/22",ZWU_SCA0228_B04_F20_DP022,2025-10-01,ZWU_SCA0228_B04_F20_DP022_001.jpg;ZWU_SCA0228_B04_F20_DP022_002.jpg
,34981,Image ,"Delta Phi activities, folder 20, image DP/23","Delta Phi activities, folder 20, image DP/23","Black and white photograph. Handwritten on verso, ""Δɸ brothers of the Class of 1944 1943"". Photo captioned with names of subjects on small piece of paper taped on the short, bottom edge of photograph, ""X X X X X X Dave Bock X Judd Zimmer Marzluff Jim McNulty""","Yuen, Shui Kong, 1917-1992",Creator,"Union College (Schenectady, N.Y.) http://id.worldcat.org/fast/563176","Bock, David; Zimmer, Judson; Marzluff, William; McNulty, Jim",,,"2 pages, 1 photograph : b&w ; 8 x 9.75 in. (20.32 x 24.77 cm)",Documentary photographs,In Copyright,"Box 4, Folder 20, Item DP/23",ZWU_SCA0228_B04_F20_DP023,2025-10-01,ZWU_SCA0228_B04_F20_DP023_001.jpg;ZWU_SCA0228_B04_F20_DP023_002.jpg
,34981,Image ,"Delta Phi activities, folder 20, image DP/24","Delta Phi activities, folder 20, image DP/24","Black and white photograph. Handwritten on verso, ""Hell Week February 16, 1942""","Yuen, Shui Kong, 1917-1992",Creator,"Union College (Schenectady, N.Y.) http://id.worldcat.org/fast/563176",,,1942-02-16,"2 pages, 1 photograph : b&w ; 8 x 9.75 in. (20.32 x 24.77 cm)",Documentary photographs,In Copyright,"Box 4, Folder 20, Item DP/24",ZWU_SCA0228_B04_F20_DP024,2025-10-01,ZWU_SCA0228_B04_F20_DP024_001.jpg;ZWU_SCA0228_B04_F20_DP024_002.jpg
,34981,Image ,"Delta Phi activities, folder 20, image DP/25","Delta Phi activities, folder 20, image DP/25","Black and white photograph. Handwritten on verso, ""Hell Week February 16, 1942""","Yuen, Shui Kong, 1917-1992",Creator,"Union College (Schenectady, N.Y.) http://id.worldcat.org/fast/563176",,,1942-02-16,"2 pages, 1 photograph : b&w ; 8 x 9.75 in. (20.32 x 24.77 cm)",Documentary photographs,In Copyright,"Box 4, Folder 20, Item DP/25",ZWU_SCA0228_B04_F20_DP025,2025-10-01,ZWU_SCA0228_B04_F20_DP025_001.jpg;ZWU_SCA0228_B04_F20_DP025_002.jpg
,34981,Image ,"Delta Phi activities, folder 20, image DP/26","Delta Phi activities, folder 20, image DP/26","Black and white photograph. Handwritten on verso, ""Hell Week February 16, 1942""","Yuen, Shui Kong, 1917-1992",Creator,"Union College (Schenectady, N.Y.) http://id.worldcat.org/fast/563176",,,1942-02-16,"2 pages, 1 photograph : b&w ; 8 x 9.75 in. (20.32 x 24.77 cm)",Documentary photographs,In Copyright,"Box 4, Folder 20, Item DP/26",ZWU_SCA0228_B04_F20_DP026,2025-10-01,ZWU_SCA0228_B04_F20_DP026_001.jpg;ZWU_SCA0228_B04_F20_DP026_002.jpg
,34981,Image ,"Delta Phi activities, folder 20, image DP/27","Delta Phi activities, folder 20, image DP/27","Black and white photograph. Handwritten on verso, ""Hell Week February 16, 1942""","Yuen, Shui Kong, 1917-1992",Creator,"Union College (Schenectady, N.Y.) http://id.worldcat.org/fast/563176",,,1942-02-16,"2 pages, 1 photograph : b&w ; 8 x 9.75 in. (20.32 x 24.77 cm)",Documentary photographs,In Copyright,"Box 4, Folder 20, Item DP/27",ZWU_SCA0228_B04_F20_DP027,2025-10-01,ZWU_SCA0228_B04_F20_DP027_001.jpg;ZWU_SCA0228_B04_F20_DP027_002.jpg
,34981,Image ,"Delta Phi activities, folder 20, image DP/28","Delta Phi activities, folder 20, image DP/28","Black and white photograph. Handwritten on verso, ""George Weed posing for the Artist November 1941""","Yuen, Shui Kong, 1917-1992",Creator,"Union College (Schenectady, N.Y.) http://id.worldcat.org/fast/563176","Weed, George",,1941-11-01,"2 pages, 1 photograph : b&w ; 8 x 9.75 in. (20.32 x 24.77 cm)",Documentary photographs,In Copyright,"Box 4, Folder 20, Item DP/28",ZWU_SCA0228_B04_F20_DP028,2025-10-01,ZWU_SCA0228_B04_F20_DP028_001.jpg;ZWU_SCA0228_B04_F20_DP028_002.jpg
,34981,Image ,"Delta Phi activities, folder 20, image DP/29","Delta Phi activities, folder 20, image DP/29","Black and white photograph. Handwritten on verso, ""Δɸ brothers at Mr. Ed. Cameron's home. Ball Ed. Stefic Adams Don Wells Doug Cameron ?""","Yuen, Shui Kong, 1917-1992",Creator,"Union College (Schenectady, N.Y.) http://id.worldcat.org/fast/563176","Cameron, Ed; Ball, Burton; Stefic, Edward; Adams, Richard; Wells, Daniel; Cameron, Doug; ",,,"2 pages, 1 photograph : b&w ; 8 x 9.75 in. (20.32 x 24.77 cm)",Documentary photographs,In Copyright,"Box 4, Folder 20, Item DP/29",ZWU_SCA0228_B04_F20_DP029,2025-10-01,ZWU_SCA0228_B04_F20_DP029_001.jpg;ZWU_SCA0228_B04_F20_DP029_002.jpg
,34981,Image ,"Delta Phi activities, folder 20, image DP/30","Delta Phi activities, folder 20, image DP/30","Black and white photograph. Handwritten on verso, ""Δɸ brothers at Mr. Ed. Cameron's home. (Mrs. Charles Cameron Marry Doug Cameron""","Yuen, Shui Kong, 1917-1992",Creator,"Union College (Schenectady, N.Y.) http://id.worldcat.org/fast/563176","Cameron, Ed; Cameron, Mary; Cameron, Doug",,,"2 pages, 1 photograph : b&w ; 8 x 9.75 in. (20.32 x 24.77 cm)",Documentary photographs,In Copyright,"Box 4, Folder 20, Item DP/30",ZWU_SCA0228_B04_F20_DP030,2025-10-01,ZWU_SCA0228_B04_F20_DP030_001.jpg;ZWU_SCA0228_B04_F20_DP030_002.jpg
,34981,Image ,"Delta Phi activities, folder 20, image DP/31","Delta Phi activities, folder 20, image DP/31","Black and white photograph. Handwritten on verso, ""Brother ED. Cameron (Δɸ brothers at Mr. Ed. Cameron's home""","Yuen, Shui Kong, 1917-1992",Creator,"Union College (Schenectady, N.Y.) http://id.worldcat.org/fast/563176","Cameron, Ed",,,"2 pages, 1 photograph : b&w ; 8 x 9.75 in. (20.32 x 24.77 cm)",Documentary photographs,In Copyright,"Box 4, Folder 20, Item DP/31",ZWU_SCA0228_B04_F20_DP031,2025-10-01,ZWU_SCA0228_B04_F20_DP031_001.jpg;ZWU_SCA0228_B04_F20_DP031_002.jpg
,34981,Image ,"Delta Phi activities, folder 20, image DP/32","Delta Phi activities, folder 20, image DP/32","Black and white photograph. Handwritten on verso, ""Mrs. Ed. Cameron (Δɸ brothers at Mr. Ed. Cameron's home)""","Yuen, Shui Kong, 1917-1992",Creator,"Union College (Schenectady, N.Y.) http://id.worldcat.org/fast/563176","Cameron, Mary",,,"2 pages, 1 photograph : b&w ; 8 x 9.75 in. (20.32 x 24.77 cm)",Documentary photographs,In Copyright,"Box 4, Folder 20, Item DP/32",ZWU_SCA0228_B04_F20_DP032,2025-10-01,ZWU_SCA0228_B04_F20_DP032_001.jpg;ZWU_SCA0228_B04_F20_DP032_002.jpg
,34981,Image ,"Delta Phi activities, folder 20, image DP/33","Delta Phi activities, folder 20, image DP/33","Black and white photograph. Handwritten on verso, ""Jud Zimmer, Jim McNulty + friends at the Dance December 1943""","Yuen, Shui Kong, 1917-1992",Creator,"Union College (Schenectady, N.Y.) http://id.worldcat.org/fast/563176","Zimmer, Judson; McNulty, Jim",,1943-12-01,"2 pages, 1 photograph : b&w ; 8 x 9.75 in. (20.32 x 24.77 cm)",Documentary photographs,In Copyright,"Box 4, Folder 20, Item DP/33",ZWU_SCA0228_B04_F20_DP033,2025-10-01,ZWU_SCA0228_B04_F20_DP033_001.jpg;ZWU_SCA0228_B04_F20_DP033_002.jpg
,34981,Image ,"Delta Phi activities, folder 20, image DP/34","Delta Phi activities, folder 20, image DP/34","Black and white photograph. Handwritten on verso, ""Softball Dick Adams and Bob Nothacker April 18, 1941""","Yuen, Shui Kong, 1917-1992",Creator,"Union College (Schenectady, N.Y.) http://id.worldcat.org/fast/563176","Adams, Richard; Nothacker, Robert W.",,1941-04-18,"2 pages, 1 photograph : b&w ; 8 x 9.75 in. (20.32 x 24.77 cm)",Documentary photographs,In Copyright,"Box 4, Folder 20, Item DP/34",ZWU_SCA0228_B04_F20_DP034,2025-10-01,ZWU_SCA0228_B04_F20_DP034_001.jpg;ZWU_SCA0228_B04_F20_DP034_002.jpg
,34982,Image ,"Alumni day 1939, folder 21, image A/39/1","Alumni day 1939, folder 21, image A/39/1","Black and white photograph. Handwritten on verso, ""Alumni Day 1939""","Yuen, Shui Kong, 1917-1992",Creator,"Union College (Schenectady, N.Y.) http://id.worldcat.org/fast/563176",,1939,,"2 pages, 1 photograph : b&w ; 8 x 9.75 in. (20.32 x 24.77 cm)",Documentary photographs,In Copyright,"Box 4, Folder 21, Item A/39/1",ZWU_SCA0228_B04_F21_A39001,2025-10-01,ZWU_SCA0228_B04_F21_A39001_001.jpg;ZWU_SCA0228_B04_F21_A39001_002.jpg
,34982,Image ,"Alumni day 1939, folder 21, image A/39/2","Alumni day 1939, folder 21, image A/39/2","Black and white photograph. Handwritten on verso, ""Alumni Day 1939""","Yuen, Shui Kong, 1917-1992",Creator,"Union College (Schenectady, N.Y.) http://id.worldcat.org/fast/563176",,1939,,"2 pages, 1 photograph : b&w ; 8 x 9.75 in. (20.32 x 24.77 cm)",Documentary photographs,In Copyright,"Box 4, Folder 21, Item A/39/2",ZWU_SCA0228_B04_F21_A39002,2025-10-01,ZWU_SCA0228_B04_F21_A39002_001.jpg;ZWU_SCA0228_B04_F21_A39002_002.jpg
,34982,Image ,"Alumni day 1939, folder 21, image A/39/3","Alumni day 1939, folder 21, image A/39/3","Black and white photograph. Handwritten on verso, ""Alumni Day 1939""","Yuen, Shui Kong, 1917-1992",Creator,"Union College (Schenectady, N.Y.) http://id.worldcat.org/fast/563176",,1939,,"2 pages, 1 photograph : b&w ; 8 x 9.75 in. (20.32 x 24.77 cm)",Documentary photographs,In Copyright,"Box 4, Folder 21, Item A/39/3",ZWU_SCA0228_B04_F21_A39003,2025-10-01,ZWU_SCA0228_B04_F21_A39003_001.jpg;ZWU_SCA0228_B04_F21_A39003_002.jpg
,34982,Image ,"Alumni day 1939, folder 21, image A/39/4","Alumni day 1939, folder 21, image A/39/4","Black and white photograph. Handwritten on verso, ""Alumni Day 1939""","Yuen, Shui Kong, 1917-1992",Creator,"Union College (Schenectady, N.Y.) http://id.worldcat.org/fast/563176",,1939,,"2 pages, 1 photograph : b&w ; 8 x 9.75 in. (20.32 x 24.77 cm)",Documentary photographs,In Copyright,"Box 4, Folder 21, Item A/39/4",ZWU_SCA0228_B04_F21_A39004,2025-10-01,ZWU_SCA0228_B04_F21_A39004_001.jpg;ZWU_SCA0228_B04_F21_A39004_002.jpg
,34982,Image ,"Alumni day 1939, folder 21, image A/39/5","Alumni day 1939, folder 21, image A/39/5","Black and white photograph. Handwritten on verso, ""Alumni Day 1939""","Yuen, Shui Kong, 1917-1992",Creator,"Union College (Schenectady, N.Y.) http://id.worldcat.org/fast/563176",,1939,,"2 pages, 1 photograph : b&w ; 8 x 9.75 in. (20.32 x 24.77 cm)",Documentary photographs,In Copyright,"Box 4, Folder 21, Item A/39/5",ZWU_SCA0228_B04_F21_A39005,2025-10-01,ZWU_SCA0228_B04_F21_A39005_001.jpg;ZWU_SCA0228_B04_F21_A39005_002.jpg
,34982,Image ,"Alumni day 1939, folder 21, image A/39/6","Alumni day 1939, folder 21, image A/39/6","Black and white photograph. Handwritten on verso, ""Alumni Day 1939""","Yuen, Shui Kong, 1917-1992",Creator,"Union College (Schenectady, N.Y.) http://id.worldcat.org/fast/563176",,1939,,"2 pages, 1 photograph : b&w ; 8 x 9.75 in. (20.32 x 24.77 cm)",Documentary photographs,In Copyright,"Box 4, Folder 21, Item A/39/6",ZWU_SCA0228_B04_F21_A39006,2025-10-01,ZWU_SCA0228_B04_F21_A39006_001.jpg;ZWU_SCA0228_B04_F21_A39006_002.jpg
,34982,Image ,"Alumni day 1939, folder 21, image A/39/7","Alumni day 1939, folder 21, image A/39/7","Black and white photograph. Handwritten on verso, ""Alumni Day 1939""","Yuen, Shui Kong, 1917-1992",Creator,"Union College (Schenectady, N.Y.) http://id.worldcat.org/fast/563176",,1939,,"2 pages, 1 photograph : b&w ; 8 x 9.75 in. (20.32 x 24.77 cm)",Documentary photographs,In Copyright,"Box 4, Folder 21, Item A/39/7",ZWU_SCA0228_B04_F21_A39007,2025-10-01,ZWU_SCA0228_B04_F21_A39007_001.jpg;ZWU_SCA0228_B04_F21_A39007_002.jpg
,34982,Image ,"Alumni day 1939, folder 21, image A/39/8","Alumni day 1939, folder 21, image A/39/8","Black and white photograph. Handwritten on verso, ""Alumni Day 1939""","Yuen, Shui Kong, 1917-1992",Creator,"Union College (Schenectady, N.Y.) http://id.worldcat.org/fast/563176",,1939,,"2 pages, 1 photograph : b&w ; 8 x 9.75 in. (20.32 x 24.77 cm)",Documentary photographs,In Copyright,"Box 4, Folder 21, Item A/39/8",ZWU_SCA0228_B04_F21_A39008,2025-10-01,ZWU_SCA0228_B04_F21_A39008_001.jpg;ZWU_SCA0228_B04_F21_A39008_002.jpg
,34982,Image ,"Alumni day 1939, folder 21, image A/39/9","Alumni day 1939, folder 21, image A/39/9","Black and white photograph. Handwritten on verso, ""Alumni Day 1939""","Yuen, Shui Kong, 1917-1992",Creator,"Union College (Schenectady, N.Y.) http://id.worldcat.org/fast/563176",,1939,,"2 pages, 1 photograph : b&w ; 8 x 9.75 in. (20.32 x 24.77 cm)",Documentary photographs,In Copyright,"Box 4, Folder 21, Item A/39/9",ZWU_SCA0228_B04_F21_A39009,2025-10-01,ZWU_SCA0228_B04_F21_A39009_001.jpg;ZWU_SCA0228_B04_F21_A39009_002.jpg
,34982,Image ,"Alumni day 1940, folder 22, image A/40/1","Alumni day 1940, folder 22, image A/40/1","Black and white photograph. Handwritten on verso, ""Grand marshall Terrace Walk Alumni Day June 1940 [Frank Bailey in white robes]""","Yuen, Shui Kong, 1917-1992",Creator,"Union College (Schenectady, N.Y.) http://id.worldcat.org/fast/563176",,,1940-06-01,"2 pages, 1 photograph : b&w ; 8 x 9.75 in. (20.32 x 24.77 cm)",Documentary photographs,In Copyright,"Box 4, Folder 22, Item A/40/1",ZWU_SCA0228_B04_F22_A40001,2025-10-01,ZWU_SCA0228_B04_F22_A40001_001.jpg;ZWU_SCA0228_B04_F22_A40001_002.jpg
,34982,Image ,"Alumni day 1940, folder 22, image A/40/2","Alumni day 1940, folder 22, image A/40/2","Black and white photograph. Handwritten on verso, ""Alumni Day June 1940""","Yuen, Shui Kong, 1917-1992",Creator,"Union College (Schenectady, N.Y.) http://id.worldcat.org/fast/563176",,,1940-06-01,"2 pages, 1 photograph : b&w ; 8 x 9.75 in. (20.32 x 24.77 cm)",Documentary photographs,In Copyright,"Box 4, Folder 22, Item A/40/2",ZWU_SCA0228_B04_F22_A40002,2025-10-01,ZWU_SCA0228_B04_F22_A40002_001.jpg;ZWU_SCA0228_B04_F22_A40002_002.jpg
,34982,Image ,"Alumni day 1940, folder 22, image A/40/3","Alumni day 1940, folder 22, image A/40/3","Black and white photograph. Handwritten on verso, ""Alumni Day June 1940""","Yuen, Shui Kong, 1917-1992",Creator,"Union College (Schenectady, N.Y.) http://id.worldcat.org/fast/563176",,,1940-06-01,"2 pages, 1 photograph : b&w ; 8 x 9.75 in. (20.32 x 24.77 cm)",Documentary photographs,In Copyright,"Box 4, Folder 22, Item A/40/3",ZWU_SCA0228_B04_F22_A40003,2025-10-01,ZWU_SCA0228_B04_F22_A40003_001.jpg;ZWU_SCA0228_B04_F22_A40003_002.jpg
,34982,Image ,"Alumni day 1940, folder 22, image A/40/5","Alumni day 1940, folder 22, image A/40/5","Black and white photograph. Handwritten on verso, ""Alumni Day June 1940""","Yuen, Shui Kong, 1917-1992",Creator,"Union College (Schenectady, N.Y.) http://id.worldcat.org/fast/563176",,,1940-06-01,"2 pages, 1 photograph : b&w ; 8 x 9.75 in. (20.32 x 24.77 cm)",Documentary photographs,In Copyright,"Box 4, Folder 22, Item A/40/5",ZWU_SCA0228_B04_F22_A40005,2025-10-01,ZWU_SCA0228_B04_F22_A40005_001.jpg;ZWU_SCA0228_B04_F22_A40005_002.jpg
,34982,Image ,"Alumni day 1940, folder 22, image A/40/6","Alumni day 1940, folder 22, image A/40/6","Black and white photograph. Handwritten on verso, ""Alumni Day June 1940""","Yuen, Shui Kong, 1917-1992",Creator,"Union College (Schenectady, N.Y.) http://id.worldcat.org/fast/563176",,,1940-06-01,"2 pages, 1 photograph : b&w ; 8 x 9.75 in. (20.32 x 24.77 cm)",Documentary photographs,In Copyright,"Box 4, Folder 22, Item A/40/6",ZWU_SCA0228_B04_F22_A40006,2025-10-01,ZWU_SCA0228_B04_F22_A40006_001.jpg;ZWU_SCA0228_B04_F22_A40006_002.jpg
,34982,Image ,"Alumni day 1940, folder 22, image A/40/7","Alumni day 1940, folder 22, image A/40/7","Black and white photograph. Handwritten on verso, ""Union College Band Alumni Day June 1940""","Yuen, Shui Kong, 1917-1992",Creator,"Union College (Schenectady, N.Y.) http://id.worldcat.org/fast/563176",,,1940-06-01,"2 pages, 1 photograph : b&w ; 8 x 9.75 in. (20.32 x 24.77 cm)",Documentary photographs,In Copyright,"Box 4, Folder 22, Item A/40/7",ZWU_SCA0228_B04_F22_A40007,2025-10-01,ZWU_SCA0228_B04_F22_A40007_001.jpg;ZWU_SCA0228_B04_F22_A40007_002.jpg
,34982,Image ,"Alumni day 1940, folder 22, image A/40/8","Alumni day 1940, folder 22, image A/40/8","Black and white photograph. Handwritten on verso, ""Horse Show Alumni Day June 1940""","Yuen, Shui Kong, 1917-1992",Creator,"Union College (Schenectady, N.Y.) http://id.worldcat.org/fast/563176",,,1940-06-01,"2 pages, 1 photograph : b&w ; 8 x 9.75 in. (20.32 x 24.77 cm)",Documentary photographs,In Copyright,"Box 4, Folder 22, Item A/40/8",ZWU_SCA0228_B04_F22_A40008,2025-10-01,ZWU_SCA0228_B04_F22_A40008_001.jpg;ZWU_SCA0228_B04_F22_A40008_002.jpg
,34982,Image ,"Alumni day 1941, folder 23, image A/41/1","Alumni day 1941, folder 23, image A/41/1","Black and white photograph. Handwritten on verso, ""Alumni Headquarters June 7, 1941""","Yuen, Shui Kong, 1917-1992",Creator,"Union College (Schenectady, N.Y.) http://id.worldcat.org/fast/563176",,,1941-06-07,"2 pages, 1 photograph : b&w ; 8 x 9.75 in. (20.32 x 24.77 cm)",Documentary photographs,In Copyright,"Box 4, Folder 23, Item A/41/1",ZWU_SCA0228_B04_F23_A41001,2025-10-01,ZWU_SCA0228_B04_F23_A41001_001.jpg;ZWU_SCA0228_B04_F23_A41001_002.jpg
,34982,Image ,"Alumni day 1941, folder 23, image A/41/2","Alumni day 1941, folder 23, image A/41/2","Black and white photograph. Handwritten on verso, ""Alumni Day June 7, 1941""","Yuen, Shui Kong, 1917-1992",Creator,"Union College (Schenectady, N.Y.) http://id.worldcat.org/fast/563176",,,1941-06-07,"2 pages, 1 photograph : b&w ; 8 x 9.75 in. (20.32 x 24.77 cm)",Documentary photographs,In Copyright,"Box 4, Folder 23, Item A/41/2",ZWU_SCA0228_B04_F23_A41002,2025-10-01,ZWU_SCA0228_B04_F23_A41002_001.jpg;ZWU_SCA0228_B04_F23_A41002_002.jpg
,34982,Image ,"Alumni day 1941, folder 23, image A/41/3","Alumni day 1941, folder 23, image A/41/3","Black and white photograph. Handwritten on verso, ""Class of 1911 Alumni Day June 7, 1941""","Yuen, Shui Kong, 1917-1992",Creator,"Union College (Schenectady, N.Y.) http://id.worldcat.org/fast/563176",,,1941-06-07,"2 pages, 1 photograph : b&w ; 8 x 9.75 in. (20.32 x 24.77 cm)",Documentary photographs,In Copyright,"Box 4, Folder 23, Item A/41/3",ZWU_SCA0228_B04_F23_A41003,2025-10-01,ZWU_SCA0228_B04_F23_A41003_001.jpg;ZWU_SCA0228_B04_F23_A41003_002.jpg
,34982,Image ,"Alumni day 1941, folder 23, image A/41/4","Alumni day 1941, folder 23, image A/41/4","Black and white photograph. Handwritten on verso, ""Class of 1916 Alumni Day June 7, 1941""","Yuen, Shui Kong, 1917-1992",Creator,"Union College (Schenectady, N.Y.) http://id.worldcat.org/fast/563176",,,1941-06-07,"2 pages, 1 photograph : b&w ; 8 x 9.75 in. (20.32 x 24.77 cm)",Documentary photographs,In Copyright,"Box 4, Folder 23, Item A/41/4",ZWU_SCA0228_B04_F23_A41004,2025-10-01,ZWU_SCA0228_B04_F23_A41004_001.jpg;ZWU_SCA0228_B04_F23_A41004_002.jpg
,34982,Image ,"Alumni day 1941, folder 23, image A/41/5","Alumni day 1941, folder 23, image A/41/5","Black and white photograph. Handwritten on verso, ""Class of 1926 Alumni Day June 7, 1941""","Yuen, Shui Kong, 1917-1992",Creator,"Union College (Schenectady, N.Y.) http://id.worldcat.org/fast/563176",,,1941-06-07,"2 pages, 1 photograph : b&w ; 8 x 9.75 in. (20.32 x 24.77 cm)",Documentary photographs,In Copyright,"Box 4, Folder 23, Item A/41/5",ZWU_SCA0228_B04_F23_A41005,2025-10-01,ZWU_SCA0228_B04_F23_A41005_001.jpg;ZWU_SCA0228_B04_F23_A41005_002.jpg
,34982,Image ,"Alumni day 1941, folder 23, image A/41/6","Alumni day 1941, folder 23, image A/41/6","Black and white photograph. Handwritten on verso, ""Class of 1926 Alumni Day June 7, 1941""","Yuen, Shui Kong, 1917-1992",Creator,"Union College (Schenectady, N.Y.) http://id.worldcat.org/fast/563176",,,1941-06-07,"2 pages, 1 photograph : b&w ; 8 x 9.75 in. (20.32 x 24.77 cm)",Documentary photographs,In Copyright,"Box 4, Folder 23, Item A/41/6",ZWU_SCA0228_B04_F23_A41006,2025-10-01,ZWU_SCA0228_B04_F23_A41006_001.jpg;ZWU_SCA0228_B04_F23_A41006_002.jpg
,34982,Image ,"Alumni day 1941, folder 23, image A/41/8","Alumni day 1941, folder 23, image A/41/8","Black and white photograph. Handwritten on verso, ""Class of 1936 Alumni Day June 7, 1941""","Yuen, Shui Kong, 1917-1992",Creator,"Union College (Schenectady, N.Y.) http://id.worldcat.org/fast/563176",,,1941-06-07,"2 pages, 1 photograph : b&w ; 8 x 9.75 in. (20.32 x 24.77 cm)",Documentary photographs,In Copyright,"Box 4, Folder 23, Item A/41/8",ZWU_SCA0228_B04_F23_A41008,2025-10-01,ZWU_SCA0228_B04_F23_A41008_001.jpg;ZWU_SCA0228_B04_F23_A41008_002.jpg
,34982,Image ,"Alumni day 1941, folder 23, image A/41/9","Alumni day 1941, folder 23, image A/41/9","Black and white photograph. Handwritten on verso, ""Alumni Day June 7, 1941""","Yuen, Shui Kong, 1917-1992",Creator,"Union College (Schenectady, N.Y.) http://id.worldcat.org/fast/563176",,,1941-06-07,"2 pages, 1 photograph : b&w ; 8 x 9.75 in. (20.32 x 24.77 cm)",Documentary photographs,In Copyright,"Box 4, Folder 23, Item A/41/9",ZWU_SCA0228_B04_F23_A41009,2025-10-01,ZWU_SCA0228_B04_F23_A41009_001.jpg;ZWU_SCA0228_B04_F23_A41009_002.jpg
,34982,Image ,"Alumni day 1941, folder 23, image A/41/10","Alumni day 1941, folder 23, image A/41/10","Black and white photograph. Handwritten on verso, ""Class of 1941 Alumni Day June 7, 1941""","Yuen, Shui Kong, 1917-1992",Creator,"Union College (Schenectady, N.Y.) http://id.worldcat.org/fast/563176",,,1941-06-07,"2 pages, 1 photograph : b&w ; 8 x 9.75 in. (20.32 x 24.77 cm)",Documentary photographs,In Copyright,"Box 4, Folder 23, Item A/41/10",ZWU_SCA0228_B04_F23_A41010,2025-10-01,ZWU_SCA0228_B04_F23_A41010_001.jpg;ZWU_SCA0228_B04_F23_A41010_002.jpg
,34982,Image ,"Alumni day 1941, folder 23, image A/41/11","Alumni day 1941, folder 23, image A/41/11","Black and white photograph. Handwritten on verso, ""Alumni Day June 7, 1941""","Yuen, Shui Kong, 1917-1992",Creator,"Union College (Schenectady, N.Y.) http://id.worldcat.org/fast/563176",,,1941-06-07,"2 pages, 1 photograph : b&w ; 8 x 9.75 in. (20.32 x 24.77 cm)",Documentary photographs,In Copyright,"Box 4, Folder 23, Item A/41/11",ZWU_SCA0228_B04_F23_A41011,2025-10-01,ZWU_SCA0228_B04_F23_A41011_001.jpg;ZWU_SCA0228_B04_F23_A41011_002.jpg
,34982,Image ,"Alumni day 1941, folder 23, image A/41/12","Alumni day 1941, folder 23, image A/41/12","Black and white photograph. Handwritten on verso, ""Alumni Day June 7, 1941""","Yuen, Shui Kong, 1917-1992",Creator,"Union College (Schenectady, N.Y.) http://id.worldcat.org/fast/563176",,,1941-06-07,"2 pages, 1 photograph : b&w ; 8 x 9.75 in. (20.32 x 24.77 cm)",Documentary photographs,In Copyright,"Box 4, Folder 23, Item A/41/12",ZWU_SCA0228_B04_F23_A41012,2025-10-01,ZWU_SCA0228_B04_F23_A41012_001.jpg;ZWU_SCA0228_B04_F23_A41012_002.jpg
,34982,Image ,"Alumni day 1941, folder 23, image A/41/13","Alumni day 1941, folder 23, image A/41/13","Black and white photograph. Handwritten on verso, ""Alumni Dinner June 7, 1941""","Yuen, Shui Kong, 1917-1992",Creator,"Union College (Schenectady, N.Y.) http://id.worldcat.org/fast/563176",,,1941-06-07,"2 pages, 1 photograph : b&w ; 8 x 9.75 in. (20.32 x 24.77 cm)",Documentary photographs,In Copyright,"Box 4, Folder 23, Item A/41/13",ZWU_SCA0228_B04_F23_A41013,2025-10-01,ZWU_SCA0228_B04_F23_A41013_001.jpg;ZWU_SCA0228_B04_F23_A41013_002.jpg
,34982,Image ,"Alumni day 1941, folder 23, image A/41/14","Alumni day 1941, folder 23, image A/41/14","Black and white photograph. Handwritten on verso, ""Alumni Dinner June 7, 1941""","Yuen, Shui Kong, 1917-1992",Creator,"Union College (Schenectady, N.Y.) http://id.worldcat.org/fast/563176",,,1941-06-07,"2 pages, 1 photograph : b&w ; 8 x 9.75 in. (20.32 x 24.77 cm)",Documentary photographs,In Copyright,"Box 4, Folder 23, Item A/41/14",ZWU_SCA0228_B04_F23_A41014,2025-10-01,ZWU_SCA0228_B04_F23_A41014_001.jpg;ZWU_SCA0228_B04_F23_A41014_002.jpg
,34982,Image ,"Alumni day 1941, folder 23, image A/41/16","Alumni day 1941, folder 23, image A/41/16","Black and white photograph. Handwritten on verso, ""Alumni Dinner June 7, 1941""","Yuen, Shui Kong, 1917-1992",Creator,"Union College (Schenectady, N.Y.) http://id.worldcat.org/fast/563176",,,1941-06-07,"2 pages, 1 photograph : b&w ; 8 x 9.75 in. (20.32 x 24.77 cm)",Documentary photographs,In Copyright,"Box 4, Folder 23, Item A/41/16",ZWU_SCA0228_B04_F23_A41016,2025-10-01,ZWU_SCA0228_B04_F23_A41016_001.jpg;ZWU_SCA0228_B04_F23_A41016_002.jpg
,34982,Image ,"Alumni day 1941, folder 23, image A/41/17","Alumni day 1941, folder 23, image A/41/17","Black and white photograph. Handwritten on verso, ""Dickinson E. Grifith '02 throwing the 1st ball Alumni Day June 7, 1941""","Yuen, Shui Kong, 1917-1992",Creator,"Union College (Schenectady, N.Y.) http://id.worldcat.org/fast/563176","Griffith, Dickinson E.",,1941-06-07,"2 pages, 1 photograph : b&w ; 8 x 9.75 in. (20.32 x 24.77 cm)",Documentary photographs,In Copyright,"Box 4, Folder 23, Item A/41/17",ZWU_SCA0228_B04_F23_A41017,2025-10-01,ZWU_SCA0228_B04_F23_A41017_001.jpg;ZWU_SCA0228_B04_F23_A41017_002.jpg
,34982,Image ,"Alumni day 1941, folder 23, image A/41/18","Alumni day 1941, folder 23, image A/41/18","Black and white photograph. Handwritten on verso, ""Baseball game Alumni Day June 7, 1941""","Yuen, Shui Kong, 1917-1992",Creator,"Union College (Schenectady, N.Y.) http://id.worldcat.org/fast/563176",,,1941-06-07,"2 pages, 1 photograph : b&w ; 8 x 9.75 in. (20.32 x 24.77 cm)",Documentary photographs,In Copyright,"Box 4, Folder 23, Item A/41/18",ZWU_SCA0228_B04_F23_A41018,2025-10-01,ZWU_SCA0228_B04_F23_A41018_001.jpg;ZWU_SCA0228_B04_F23_A41018_002.jpg
,34982,Image ,"Alumni day 1941, folder 23, image A/41/19","Alumni day 1941, folder 23, image A/41/19","Black and white photograph. Handwritten on verso, ""One of the bands Alumni Day June 7, 1941""","Yuen, Shui Kong, 1917-1992",Creator,"Union College (Schenectady, N.Y.) http://id.worldcat.org/fast/563176",,,1941-06-07,"2 pages, 1 photograph : b&w ; 8 x 9.75 in. (20.32 x 24.77 cm)",Documentary photographs,In Copyright,"Box 4, Folder 23, Item A/41/19",ZWU_SCA0228_B04_F23_A41019,2025-10-01,ZWU_SCA0228_B04_F23_A41019_001.jpg;ZWU_SCA0228_B04_F23_A41019_002.jpg
,34982,Image ,"Alumni day 1941, folder 23, image A/41/20","Alumni day 1941, folder 23, image A/41/20","Black and white photograph. Handwritten on verso, ""Alumni + friends watching fireworks Alumni Day June 7, 1941""","Yuen, Shui Kong, 1917-1992",Creator,"Union College (Schenectady, N.Y.) http://id.worldcat.org/fast/563176",,,1941-06-07,"2 pages, 1 photograph : b&w ; 8 x 9.75 in. (20.32 x 24.77 cm)",Documentary photographs,In Copyright,"Box 4, Folder 23, Item A/41/20",ZWU_SCA0228_B04_F23_A41020,2025-10-01,ZWU_SCA0228_B04_F23_A41020_001.jpg;ZWU_SCA0228_B04_F23_A41020_002.jpg
,34983,Image ,"Alumni day lunch, folder 01, image A/42/1","Alumni day lunch, folder 01, image A/42/1","Black and white photograph. Handwritten on verso, ""Dr. Fox Frank Bailey Walter Baker Alumni Day Lunch May 9, 1942""","Yuen, Shui Kong, 1917-1992",Creator,"Union College (Schenectady, N.Y.) http://id.worldcat.org/fast/563176","Fox, Dixon Ryan, 1887-1945; Bailey, Frank; ",,1942-05-09,,"2 pages, 1 photograph : b&w ; 8 x 9.75 in. (20.32 x 24.77 cm)",Documentary photographs,In Copyright,"Box 5, Folder 1, Item A/42/1",ZWU_SCA0228_B05_F01_A42001,2025-10-01
,34983,Image ,"Alumni day lunch, folder 01, image A/42/2","Alumni day lunch, folder 01, image A/42/2","Black and white photograph. Handwritten on verso, ""President Fox addressing the gathering at the Alumni Day Lunch May 9, 1942""","Yuen, Shui Kong, 1917-1992",Creator,"Union College (Schenectady, N.Y.) http://id.worldcat.org/fast/563176","Fox, Dixon Ryan, 1887-1945",,1942-05-09,,"2 pages, 1 photograph : b&w ; 8 x 9.75 in. (20.32 x 24.77 cm)",Documentary photographs,In Copyright,"Box 5, Folder 1, Item A/42/2",ZWU_SCA0228_B05_F01_A42002,2025-10-01
,34983,Image ,"Alumni day lunch, folder 01, image A/42/3","Alumni day lunch, folder 01, image A/42/3","Black and white photograph. Handwritten on verso, ""President Fox addressing the gathering at the Alumni Day Lunch May 9, 1942""","Yuen, Shui Kong, 1917-1992",Creator,"Union College (Schenectady, N.Y.) http://id.worldcat.org/fast/563176","Fox, Dixon Ryan, 1887-1945",,1942-05-09,,"2 pages, 1 photograph : b&w ; 8 x 9.75 in. (20.32 x 24.77 cm)",Documentary photographs,In Copyright,"Box 5, Folder 1, Item A/42/3",ZWU_SCA0228_B05_F01_A42003,2025-10-01
,34983,Image ,"Alumni day lunch, folder 01, image A/42/4","Alumni day lunch, folder 01, image A/42/4","Black and white photograph. Handwritten on verso, ""Prof. John Morish Frank Bailey Alumni Day Lunch May 9, 1942""","Yuen, Shui Kong, 1917-1992",Creator,"Union College (Schenectady, N.Y.) http://id.worldcat.org/fast/563176","Morish, John; Bailey, Frank",,1942-05-09,,"2 pages, 1 photograph : b&w ; 8 x 9.75 in. (20.32 x 24.77 cm)",Documentary photographs,In Copyright,"Box 5, Folder 1, Item A/42/4",ZWU_SCA0228_B05_F01_A42004,2025-10-01
,34983,Image ,"Alumni day lunch, folder 01, image A/42/5","Alumni day lunch, folder 01, image A/42/5","Black and white photograph. Handwritten on verso, ""Alumni Day Lunch May 9, 1942""","Yuen, Shui Kong, 1917-1992",Creator,"Union College (Schenectady, N.Y.) http://id.worldcat.org/fast/563176",,,1942-05-09,,"2 pages, 1 photograph : b&w ; 8 x 9.75 in. (20.32 x 24.77 cm)",Documentary photographs,In Copyright,"Box 5, Folder 1, Item A/42/5",ZWU_SCA0228_B05_F01_A42005,2025-10-01
,34983,Image ,"Alumni day lunch, folder 01, image A/42/6","Alumni day lunch, folder 01, image A/42/6","Black and white photograph. Handwritten on verso, ""Alumni Day Lunch May 9, 1942""","Yuen, Shui Kong, 1917-1992",Creator,"Union College (Schenectady, N.Y.) http://id.worldcat.org/fast/563176",,,1942-05-09,,"2 pages, 1 photograph : b&w ; 8 x 9.75 in. (20.32 x 24.77 cm)",Documentary photographs,In Copyright,"Box 5, Folder 1, Item A/42/",ZWU_SCA0228_B05_F01_A42006,2025-10-01
,34983,Image ,"Alumni day lunch, folder 01, image A/42/7","Alumni day lunch, folder 01, image A/42/7","Black and white photograph. Handwritten on verso, ""Alumni Day Lunch May 9, 1942""","Yuen, Shui Kong, 1917-1992",Creator,"Union College (Schenectady, N.Y.) http://id.worldcat.org/fast/563176",,,1942-05-09,,"2 pages, 1 photograph : b&w ; 8 x 9.75 in. (20.32 x 24.77 cm)",Documentary photographs,In Copyright,"Box 5, Folder 1, Item A/42/7",ZWU_SCA0228_B05_F01_A42007,2025-10-01
,34983,Image ,"Alumni day lunch, folder 01, image A/42/8","Alumni day lunch, folder 01, image A/42/8","Black and white photograph. Handwritten on verso, ""Alumni Day Lunch May 9, 1942""","Yuen, Shui Kong, 1917-1992",Creator,"Union College (Schenectady, N.Y.) http://id.worldcat.org/fast/563176",,,1942-05-09,,"2 pages, 1 photograph : b&w ; 8 x 9.75 in. (20.32 x 24.77 cm)",Documentary photographs,In Copyright,"Box 5, Folder 1, Item A/42/8",ZWU_SCA0228_B05_F01_A42008,2025-10-02
,34983,Image ,"Alumni day lunch, folder 01, image A/42/9","Alumni day lunch, folder 01, image A/42/9","Black and white photograph. Handwritten on verso, ""Alumni Day Lunch May 9, 1942""","Yuen, Shui Kong, 1917-1992",Creator,"Union College (Schenectady, N.Y.) http://id.worldcat.org/fast/563176",,,1942-05-09,,"2 pages, 1 photograph : b&w ; 8 x 9.75 in. (20.32 x 24.77 cm)",Documentary photographs,In Copyright,"Box 5, Folder 1, Item A/42/9",ZWU_SCA0228_B05_F01_A42009,2025-10-02
,34983,Image ,"Alumni day lunch, folder 01, image A/42/10","Alumni day lunch, folder 01, image A/42/10","Black and white photograph. Handwritten on verso, ""Alumni Day Lunch May 9, 1942""","Yuen, Shui Kong, 1917-1992",Creator,"Union College (Schenectady, N.Y.) http://id.worldcat.org/fast/563176",,,1942-05-09,,"2 pages, 1 photograph : b&w ; 8 x 9.75 in. (20.32 x 24.77 cm)",Documentary photographs,In Copyright,"Box 5, Folder 1, Item A/42/10",ZWU_SCA0228_B05_F01_A42010,2025-10-02
,34983,Image ,"Alumni day lunch, folder 01, image A/42/11","Alumni day lunch, folder 01, image A/42/11","Black and white photograph. Handwritten on verso, ""Alumni Day Lunch May 9, 1942""","Yuen, Shui Kong, 1917-1992",Creator,"Union College (Schenectady, N.Y.) http://id.worldcat.org/fast/563176",,,1942-05-09,,"2 pages, 1 photograph : b&w ; 8 x 9.75 in. (20.32 x 24.77 cm)",Documentary photographs,In Copyright,"Box 5, Folder 1, Item A/42/11",ZWU_SCA0228_B05_F01_A42011,2025-10-02
,34983,Image ,"Alumni day lunch, folder 01, image A/42/12","Alumni day lunch, folder 01, image A/42/12","Black and white photograph. Handwritten on verso, ""Alumni Day Lunch May 9, 1942""","Yuen, Shui Kong, 1917-1992",Creator,"Union College (Schenectady, N.Y.) http://id.worldcat.org/fast/563176",,,1942-05-09,,"2 pages, 1 photograph : b&w ; 8 x 9.75 in. (20.32 x 24.77 cm)",Documentary photographs,In Copyright,"Box 5, Folder 1, Item A/42/12",ZWU_SCA0228_B05_F01_A42012,2025-10-02
,34983,Image ,"Alumni day lunch, folder 01, image A/42/13","Alumni day lunch, folder 01, image A/42/13","Black and white photograph. Handwritten on verso, ""Alumni Day Lunch May 9, 1942""","Yuen, Shui Kong, 1917-1992",Creator,"Union College (Schenectady, N.Y.) http://id.worldcat.org/fast/563176",,,1942-05-09,,"2 pages, 1 photograph : b&w ; 8 x 9.75 in. (20.32 x 24.77 cm)",Documentary photographs,In Copyright,"Box 5, Folder 1, Item A/42/13",ZWU_SCA0228_B05_F01_A42013,2025-10-02
,34983,Image ,"Alumni day 1942, folder 02, image A/42/14","Alumni day 1942, folder 02, image A/42/14","Black and white photograph. Handwritten on verso, ""Alumni Day May 9, 1942""","Yuen, Shui Kong, 1917-1992",Creator,"Union College (Schenectady, N.Y.) http://id.worldcat.org/fast/563176",,,1942-05-09,,"2 pages, 1 photograph : b&w ; 8 x 9.75 in. (20.32 x 24.77 cm)",Documentary photographs,In Copyright,"Box 5, Folder 2, Item A/42/14",ZWU_SCA0228_B05_F02_A42014,2025-10-02
,34983,Image ,"Alumni day 1942, folder 02, image A/42/15","Alumni day 1942, folder 02, image A/42/15","Black and white photograph. Handwritten on verso, ""Alumni Day May 9, 1942""","Yuen, Shui Kong, 1917-1992",Creator,"Union College (Schenectady, N.Y.) http://id.worldcat.org/fast/563176",,,1942-05-09,,"2 pages, 1 photograph : b&w ; 8 x 9.75 in. (20.32 x 24.77 cm)",Documentary photographs,In Copyright,"Box 5, Folder 2, Item A/42/15",ZWU_SCA0228_B05_F02_A42015,2025-10-02
,34983,Image ,"Alumni day 1942, folder 02, image A/42/16","Alumni day 1942, folder 02, image A/42/16","Black and white photograph. Handwritten on verso, ""Alumni Day May 9, 1942""","Yuen, Shui Kong, 1917-1992",Creator,"Union College (Schenectady, N.Y.) http://id.worldcat.org/fast/563176",,,1942-05-09,,"2 pages, 1 photograph : b&w ; 8 x 9.75 in. (20.32 x 24.77 cm)",Documentary photographs,In Copyright,"Box 5, Folder 2, Item A/42/16",ZWU_SCA0228_B05_F02_A42016,2025-10-02
,34983,Image ,"Alumni day 1942, folder 02, image A/42/17","Alumni day 1942, folder 02, image A/42/17","Black and white photograph. Handwritten on verso, ""Alumni Day May 9, 1942""","Yuen, Shui Kong, 1917-1992",Creator,"Union College (Schenectady, N.Y.) http://id.worldcat.org/fast/563176",,,1942-05-09,,"2 pages, 1 photograph : b&w ; 8 x 9.75 in. (20.32 x 24.77 cm)",Documentary photographs,In Copyright,"Box 5, Folder 2, Item A/42/17",ZWU_SCA0228_B05_F02_A42017,2025-10-02
,34983,Image ,"Alumni day 1942, folder 02, image A/42/18","Alumni day 1942, folder 02, image A/42/18","Black and white photograph. Handwritten on verso, ""Alumni Day May 9, 1942""","Yuen, Shui Kong, 1917-1992",Creator,"Union College (Schenectady, N.Y.) http://id.worldcat.org/fast/563176",,,1942-05-09,,"2 pages, 1 photograph : b&w ; 8 x 9.75 in. (20.32 x 24.77 cm)",Documentary photographs,In Copyright,"Box 5, Folder 2, Item A/42/18",ZWU_SCA0228_B05_F02_A42018,2025-10-02
,34983,Image ,"Alumni day 1942, folder 02, image A/42/19","Alumni day 1942, folder 02, image A/42/19","Black and white photograph. Handwritten on verso, ""Alumni Day May 9, 1942""","Yuen, Shui Kong, 1917-1992",Creator,"Union College (Schenectady, N.Y.) http://id.worldcat.org/fast/563176",,,1942-05-09,,"2 pages, 1 photograph : b&w ; 8 x 9.75 in. (20.32 x 24.77 cm)",Documentary photographs,In Copyright,"Box 5, Folder 2, Item A/42/19",ZWU_SCA0228_B05_F02_A42019,2025-10-02
,34983,Image ,"Alumni day 1942, folder 02, image A/42/20","Alumni day 1942, folder 02, image A/42/20","Black and white photograph. Handwritten on verso, ""Alumni Day May 9, 1942""","Yuen, Shui Kong, 1917-1992",Creator,"Union College (Schenectady, N.Y.) http://id.worldcat.org/fast/563176",,,1942-05-09,,"2 pages, 1 photograph : b&w ; 8 x 9.75 in. (20.32 x 24.77 cm)",Documentary photographs,In Copyright,"Box 5, Folder 2, Item A/42/20",ZWU_SCA0228_B05_F02_A42020,2025-10-02
,34983,Image ,"Alumni day 1942, folder 02, image A/42/21","Alumni day 1942, folder 02, image A/42/21","Black and white photograph. Handwritten on verso, ""Alumni Day May 9, 1942""","Yuen, Shui Kong, 1917-1992",Creator,"Union College (Schenectady, N.Y.) http://id.worldcat.org/fast/563176",,,1942-05-09,,"2 pages, 1 photograph : b&w ; 8 x 9.75 in. (20.32 x 24.77 cm)",Documentary photographs,In Copyright,"Box 5, Folder 2, Item A/42/21",ZWU_SCA0228_B05_F02_A42021,2025-10-02
,34983,Image ,"Alumni day 1942, folder 02, image A/42/22","Alumni day 1942, folder 02, image A/42/22","Black and white photograph. Handwritten on verso, ""Alumni Day May 9, 1942""","Yuen, Shui Kong, 1917-1992",Creator,"Union College (Schenectady, N.Y.) http://id.worldcat.org/fast/563176",,,1942-05-09,,"2 pages, 1 photograph : b&w ; 8 x 9.75 in. (20.32 x 24.77 cm)",Documentary photographs,In Copyright,"Box 5, Folder 2, Item A/42/22",ZWU_SCA0228_B05_F02_A42022,2025-10-02
,34983,Image ,"Alumni day 1942, folder 02, image A/42/23","Alumni day 1942, folder 02, image A/42/23","Black and white photograph. Handwritten on verso, ""Alumni Day May 9, 1942""","Yuen, Shui Kong, 1917-1992",Creator,"Union College (Schenectady, N.Y.) http://id.worldcat.org/fast/563176",,,1942-05-09,,"2 pages, 1 photograph : b&w ; 8 x 9.75 in. (20.32 x 24.77 cm)",Documentary photographs,In Copyright,"Box 5, Folder 2, Item A/42/23",ZWU_SCA0228_B05_F02_A42023,2025-10-02
,34983,Image ,"Alumni day 1942, folder 02, image A/42/25","Alumni day 1942, folder 02, image A/42/25","Black and white photograph. Handwritten on verso, ""Alumni Day May 9, 1942""","Yuen, Shui Kong, 1917-1992",Creator,"Union College (Schenectady, N.Y.) http://id.worldcat.org/fast/563176",,,1942-05-09,,"2 pages, 1 photograph : b&w ; 8 x 9.75 in. (20.32 x 24.77 cm)",Documentary photographs,In Copyright,"Box 5, Folder 2, Item A/42/25",ZWU_SCA0228_B05_F02_A42025,2025-10-02
,34983,Image ,"Alumni day 1942, folder 02, image A/42/26","Alumni day 1942, folder 02, image A/42/26","Black and white photograph. Handwritten on verso, ""Alumni Day May 9, 1942""","Yuen, Shui Kong, 1917-1992",Creator,"Union College (Schenectady, N.Y.) http://id.worldcat.org/fast/563176",,,1942-05-09,,"2 pages, 1 photograph : b&w ; 8 x 9.75 in. (20.32 x 24.77 cm)",Documentary photographs,In Copyright,"Box 5, Folder 2, Item A/42/26",ZWU_SCA0228_B05_F02_A42026,2025-10-02
,34983,Image ,"Alumni day 1942, folder 02, image A/42/28","Alumni day 1942, folder 02, image A/42/28","Black and white photograph. Handwritten on verso, ""Alumni Day May 9, 1942""","Yuen, Shui Kong, 1917-1992",Creator,"Union College (Schenectady, N.Y.) http://id.worldcat.org/fast/563176",,,1942-05-09,,"2 pages, 1 photograph : b&w ; 8 x 9.75 in. (20.32 x 24.77 cm)",Documentary photographs,In Copyright,"Box 5, Folder 2, Item A/42/28",ZWU_SCA0228_B05_F02_A42028,2025-10-02
,34983,Image ,"Alumni day 1942, folder 02, image A/42/29","Alumni day 1942, folder 02, image A/42/29","Black and white photograph. Handwritten on verso, ""Alumni Day May 9, 1942""","Yuen, Shui Kong, 1917-1992",Creator,"Union College (Schenectady, N.Y.) http://id.worldcat.org/fast/563176",,,1942-05-09,,"2 pages, 1 photograph : b&w ; 8 x 9.75 in. (20.32 x 24.77 cm)",Documentary photographs,In Copyright,"Box 5, Folder 2, Item A/42/29",ZWU_SCA0228_B05_F02_A42029,2025-10-02
,34983,Image ,"Alumni day 1942, folder 02, image A/42/31","Alumni day 1942, folder 02, image A/42/31","Black and white photograph. Handwritten on verso, ""Alumni Day May 9, 1942""","Yuen, Shui Kong, 1917-1992",Creator,"Union College (Schenectady, N.Y.) http://id.worldcat.org/fast/563176",,,1942-05-09,,"2 pages, 1 photograph : b&w ; 8 x 9.75 in. (20.32 x 24.77 cm)",Documentary photographs,In Copyright,"Box 5, Folder 2, Item A/42/31",ZWU_SCA0228_B05_F02_A42031,2025-10-02
,34983,Image ,"Alumni day 1942, folder 02, image A/42/32","Alumni day 1942, folder 02, image A/42/32","Black and white photograph. Handwritten on verso, ""Alumni Senior Dance Alumni Day May 9, 1942""","Yuen, Shui Kong, 1917-1992",Creator,"Union College (Schenectady, N.Y.) http://id.worldcat.org/fast/563176",,,1942-05-09,,"2 pages, 1 photograph : b&w ; 8 x 9.75 in. (20.32 x 24.77 cm)",Documentary photographs,In Copyright,"Box 5, Folder 2, Item A/42/32",ZWU_SCA0228_B05_F02_A42032,2025-10-02
,34983,Image ,"Alumni day 1942, folder 02, image A/42/33","Alumni day 1942, folder 02, image A/42/33","Black and white photograph. Handwritten on verso, ""Alumni Senior Dance Alumni Day May 9, 1942""","Yuen, Shui Kong, 1917-1992",Creator,"Union College (Schenectady, N.Y.) http://id.worldcat.org/fast/563176",,,1942-05-09,,"2 pages, 1 photograph : b&w ; 8 x 9.75 in. (20.32 x 24.77 cm)",Documentary photographs,In Copyright,"Box 5, Folder 2, Item A/42/33",ZWU_SCA0228_B05_F02_A42033,2025-10-02
,34983,Image ,"Alumni day 1942, folder 02, image A/42/34","Alumni day 1942, folder 02, image A/42/34","Black and white photograph. Handwritten on verso, ""Professor + Mrs. D.R. Weeks Alumni Senior Dance Alumni Day May 9, 1942""","Yuen, Shui Kong, 1917-1992",Creator,"Union College (Schenectady, N.Y.) http://id.worldcat.org/fast/563176",,,1942-05-09,,"2 pages, 1 photograph : b&w ; 8 x 9.75 in. (20.32 x 24.77 cm)",Documentary photographs,In Copyright,"Box 5, Folder 2, Item A/42/34",ZWU_SCA0228_B05_F02_A42034,2025-10-02
,34983,Image ,"Alumni day lunch, folder 03, image A/44/1","Alumni day lunch, folder 03, image A/44/1","Black and white photograph. Handwritten on verso, ""Alumni Day Lunch June 1944""","Yuen, Shui Kong, 1917-1992",Creator,"Union College (Schenectady, N.Y.) http://id.worldcat.org/fast/563176",,,1944-06-01,,"2 pages, 1 photograph : b&w ; 8 x 9.75 in. (20.32 x 24.77 cm)",Documentary photographs,In Copyright,"Box 5, Folder 3, Item A/44/1",ZWU_SCA0228_B05_F03_A44001,2025-10-02
,34983,Image ,"Alumni day lunch, folder 03, image A/44/2","Alumni day lunch, folder 03, image A/44/2","Black and white photograph. Handwritten on verso, ""Alumni Day Lunch June 1944""","Yuen, Shui Kong, 1917-1992",Creator,"Union College (Schenectady, N.Y.) http://id.worldcat.org/fast/563176",,,1944-06-01,,"2 pages, 1 photograph : b&w ; 8 x 9.75 in. (20.32 x 24.77 cm)",Documentary photographs,In Copyright,"Box 5, Folder 3, Item A/44/2",ZWU_SCA0228_B05_F03_A44002,2025-10-02
,34983,Image ,"Alumni day lunch, folder 03, image A/44/3","Alumni day lunch, folder 03, image A/44/3","Black and white photograph. Handwritten on verso, ""Alumni Day Lunch June, 1944""","Yuen, Shui Kong, 1917-1992",Creator,"Union College (Schenectady, N.Y.) http://id.worldcat.org/fast/563176",,,1944-06-01,,"2 pages, 1 photograph : b&w ; 8 x 9.75 in. (20.32 x 24.77 cm)",Documentary photographs,In Copyright,"Box 5, Folder 3, Item A/44/3",ZWU_SCA0228_B05_F03_A44003,2025-10-02
,34983,Image ,"Alumni day 1946, folder 04, image A/46/1","Alumni day 1946, folder 04, image A/46/1","Black and white photograph. Handwritten on verso, ""Alumni Day 1946""","Yuen, Shui Kong, 1917-1992",Creator,"Union College (Schenectady, N.Y.) http://id.worldcat.org/fast/563176",,1946,,,"2 pages, 1 photograph : b&w ; 8 x 9.75 in. (20.32 x 24.77 cm)",Documentary photographs,In Copyright,"Box 5, Folder 4, Item A/46/1",ZWU_SCA0228_B05_F04_A46001,2025-10-02
,34983,Image ,"Alumni day 1946, folder 04, image A/46/2","Alumni day 1946, folder 04, image A/46/2","Black and white photograph. Handwritten on verso, ""Alumni Day 1946""","Yuen, Shui Kong, 1917-1992",Creator,"Union College (Schenectady, N.Y.) http://id.worldcat.org/fast/563176",,1946,,,"2 pages, 1 photograph : b&w ; 8 x 9.75 in. (20.32 x 24.77 cm)",Documentary photographs,In Copyright,"Box 5, Folder 4, Item A/46/2",ZWU_SCA0228_B05_F04_A46002,2025-10-02
,34983,Image ,"Alumni day 1946, folder 04, image A/46/3","Alumni day 1946, folder 04, image A/46/3","Black and white photograph. Handwritten on verso, ""Alumni Day 1946""","Yuen, Shui Kong, 1917-1992",Creator,"Union College (Schenectady, N.Y.) http://id.worldcat.org/fast/563176",,1946,,,"2 pages, 1 photograph : b&w ; 8 x 9.75 in. (20.32 x 24.77 cm)",Documentary photographs,In Copyright,"Box 5, Folder 4, Item A/46/3",ZWU_SCA0228_B05_F04_A46003,2025-10-02
,34983,Image ,"Alumni day 1946, folder 04, image A/46/4","Alumni day 1946, folder 04, image A/46/4","Black and white photograph. Handwritten on verso, ""Alumni Day 1946""","Yuen, Shui Kong, 1917-1992",Creator,"Union College (Schenectady, N.Y.) http://id.worldcat.org/fast/563176",,1946,,,"2 pages, 1 photograph : b&w ; 8 x 9.75 in. (20.32 x 24.77 cm)",Documentary photographs,In Copyright,"Box 5, Folder 4, Item A/46/4",ZWU_SCA0228_B05_F04_A46004,2025-10-02
,34983,Image ,"Alumni day 1946, folder 04, image A/46/5","Alumni day 1946, folder 04, image A/46/5","Black and white photograph. Handwritten on verso, ""Alumni Day 1946""","Yuen, Shui Kong, 1917-1992",Creator,"Union College (Schenectady, N.Y.) http://id.worldcat.org/fast/563176",,1946,,,"2 pages, 1 photograph : b&w ; 8 x 9.75 in. (20.32 x 24.77 cm)",Documentary photographs,In Copyright,"Box 5, Folder 4, Item A/46/5",ZWU_SCA0228_B05_F04_A46005,2025-10-02
,34983,Image ,"Alumni day 1946, folder 04, image A/46/6","Alumni day 1946, folder 04, image A/46/6","Black and white photograph. Handwritten on verso, ""Alumni Day 1946""","Yuen, Shui Kong, 1917-1992",Creator,"Union College (Schenectady, N.Y.) http://id.worldcat.org/fast/563176",,1946,,,"2 pages, 1 photograph : b&w ; 8 x 9.75 in. (20.32 x 24.77 cm)",Documentary photographs,In Copyright,"Box 5, Folder 4, Item A/46/6",ZWU_SCA0228_B05_F04_A46006,2025-10-02
,34983,Image ,"Alumni day 1946, folder 04, image A/46/7","Alumni day 1946, folder 04, image A/46/7","Black and white photograph. Handwritten on verso, ""Class of 1921 Alumni Day 1946""","Yuen, Shui Kong, 1917-1992",Creator,"Union College (Schenectady, N.Y.) http://id.worldcat.org/fast/563176",,1946,,,"2 pages, 1 photograph : b&w ; 8 x 9.75 in. (20.32 x 24.77 cm)",Documentary photographs,In Copyright,"Box 5, Folder 4, Item A/46/7",ZWU_SCA0228_B05_F04_A46007,2025-10-02
,34983,Image ,"Alumni day 1946, folder 04, image A/46/8","Alumni day 1946, folder 04, image A/46/8","Black and white photograph. Handwritten on verso, ""Alumni Day 1946""","Yuen, Shui Kong, 1917-1992",Creator,"Union College (Schenectady, N.Y.) http://id.worldcat.org/fast/563176",,1946,,,"2 pages, 1 photograph : b&w ; 8 x 9.75 in. (20.32 x 24.77 cm)",Documentary photographs,In Copyright,"Box 5, Folder 4, Item A/46/8",ZWU_SCA0228_B05_F04_A46008,2025-10-02
,34983,Image ,"Alumni day 1946, folder 04, image A/46/9","Alumni day 1946, folder 04, image A/46/9","Black and white photograph. Handwritten on verso, ""Alumni Day 1946""","Yuen, Shui Kong, 1917-1992",Creator,"Union College (Schenectady, N.Y.) http://id.worldcat.org/fast/563176",,1946,,,"2 pages, 1 photograph : b&w ; 8 x 9.75 in. (20.32 x 24.77 cm)",Documentary photographs,In Copyright,"Box 5, Folder 4, Item A/46/9",ZWU_SCA0228_B05_F04_A46009,2025-10-02
,34983,Image ,"Alumni day 1946, folder 04, image A/46/10","Alumni day 1946, folder 04, image A/46/10","Black and white photograph. Handwritten on verso, ""Alumni Day 1946""","Yuen, Shui Kong, 1917-1992",Creator,"Union College (Schenectady, N.Y.) http://id.worldcat.org/fast/563176",,1946,,,"2 pages, 1 photograph : b&w ; 8 x 9.75 in. (20.32 x 24.77 cm)",Documentary photographs,In Copyright,"Box 5, Folder 4, Item A/46/10",ZWU_SCA0228_B05_F04_A46010,2025-10-02
,34983,Image ,"Alumni day 1946, folder 04, image A/46/11","Alumni day 1946, folder 04, image A/46/11","Black and white photograph. Handwritten on verso, ""John Lewis Alumni Day 1946""","Yuen, Shui Kong, 1917-1992",Creator,"Union College (Schenectady, N.Y.) http://id.worldcat.org/fast/563176","Lewis, John P.",1946,,,"2 pages, 1 photograph : b&w ; 8 x 9.75 in. (20.32 x 24.77 cm)",Documentary photographs,In Copyright,"Box 5, Folder 4, Item A/46/11",ZWU_SCA0228_B05_F04_A46011,2025-10-02
,34983,Image ,"Alumni day 1946, folder 04, image A/46/12","Alumni day 1946, folder 04, image A/46/12","Black and white photograph. Handwritten on verso, ""Alumni Day 1946""","Yuen, Shui Kong, 1917-1992",Creator,"Union College (Schenectady, N.Y.) http://id.worldcat.org/fast/563176",,1946,,,"2 pages, 1 photograph : b&w ; 8 x 9.75 in. (20.32 x 24.77 cm)",Documentary photographs,In Copyright,"Box 5, Folder 4, Item A/46/12 ",ZWU_SCA0228_B05_F04_A46012,2025-10-02
,34983,Image ,"Alumni day 1946, folder 04, image A/46/13","Alumni day 1946, folder 04, image A/46/13","Black and white photograph. Handwritten on verso, ""Walter Baker President Davidson Alumni Day 1946""","Yuen, Shui Kong, 1917-1992",Creator,"Union College (Schenectady, N.Y.) http://id.worldcat.org/fast/563176","Baker, Walter C.; Davidson, Carter, 1905-1965",1946,,,"2 pages, 1 photograph : b&w ; 8 x 9.75 in. (20.32 x 24.77 cm)",Documentary photographs,In Copyright,"Box 5, Folder 4, Item A/46/13",ZWU_SCA0228_B05_F04_A46013,2025-10-02
,34983,Image ,"Alumni day 1946, folder 04, image A/46/14","Alumni day 1946, folder 04, image A/46/14","Black and white photograph. Handwritten on verso, ""Alumni Day 1946""","Yuen, Shui Kong, 1917-1992",Creator,"Union College (Schenectady, N.Y.) http://id.worldcat.org/fast/563176",,1946,,,"2 pages, 1 photograph : b&w ; 8 x 9.75 in. (20.32 x 24.77 cm)",Documentary photographs,In Copyright,"Box 5, Folder 4, Item A/46/14",ZWU_SCA0228_B05_F04_A46014,2025-10-02
,34983,Image ,"Alumni day 1946, folder 04, image A/46/15","Alumni day 1946, folder 04, image A/46/15","Black and white photograph. Handwritten on verso, ""Alumni Day 1946""","Yuen, Shui Kong, 1917-1992",Creator,"Union College (Schenectady, N.Y.) http://id.worldcat.org/fast/563176",,1946,,,"2 pages, 1 photograph : b&w ; 8 x 9.75 in. (20.32 x 24.77 cm)",Documentary photographs,In Copyright,"Box 5, Folder 4, Item A/46/15",ZWU_SCA0228_B05_F04_A46015,2025-10-02
,34983,Image ,"Alumni day 1946, folder 04, image A/46/16","Alumni day 1946, folder 04, image A/46/16","Black and white photograph. Handwritten on verso, ""? Frank Thyme Alumni Day 1946""","Yuen, Shui Kong, 1917-1992",Creator,"Union College (Schenectady, N.Y.) http://id.worldcat.org/fast/563176","Thyne, Frank",1946,,,"2 pages, 1 photograph : b&w ; 8 x 9.75 in. (20.32 x 24.77 cm)",Documentary photographs,In Copyright,"Box 5, Folder 4, Item A/46/16",ZWU_SCA0228_B05_F04_A46016,2025-10-02
,34984,Image ,"Unloading airplane for civil engineering, folder 05, image AP/CZ/1","Unloading airplane for civil engineering, folder 05, image AP/CZ/1","Black and white photograph. Handwritten on verso, ""Unloading Airplane for Civil Engineering 194?""","Yuen, Shui Kong, 1917-1992",Creator,"Union College (Schenectady, N.Y.) http://id.worldcat.org/fast/563176",,,,,"2 pages, 1 photograph : b&w ; 8 x 9.75 in. (20.32 x 24.77 cm)",Documentary photographs,In Copyright,"Box 5, Folder 5, Item AP/CZ/1",ZWU_SCA0228_B05_F05_APCZ001,2025-10-02
,34984,Image ,"Unloading airplane for civil engineering, folder 05, image AP/CZ/2","Unloading airplane for civil engineering, folder 05, image AP/CZ/2","Black and white photograph. Handwritten on verso, ""Unloading Airplane for Civil Engineering 194?""","Yuen, Shui Kong, 1917-1992",Creator,"Union College (Schenectady, N.Y.) http://id.worldcat.org/fast/563176",,,,,"2 pages, 1 photograph : b&w ; 8 x 9.75 in. (20.32 x 24.77 cm)",Documentary photographs,In Copyright,"Box 5, Folder 5, Item AP/CZ/2",ZWU_SCA0228_B05_F05_APCZ002,2025-10-02
,34984,Image ,"Unloading airplane for civil engineering, folder 05, image AP/CZ/3","Unloading airplane for civil engineering, folder 05, image AP/CZ/3","Black and white photograph. Handwritten on verso, ""Unloading Airplane for Civil Engineering 194?""","Yuen, Shui Kong, 1917-1992",Creator,"Union College (Schenectady, N.Y.) http://id.worldcat.org/fast/563176",,,,,"2 pages, 1 photograph : b&w ; 8 x 9.75 in. (20.32 x 24.77 cm)",Documentary photographs,In Copyright,"Box 5, Folder 5, Item AP/CZ/3",ZWU_SCA0228_B05_F05_APCZ003,2025-10-02
,34984,Image ,"Unloading airplane for civil engineering, folder 05, image AP/CZ/4","Unloading airplane for civil engineering, folder 05, image AP/CZ/4","Black and white photograph. Handwritten on verso, ""Unloading Airplane for Civil Engineering 194?""","Yuen, Shui Kong, 1917-1992",Creator,"Union College (Schenectady, N.Y.) http://id.worldcat.org/fast/563176",,,,,"2 pages, 1 photograph : b&w ; 8 x 9.75 in. (20.32 x 24.77 cm)",Documentary photographs,In Copyright,"Box 5, Folder 5, Item AP/CZ/4",ZWU_SCA0228_B05_F05_APCZ004,2025-10-02
,34985,Image ,"Baccalaureate possession and service, folder 06, image BAC/42/1","Baccalaureate possession and service, folder 06, image BAC/42/1","Black and white photograph. Handwritten on verso, ""Baccaluareate Possession May 10, 1942""","Yuen, Shui Kong, 1917-1992",Creator,"Union College (Schenectady, N.Y.) http://id.worldcat.org/fast/563176",,,1942-05-10,,"2 pages, 1 photograph : b&w ; 8 x 9.75 in. (20.32 x 24.77 cm)",Documentary photographs,In Copyright,"Box 5, Folder 6, Item BAC/42/1",ZWU_SCA0228_B05_F06_BAC42001,2025-10-02
,34985,Image ,"Baccalaureate possession and service, folder 06, image BAC/42/2","Baccalaureate possession and service, folder 06, image BAC/42/2","Black and white photograph. Handwritten on verso, ""Dr. Fox Baccaluareate Services May 10, 1942""","Yuen, Shui Kong, 1917-1992",Creator,"Union College (Schenectady, N.Y.) http://id.worldcat.org/fast/563176","Fox, Dixon Ryan, 1887-1945",,1942-05-10,,"2 pages, 1 photograph : b&w ; 8 x 9.75 in. (20.32 x 24.77 cm)",Documentary photographs,In Copyright,"Box 5, Folder 6, Item BAC 02",ZWU_SCA0228_B05_F06_BAC42002,2025-10-02
,34986,Image ,"Bookstore, folder 07, image BS/42/1","Bookstore, folder 07, image BS/42/1","Black and white photograph. Handwritten on verso, ""Book Store Spring 1942""","Yuen, Shui Kong, 1917-1992",Creator,"Union College (Schenectady, N.Y.) http://id.worldcat.org/fast/563176",,March 1942-May 1942,,,"2 pages, 1 photograph : b&w ; 8 x 9.75 in. (20.32 x 24.77 cm)",Documentary photographs,In Copyright,"Box 5, Folder 7, Item BS/42/1",ZWU_SCA0228_B05_F07_BS42001,2025-10-02
,34986,Image ,"Bookstore, folder 07, image BS/42/2","Bookstore, folder 07, image BS/42/2","Black and white photograph. Handwritten on verso, ""Book Store Spring 1942""","Yuen, Shui Kong, 1917-1992",Creator,"Union College (Schenectady, N.Y.) http://id.worldcat.org/fast/563176",,March 1942-May 1942,,,"2 pages, 1 photograph : b&w ; 8 x 9.75 in. (20.32 x 24.77 cm)",Documentary photographs,In Copyright,"Box 5, Folder 7, Item BS/42/2",ZWU_SCA0228_B05_F07_BS42002,2025-10-02
,34986,Image ,"Bookstore, folder 07, image BS/42/3","Bookstore, folder 07, image BS/42/3","Black and white photograph. Handwritten on verso, ""Book Store Spring 1942""","Yuen, Shui Kong, 1917-1992",Creator,"Union College (Schenectady, N.Y.) http://id.worldcat.org/fast/563176",,March 1942-May 1942,,,"2 pages, 1 photograph : b&w ; 8 x 9.75 in. (20.32 x 24.77 cm)",Documentary photographs,In Copyright,"Box 5, Folder 7, Item BS/42/3",ZWU_SCA0228_B05_F07_BS42003,2025-10-02
,34986,Image ,"Bookstore, folder 07, image BS/43/6","Bookstore, folder 07, image BS/43/6","Black and white photograph. Handwritten on verso, ""Book Store July 1943""","Yuen, Shui Kong, 1917-1992",Creator,"Union College (Schenectady, N.Y.) http://id.worldcat.org/fast/563176",,,1943-07-01,,"2 pages, 1 photograph : b&w ; 8 x 9.75 in. (20.32 x 24.77 cm)",Documentary photographs,In Copyright,"Box 5, Folder 7, Item BS/43/6",ZWU_SCA0228_B05_F07_BS43006,2025-10-02
,34986,Image ,"Bookstore, folder 07, image BS/43/7","Bookstore, folder 07, image BS/43/7","Black and white photograph. Handwritten on verso, ""(Bookstore) ? Most ^ of the Mural Photographs taken by SHUI-KONG YUEN (Arrangement, etc. by Prof. D.R. Weeks)""","Yuen, Shui Kong, 1917-1992",Creator,"Union College (Schenectady, N.Y.) http://id.worldcat.org/fast/563176",,,1943-07-01,,"2 pages, 1 photograph : b&w ; 8 x 9.75 in. (20.32 x 24.77 cm)",Documentary photographs,In Copyright,"Box 5, Folder 7, Item BS/43/7",ZWU_SCA0228_B05_F07_BS43007,2025-10-02
,34986,Image ,"Bookstore, folder 07, image BS/43/8","Bookstore, folder 07, image BS/43/8","Black and white photograph. Handwritten on verso, ""(Book Store)? August 30, 1943""","Yuen, Shui Kong, 1917-1992",Creator,"Union College (Schenectady, N.Y.) http://id.worldcat.org/fast/563176",,,1943-08-30,,"2 pages, 1 photograph : b&w ; 8 x 9.75 in. (20.32 x 24.77 cm)",Documentary photographs,In Copyright,"Box 5, Folder 7, Item BS/43/8",ZWU_SCA0228_B05_F07_BS43008,2025-10-02
,34987,Image ,"Buildings and scenes, folder 08, image BS 1","Buildings and scenes, folder 08, image BS 1","Black and white photograph. Handwritten on verso, ""Administration Building Fall 1940""","Yuen, Shui Kong, 1917-1992",Creator,"Union College (Schenectady, N.Y.) http://id.worldcat.org/fast/563176",,September 1940-November 1940,,,"2 pages, 1 photograph : b&w ; 8 x 9.75 in. (20.32 x 24.77 cm)",Documentary photographs,In Copyright,"Box 5, Folder 8, Item BS 1",ZWU_SCA0228_B05_F08_BS001,2025-10-03
,34987,Image ,"Buildings and scenes, folder 08, image BS 2","Buildings and scenes, folder 08, image BS 2","Black and white photograph. Handwritten on verso, ""Administration Building June 1940""","Yuen, Shui Kong, 1917-1992",Creator,"Union College (Schenectady, N.Y.) http://id.worldcat.org/fast/563176",,,1940-06-01,,"2 pages, 1 photograph : b&w ; 8 x 9.75 in. (20.32 x 24.77 cm)",Documentary photographs,In Copyright,"Box 5, Folder 8, Item BS 2",ZWU_SCA0228_B05_F08_BS002,2025-10-03
,34987,Image ,"Buildings and scenes, folder 08, image BS 3","Buildings and scenes, folder 08, image BS 3","Black and white photograph. Handwritten on verso, ""Memorial Chapel Spring 1940""","Yuen, Shui Kong, 1917-1992",Creator,"Union College (Schenectady, N.Y.) http://id.worldcat.org/fast/563176",,March 1940-May 1940,,,"2 pages, 1 photograph : b&w ; 8 x 9.75 in. (20.32 x 24.77 cm)",Documentary photographs,In Copyright,"Box 5, Folder 8, Item BS 3",ZWU_SCA0228_B05_F08_BS003,2025-10-03
,34987,Image ,"Buildings and scenes, folder 08, image BS 4","Buildings and scenes, folder 08, image BS 4","Black and white photograph. Handwritten on verso, ""Memorial Chapel Winter 1940""","Yuen, Shui Kong, 1917-1992",Creator,"Union College (Schenectady, N.Y.) http://id.worldcat.org/fast/563176",,December 1940-February 1941,,,"2 pages, 1 photograph : b&w ; 8 x 9.75 in. (20.32 x 24.77 cm)",Documentary photographs,In Copyright,"Box 5, Folder 8, Item BS 4",ZWU_SCA0228_B05_F08_BS004,2025-10-03
,34987,Image ,"Buildings and scenes, folder 08, image BS 5","Buildings and scenes, folder 08, image BS 5","Black and white photograph. Handwritten on verso, ""North College 1939""","Yuen, Shui Kong, 1917-1992",Creator,"Union College (Schenectady, N.Y.) http://id.worldcat.org/fast/563176",,1939,,,"2 pages, 1 photograph : b&w ; 8 x 9.75 in. (20.32 x 24.77 cm)",Documentary photographs,In Copyright,"Box 5, Folder 8, Item BS 5",ZWU_SCA0228_B05_F08_BS005,2025-10-03
,34987,Image ,"Buildings and scenes, folder 08, image BS 6","Buildings and scenes, folder 08, image BS 6","Black and white photograph. Handwritten on verso, ""North College February 1940""","Yuen, Shui Kong, 1917-1992",Creator,"Union College (Schenectady, N.Y.) http://id.worldcat.org/fast/563176",,,1940-02-01,,"2 pages, 1 photograph : b&w ; 8 x 9.75 in. (20.32 x 24.77 cm)",Documentary photographs,In Copyright,"Box 5, Folder 8, Item BS 6",ZWU_SCA0228_B05_F08_BS006,2025-10-03
,34987,Image ,"Buildings and scenes, folder 08, image BS 7","Buildings and scenes, folder 08, image BS 7","Black and white photograph. Handwritten on verso, ""North College March 1940""","Yuen, Shui Kong, 1917-1992",Creator,"Union College (Schenectady, N.Y.) http://id.worldcat.org/fast/563176",,,1940-03-01,,"2 pages, 1 photograph : b&w ; 8 x 9.75 in. (20.32 x 24.77 cm)",Documentary photographs,In Copyright,"Box 5, Folder 8, Item BS 7",ZWU_SCA0228_B05_F08_BS007,2025-10-03
,34987,Image ,"Buildings and scenes, folder 08, image BS 8","Buildings and scenes, folder 08, image BS 8","Black and white photograph. Handwritten on verso, ""IDOL IDOL June 1941 Alumni Weekend""","Yuen, Shui Kong, 1917-1992",Creator,"Union College (Schenectady, N.Y.) http://id.worldcat.org/fast/563176",,,1941-06-01,,"2 pages, 1 photograph : b&w ; 8 x 9.75 in. (20.32 x 24.77 cm)",Documentary photographs,In Copyright,"Box 5, Folder 8, Item BS 8",ZWU_SCA0228_B05_F08_BS008,2025-10-03
,34987,Image ,"Buildings and scenes, folder 08, image BS 9","Buildings and scenes, folder 08, image BS 9","Black and white photograph. Handwritten on verso, ""IDOL 1944""","Yuen, Shui Kong, 1917-1992",Creator,"Union College (Schenectady, N.Y.) http://id.worldcat.org/fast/563176",,1944,,,"2 pages, 1 photograph : b&w ; 8 x 9.75 in. (20.32 x 24.77 cm)",Documentary photographs,In Copyright,"Box 5, Folder 8, Item BS 9",ZWU_SCA0228_B05_F08_BS009,2025-10-03
,34987,Image ,"Buildings and scenes, folder 09, image BS 2","Buildings and scenes, folder 09, image BS 2","Black and white photograph. Handwritten on verso, ""Administration Building March 1940""","Yuen, Shui Kong, 1917-1992",Creator,"Union College (Schenectady, N.Y.) http://id.worldcat.org/fast/563176",,,1940-03-01,,"2 pages, 1 photograph : b&w ; 8 x 9.75 in. (20.32 x 24.77 cm)",Documentary photographs,In Copyright,"Box 5, Folder 9, Item BS 2",ZWU_SCA0228_B05_F09_BS002,2025-10-03
,34987,Image ,"Buildings and scenes, folder 09, image BS 4","Buildings and scenes, folder 09, image BS 4","Black and white photograph. Handwritten on verso, ""Administration Building June 1940""","Yuen, Shui Kong, 1917-1992",Creator,"Union College (Schenectady, N.Y.) http://id.worldcat.org/fast/563176",,,1940-06-01,,"2 pages, 1 photograph : b&w ; 8 x 9.75 in. (20.32 x 24.77 cm)",Documentary photographs,In Copyright,"Box 5, Folder 9, Item BS 4",ZWU_SCA0228_B05_F09_BS004,2025-10-03
,34987,Image ,"Buildings and scenes, folder 09, image BS 5","Buildings and scenes, folder 09, image BS 5","Black and white photograph. Handwritten on verso, ""Silliman Hall Administration Building October 1944""","Yuen, Shui Kong, 1917-1992",Creator,"Union College (Schenectady, N.Y.) http://id.worldcat.org/fast/563176",,,1944-10-01,,"2 pages, 1 photograph : b&w ; 8 x 9.75 in. (20.32 x 24.77 cm)",Documentary photographs,In Copyright,"Box 5, Folder 9, Item BS 5",ZWU_SCA0228_B05_F09_BS005,2025-10-03
,34987,Image ,"Buildings and scenes, folder 09, image BS 6","Buildings and scenes, folder 09, image BS 6","Black and white photograph. Handwritten on verso, ""Alumni Gym, Spring 1945""","Yuen, Shui Kong, 1917-1992",Creator,"Union College (Schenectady, N.Y.) http://id.worldcat.org/fast/563176",,March 1945-May 1945,,,"2 pages, 1 photograph : b&w ; 8 x 9.75 in. (20.32 x 24.77 cm)",Documentary photographs,In Copyright,"Box 5, Folder 9, Item BS 6",ZWU_SCA0228_B05_F09_BS006,2025-10-03
,34987,Image ,"Buildings and scenes, folder 09, image BS 7","Buildings and scenes, folder 09, image BS 7","Black and white photograph. Handwritten on verso, ""Alumni Gym, Spring 1945""","Yuen, Shui Kong, 1917-1992",Creator,"Union College (Schenectady, N.Y.) http://id.worldcat.org/fast/563176",,March 1945-May 1945,,,"2 pages, 1 photograph : b&w ; 8 x 9.75 in. (20.32 x 24.77 cm)",Documentary photographs,In Copyright,"Box 5, Folder 9, Item BS 7",ZWU_SCA0228_B05_F09_BS007,2025-10-03
,34987,Image ,"Buildings and scenes, folder 09, image BS 9","Buildings and scenes, folder 09, image BS 9","Black and white photograph. Handwritten on verso, ""Bailey Hall Spring 1941""","Yuen, Shui Kong, 1917-1992",Creator,"Union College (Schenectady, N.Y.) http://id.worldcat.org/fast/563176",,March 1941-May 1941,,,"2 pages, 1 photograph : b&w ; 8 x 9.75 in. (20.32 x 24.77 cm)",Documentary photographs,In Copyright,"Box 5, Folder 9, Item BS 9",ZWU_SCA0228_B05_F09_BS009,2025-10-03
,34987,Image ,"Buildings and scenes, folder 09, image BS 10","Buildings and scenes, folder 09, image BS 10","Black and white photograph. Handwritten on verso, ""Bailey Hall Spring 1941""","Yuen, Shui Kong, 1917-1992",Creator,"Union College (Schenectady, N.Y.) http://id.worldcat.org/fast/563176",,March 1941-May 1941,,,"2 pages, 1 photograph : b&w ; 8 x 9.75 in. (20.32 x 24.77 cm)",Documentary photographs,In Copyright,"Box 5, Folder 9, Item BS 10",ZWU_SCA0228_B05_F09_BS010,2025-10-03
,34987,Image ,"Buildings and scenes, folder 09, image BS 11","Buildings and scenes, folder 09, image BS 11","Black and white photograph. Handwritten on verso, ""Biology Lab. March 1940""","Yuen, Shui Kong, 1917-1992",Creator,"Union College (Schenectady, N.Y.) http://id.worldcat.org/fast/563176",,,1940-03-01,,"2 pages, 1 photograph : b&w ; 8 x 9.75 in. (20.32 x 24.77 cm)",Documentary photographs,In Copyright,"Box 5, Folder 9, Item BS 11",ZWU_SCA0228_B05_F09_BS011,2025-10-03
,34987,Image ,"Buildings and scenes, folder 09, image BS 12","Buildings and scenes, folder 09, image BS 12","Black and white photograph. Handwritten on verso, ""Blue gate Summer 1940""","Yuen, Shui Kong, 1917-1992",Creator,"Union College (Schenectady, N.Y.) http://id.worldcat.org/fast/563176",,June 1940-August 1940,,,"2 pages, 1 photograph : b&w ; 8 x 9.75 in. (20.32 x 24.77 cm)",Documentary photographs,In Copyright,"Box 5, Folder 9, Item BS 12",ZWU_SCA0228_B05_F09_BS012,2025-10-03
,34987,Image ,"Buildings and scenes, folder 09, image BS 13","Buildings and scenes, folder 09, image BS 13","Black and white photograph. Handwritten on verso, ""Brook near Delta Phi House Spring 1941""","Yuen, Shui Kong, 1917-1992",Creator,"Union College (Schenectady, N.Y.) http://id.worldcat.org/fast/563176",,March 1941-May 1941,,,"2 pages, 1 photograph : b&w ; 8 x 9.75 in. (20.32 x 24.77 cm)",Documentary photographs,In Copyright,"Box 5, Folder 9, Item BS 13",ZWU_SCA0228_B05_F09_BS013,2025-10-03
,34987,Image ,"Buildings and scenes, folder 10, image BS 14","Buildings and scenes, folder 10, image BS 14","Black and white photograph. Handwritten on verso, ""Brook Jackson's Garden Spring 1941""","Yuen, Shui Kong, 1917-1992",Creator,"Union College (Schenectady, N.Y.) http://id.worldcat.org/fast/563176",,March 1941-May 1941,,,"2 pages, 1 photograph : b&w ; 8 x 9.75 in. (20.32 x 24.77 cm)",Documentary photographs,In Copyright,"Box 5, Folder 10, Item BS 14",ZWU_SCA0228_B05_F10_BS014,2025-10-03
,34987,Image ,"Buildings and scenes, folder 10, image BS 16","Buildings and scenes, folder 10, image BS 16","Black and white photograph. Handwritten on verso, ""Brook near Delta Phi House February 3, 1942 1:00 p.m.""","Yuen, Shui Kong, 1917-1992",Creator,"Union College (Schenectady, N.Y.) http://id.worldcat.org/fast/563176",,,1942-02-03,,"2 pages, 1 photograph : b&w ; 8 x 9.75 in. (20.32 x 24.77 cm)",Documentary photographs,In Copyright,"Box 5, Folder 10, Item BS 16",ZWU_SCA0228_B05_F10_BS016,2025-10-03
,34987,Image ,"Buildings and scenes, folder 10, image BS 17","Buildings and scenes, folder 10, image BS 17","Black and white photograph. Handwritten on verso, ""Brook - Jackson's Garden October 1945""","Yuen, Shui Kong, 1917-1992",Creator,"Union College (Schenectady, N.Y.) http://id.worldcat.org/fast/563176",,,1945-10-01,,"2 pages, 1 photograph : b&w ; 8 x 9.75 in. (20.32 x 24.77 cm)",Documentary photographs,In Copyright,"Box 5, Folder 10, Item BS 17",ZWU_SCA0228_B05_F10_BS017,2025-10-03
,34987,Image ,"Buildings and scenes, folder 10, image BS 18","Buildings and scenes, folder 10, image BS 18","Black and white photograph. Handwritten on verso, ""Chemistry Building March 1940""","Yuen, Shui Kong, 1917-1992",Creator,"Union College (Schenectady, N.Y.) http://id.worldcat.org/fast/563176",,,1940-02-03,,"2 pages, 1 photograph : b&w ; 8 x 9.75 in. (20.32 x 24.77 cm)",Documentary photographs,In Copyright,"Box 5, Folder 10, Item BS 18",ZWU_SCA0228_B05_F10_BS018,2025-10-03
,34987,Image ,"Buildings and scenes, folder 10, image BS 19","Buildings and scenes, folder 10, image BS 19","Black and white photograph. Handwritten on verso, ""Chemistry Lab. February 1, 1941 8:30 a.m.""","Yuen, Shui Kong, 1917-1992",Creator,"Union College (Schenectady, N.Y.) http://id.worldcat.org/fast/563176",,,1941-02-01,,"2 pages, 1 photograph : b&w ; 8 x 9.75 in. (20.32 x 24.77 cm)",Documentary photographs,In Copyright,"Box 5, Folder 10, Item BS 19",ZWU_SCA0228_B05_F10_BS019,2025-10-03
,34987,Image ,"Buildings and scenes, folder 10, image BS 20","Buildings and scenes, folder 10, image BS 20","Black and white photograph. Handwritten on verso, ""College Sign at Blue gate December 1940""","Yuen, Shui Kong, 1917-1992",Creator,"Union College (Schenectady, N.Y.) http://id.worldcat.org/fast/563176",,,1940-12-01,,"2 pages, 1 photograph : b&w ; 8 x 9.75 in. (20.32 x 24.77 cm)",Documentary photographs,In Copyright,"Box 5, Folder 10, Item BS 20",ZWU_SCA0228_B05_F10_BS020,2025-10-03
,34987,Image ,"Buildings and scenes, folder 10, image BS 21","Buildings and scenes, folder 10, image BS 21","Black and white photograph. Handwritten on verso, ""College Walk Administration Bldg. Silliman Hall, Old Gym. Spring 1945""","Yuen, Shui Kong, 1917-1992",Creator,"Union College (Schenectady, N.Y.) http://id.worldcat.org/fast/563176",,March 1945-May 1945,,,"2 pages, 1 photograph : b&w ; 8 x 9.75 in. (20.32 x 24.77 cm)",Documentary photographs,In Copyright,"Box 5, Folder 10, Item BS 21",ZWU_SCA0228_B05_F10_BS021,2025-10-03
,34987,Image ,"Buildings and scenes, folder 10, image BS 22","Buildings and scenes, folder 10, image BS 22","Black and white photograph. Handwritten on verso, ""College Walk Old Gym. Silliman Hall Administration Building February 28, 1946""","Yuen, Shui Kong, 1917-1992",Creator,"Union College (Schenectady, N.Y.) http://id.worldcat.org/fast/563176",,,1946-02-28,,"2 pages, 1 photograph : b&w ; 8 x 9.75 in. (20.32 x 24.77 cm)",Documentary photographs,In Copyright,"Box 5, Folder 10, Item BS 22",ZWU_SCA0228_B05_F10_BS022,2025-10-03
,34987,Image ,"Buildings and scenes, folder 10, image BS 23","Buildings and scenes, folder 10, image BS 23","Black and white photograph. Handwritten on verso, ""College Pasture used by American Locomotive as parking lot February 3, 1942 3:00 p.m.""","Yuen, Shui Kong, 1917-1992",Creator,"Union College (Schenectady, N.Y.) http://id.worldcat.org/fast/563176",,,1942-02-03,,"2 pages, 1 photograph : b&w ; 8 x 9.75 in. (20.32 x 24.77 cm)",Documentary photographs,In Copyright,"Box 5, Folder 10, Item BS 23",ZWU_SCA0228_B05_F10_BS023,2025-10-03
,34987,Image ,"Buildings and scenes, folder 10, image BS 24","Buildings and scenes, folder 10, image BS 24","Black and white photograph. Handwritten on verso, ""College Pasture used by American Locomotive as parking lot February 3, 1942 3:00 p.m.""","Yuen, Shui Kong, 1917-1992",Creator,"Union College (Schenectady, N.Y.) http://id.worldcat.org/fast/563176",,,1942-02-03,,"2 pages, 1 photograph : b&w ; 8 x 9.75 in. (20.32 x 24.77 cm)",Documentary photographs,In Copyright,"Box 5, Folder 10, Item BS 24",ZWU_SCA0228_B05_F10_BS024,2025-10-03
,34987,Image ,"Buildings and scenes, folder 10, image BS 25","Buildings and scenes, folder 10, image BS 25","Black and white photograph. Handwritten on verso, ""North College and College Pasture used by American Locomotive as car park February 3, 1942 3:00 p.m.""","Yuen, Shui Kong, 1917-1992",Creator,"Union College (Schenectady, N.Y.) http://id.worldcat.org/fast/563176",,,1942-02-03,,"2 pages, 1 photograph : b&w ; 8 x 9.75 in. (20.32 x 24.77 cm)",Documentary photographs,In Copyright,"Box 5, Folder 10, Item BS 25",ZWU_SCA0228_B05_F10_BS025,2025-10-03
,34987,Image ,"Buildings and scenes, folder 10, image BS 26","Buildings and scenes, folder 10, image BS 26","Black and white photograph. Handwritten on verso, ""Dr. Danton's House December 1940""","Yuen, Shui Kong, 1917-1992",Creator,"Union College (Schenectady, N.Y.) http://id.worldcat.org/fast/563176",,,1940-12-01,,"2 pages, 1 photograph : b&w ; 8 x 9.75 in. (20.32 x 24.77 cm)",Documentary photographs,In Copyright,"Box 5, Folder 10, Item BS 26",ZWU_SCA0228_B05_F10_BS026,2025-10-03
,34988,Image ,"Later Photographs, folder 11, image 1","Later Photographs, folder 11, item 1",Color photograph.,"Yuen, Shui Kong, 1917-1992",Creator,"Union College (Schenectady, N.Y.) http://id.worldcat.org/fast/563176",,,,ZWU_SCA0228_B05_F11_014,"2 pages, 1 photograph : color ; 3.5 x 5.125 in. (8.89 x 13.0175 cm)",Documentary photographs,In Copyright,"Box 5, folder 11, image 1",ZWU_SCA0228_B05_F11_001,2025-10-03
,34988,Image ,"Later Photographs, folder 11, image 2","Later Photographs, folder 11, item 2",Color photograph.,"Yuen, Shui Kong, 1917-1992",Creator,"Union College (Schenectady, N.Y.) http://id.worldcat.org/fast/563176",,,,ZWU_SCA0228_B05_F11_014,"2 pages, 1 photograph : color ; 3.5 x 5.125 in. (8.89 x 13.0175 cm)",Documentary photographs,In Copyright,"Box 5, folder 11, image 2",ZWU_SCA0228_B05_F11_002,2025-10-03
,34988,Image ,"Later Photographs, folder 11, image 3","Later Photographs, folder 11, item 3",Color photograph.,"Yuen, Shui Kong, 1917-1992",Creator,"Union College (Schenectady, N.Y.) http://id.worldcat.org/fast/563176",,,,ZWU_SCA0228_B05_F11_014,"2 pages, 1 photograph : color ; 3.5 x 5.125 in. (8.89 x 13.0175 cm)",Documentary photographs,In Copyright,"Box 5, folder 11, image 3",ZWU_SCA0228_B05_F11_003,2025-10-03
,34988,Image ,"Later Photographs, folder 11, image 4","Later Photographs, folder 11, item 4",Color photograph.,"Yuen, Shui Kong, 1917-1992",Creator,"Union College (Schenectady, N.Y.) http://id.worldcat.org/fast/563176",,,,ZWU_SCA0228_B05_F11_014,"2 pages, 1 photograph : color ; 3.5 x 5.125 in. (8.89 x 13.0175 cm)",Documentary photographs,In Copyright,"Box 5, folder 11, image 4",ZWU_SCA0228_B05_F11_004,2025-10-03
,34988,Image ,"Later Photographs, folder 11, image 5","Later Photographs, folder 11, item 5",Color photograph.,"Yuen, Shui Kong, 1917-1992",Creator,"Union College (Schenectady, N.Y.) http://id.worldcat.org/fast/563176",,,,ZWU_SCA0228_B05_F11_014,"2 pages, 1 photograph : color ; 3.5 x 5.125 in. (8.89 x 13.0175 cm)",Documentary photographs,In Copyright,"Box 5, folder 11, image 5",ZWU_SCA0228_B05_F11_005,2025-10-03
,34988,Image ,"Later Photographs, folder 11, image 7","Later Photographs, folder 11, item 7",Color photograph.,"Yuen, Shui Kong, 1917-1994",Creator,"Union College (Schenectady, N.Y.) http://id.worldcat.org/fast/563178",,,,ZWU_SCA0228_B05_F11_014,"2 pages, 1 photograph : color ; 3.5 x 5.125 in. (8.89 x 13.0175 cm)",Documentary photographs,In Copyright,"Box 5, folder 11, image 7",ZWU_SCA0228_B05_F11_007,2025-10-03
,34988,Image ,"Later Photographs, folder 11, image 11","Later Photographs, folder 11, item 11",Color photograph.,"Yuen, Shui Kong, 1917-1994",Creator,"Union College (Schenectady, N.Y.) http://id.worldcat.org/fast/563178",,,,ZWU_SCA0228_B05_F11_014,"2 pages, 1 photograph : color ; 3.5 x 5.125 in. (8.89 x 13.0175 cm)",,In Copyright,"Box 5, folder 11, image 11",ZWU_SCA0228_B05_F11_011,2025-10-03
,34988,Image ,"Later Photographs, folder 11, image 12","Later Photographs, folder 11, item 12",Color photograph.,"Yuen, Shui Kong, 1917-1994",Creator,"Union College (Schenectady, N.Y.) http://id.worldcat.org/fast/563178",,,,ZWU_SCA0228_B05_F11_014,"2 pages, 1 photograph : color ; 3.5 x 5.125 in. (8.89 x 13.0175 cm)",,In Copyright,"Box 5, folder 11, image 12",ZWU_SCA0228_B05_F11_012,2025-10-03
,34988,Image ,"Later Photographs, folder 11, image 13","Later Photographs, folder 11, item 13",Color photograph.,"Yuen, Shui Kong, 1917-1994",Creator,"Union College (Schenectady, N.Y.) http://id.worldcat.org/fast/563178",,,,ZWU_SCA0228_B05_F11_014,"2 pages, 1 photograph : color ; 3.5 x 5.125 in. (8.89 x 13.0175 cm)",,In Copyright,"Box 5, folder 11, image 13",ZWU_SCA0228_B05_F11_013,2025-10-03
,34988,Letter,"Later Photographs, folder 11, image 14","Later Photographs, folder 11, item 14","Letter from Shui Kong Yeun to Jean C.Pelletiere, Winter 1982. Opened envelope. Labelled in the top left corner, ""Mr. & Mrs. S. K. Yuen 120 Tung Lo Wan Road 2nd Floor Hong Kong."" Handwritten on front, ""Ms. Jean C. Pelletiere Director, Schaffer Library Union College Schenectady, N.Y. U. S. A. 12308 Photograph Please Do Not Bend"". Holiday card with color photograph and letter is written on loose paper.","Yuen, Shui Kong, 1917-1994",Creator,"Union College (Schenectady, N.Y.) http://id.worldcat.org/fast/563178",,,,ZWU_SCA0228_B05_F11_001; ZWU_SCA0228_B05_F11_002; ZWU_SCA0228_B05_F11_003; ZWU_SCA0228_B05_F11_004; ZWU_SCA0228_B05_F11_005; ZWU_SCA0228_B05_F11_007; ZWU_SCA0228_B05_F11_011; ZWU_SCA0228_B05_F11_012; ZWU_SCA0228_B05_F11_013,"7 pages, letter ; 3.5 x 5.125 in.  (8.89 x 13.0175 cm)",,In Copyright,"Box 5, folder 11, image 14",ZWU_SCA0228_B05_F11_014,2025-10-03
Shui Kong Yuen Photographs,34989,,,,Scrapbook of photographs from Shui Kong Yuen's time at Union College,"Yuen, Shui Kong, 1917-1992",Creator,"Union College (Schenectady, N.Y.) http://id.worldcat.org/fast/563176",,1940-1984?,,,Documentary photographs,In Copyright,Box 6,ZWU_SCA0228_B06,2025-10-03,ZWU_SCA0228_B06
,34989,,Scrapbook Cover,,,"Yuen, Shui Kong, 1917-1992",Creator,"Union College (Schenectady, N.Y.) http://id.worldcat.org/fast/563176",,,,"1 scrapbook (63 pages) : newspapers, black and white photographs ; 12 x 13 in. (30.48 x 33.02 cm) (scrapbook)",Documentary photographs,In Copyright,Box 6,ZWU_SCA0228_B06,2025-10-03,ZWU_SCA0228_B06_001
,34989,,Inside Cover,,,"Yuen, Shui Kong, 1917-1992",Creator,"Union College (Schenectady, N.Y.) http://id.worldcat.org/fast/563176",,,,"1 scrapbook (63 pages) : newspapers, black and white photographs ; 12 x 13 in. (30.48 x 33.02 cm) (scrapbook)",Documentary photographs,In Copyright,Box 6,ZWU_SCA0228_B06,2025-10-03,ZWU_SCA0228_B06_002
,34989,Image ,"Box 6, insert 1",,"Black and white photograph. Handwritten on recto in the bottom margin, ""Ed Ward ""Mac"" Yuen & Bob Nothacker Spring 1941"". Photo captioned with an explanation of the content of the scrapbook on small piece of paper below the photograph, ""This Collection of photographs of The Alpha Chapter of Delta Phi was taken and presented to the Fraternity by SHUI KONG ""MAC"" YUEN,A'41,U'42 June 1984","Yuen, Shui Kong, 1917-1992",Creator,"Union College (Schenectady, N.Y.) http://id.worldcat.org/fast/563176","Ward, Edward; Yuen, Shui Kong, 1917-1992; Nothacker, Robert W.",1940-1984,,"1 scrapbook (63 pages) : newspapers, black and white photographs ; 12 x 13 in. (30.48 x 33.02 cm) (scrapbook)",Documentary photographs,In Copyright,"Box 6, Insert 1",ZWU_SCA0228_B06,2025-10-03,ZWU_SCA0228_B06_003
,34989,Image ,"Box 6, insert 2",,"Black and white photograph of building, dated 1941","Yuen, Shui Kong, 1917-1992",Creator,"Union College (Schenectady, N.Y.) http://id.worldcat.org/fast/563176",,,,"1 scrapbook (63 pages) : newspapers, black and white photographs ; 12 x 13 in. (30.48 x 33.02 cm) (scrapbook)",Documentary photographs,In Copyright,"Box 6, Insert 2",ZWU_SCA0228_B06,2025-10-03,ZWU_SCA0228_B06_004
,34989,Image ,"Box 6, insert 3",,"Black and white photograph of building, dated 1941","Yuen, Shui Kong, 1917-1992",Creator,"Union College (Schenectady, N.Y.) http://id.worldcat.org/fast/563176",,,,"1 scrapbook (63 pages) : newspapers, black and white photographs ; 12 x 13 in. (30.48 x 33.02 cm) (scrapbook)",Documentary photographs,In Copyright,"Box 6, Insert 3",ZWU_SCA0228_B06,2025-10-03,ZWU_SCA0228_B06_005
,34989,Image ,"Box 6, insert 4",,"Black and white photograph of building, dated 1941","Yuen, Shui Kong, 1917-1992",Creator,"Union College (Schenectady, N.Y.) http://id.worldcat.org/fast/563176",,,,"1 scrapbook (63 pages) : newspapers, black and white photographs ; 12 x 13 in. (30.48 x 33.02 cm) (scrapbook)",Documentary photographs,In Copyright,"Box 6, Insert 4",ZWU_SCA0228_B06,2025-10-03,ZWU_SCA0228_B06_006
,34989,Image ,"Box 6, insert 5",,"Black and white photograph of a self portrait of Shui Kong ""Mac"" Yuen. Handwritten on recto, ""Shui Kong ""Mac"" Yuen Δɸ House May 1942"".","Yuen, Shui Kong, 1917-1992",Creator,"Union College (Schenectady, N.Y.) http://id.worldcat.org/fast/563176","Yuen, Shui Kong, 1917-1992",,,"1 scrapbook (63 pages) : newspapers, black and white photographs ; 12 x 13 in. (30.48 x 33.02 cm) (scrapbook)",Documentary photographs,In Copyright,"Box 6, Insert 5",ZWU_SCA0228_B06,2025-10-03,ZWU_SCA0228_B06_007
,34989,Image ,"Box 6, insert 6",,"Black and white photograph of a self portrait of Shui Kong ""Mac"" Yuen. Handwritten on recto, ""Shui Kong ""Mac"" Yuen 7 North Section, North College November 1940"". ","Yuen, Shui Kong, 1917-1992",Creator,"Union College (Schenectady, N.Y.) http://id.worldcat.org/fast/563176","Yuen, Shui Kong, 1917-1992",,1940-11-01,"1 scrapbook (63 pages) : newspapers, black and white photographs ; 12 x 13 in. (30.48 x 33.02 cm) (scrapbook)",Documentary photographs,In Copyright,"Box 6, Insert 6",ZWU_SCA0228_B06,2025-10-03,ZWU_SCA0228_B06_008
,34989,Image ,"Box 6, insert 7",,"Black and white photograph of Delta Phi Brothers. Labelled in the bottom left of image, ""Delta Phi Brothers Fall, 1941"". Handwritten on left side of recto, ""ZiMMER Plunket ""Chuck"" Hanoi Woodruff Bock Wells Webster, Weed, Taylor, Wells"". Handwritten on right side of recto, ""Woodward, Carpenter, Nothacker, YEUN. Stefic Mills Caswell""","Yuen, Shui Kong, 1917-1992",Creator,"Union College (Schenectady, N.Y.) http://id.worldcat.org/fast/563176","Zimmer, Judson; Plunkett, Richard; Bock, David; Wells, Daniel; Webster, Roy H.; Weed, George; Taylor, Willard H.; Wells, Daniel; Woodward, Clancy; Carpenter, Leo; Nothacker, Robert W.; Yuen, Shui Kong, 1917-1992; Stefic, Edward; Mills, Borden; Caswell, Robert, Jr",,,"1 scrapbook (63 pages) : newspapers, black and white photographs ; 12 x 13 in. (30.48 x 33.02 cm) (scrapbook)",Documentary photographs,In Copyright,"Box 6, Insert 7",ZWU_SCA0228_B06,2025-10-03,ZWU_SCA0228_B06_009
,34989,Image ,"Box 6, insert 8",,"Black and white photograph of Delta Phi Brothers. Labelled in the bottom left of image, ""Delta Phi Brothers Fall, 1941"".","Yuen, Shui Kong, 1917-1992",Creator,"Union College (Schenectady, N.Y.) http://id.worldcat.org/fast/563176",,,,"1 scrapbook (63 pages) : newspapers, black and white photographs ; 12 x 13 in. (30.48 x 33.02 cm) (scrapbook)",Documentary photographs,In Copyright,"Box 6, Insert 8",ZWU_SCA0228_B06,2025-10-03,ZWU_SCA0228_B06_010
,34989,Image ,"Box 6, insert 9",,"Labelled ""Delta Phi Brothers Spring, 1941"". Handwritten on recto, ""Wm. F. Walker Edward Ward George Weed Walter ""Pete"" Plummer Robert Malloy Dan. Wells Judd Zimmer Edwin Scantlebury Gordon Parker Robert ""Ben"" Lee Williard Taylor Cameron Jameson Wm. H. Walker Richard Wyatt Burton Ball Robert Nothacker Clancy Woodward Frank Thyne Dick Adams Robert Caswell Bob Nann Shui Kong ""Mac"" Yuen Richard Plunkett Austin White George Hemstead""","Yuen, Shui Kong, 1917-1992",Creator,"Union College (Schenectady, N.Y.) http://id.worldcat.org/fast/563176","Walker, William Frederick; Ward, Edward; Weed, George; Plummer, Walter Elmer; Malloy, Robert Armstrong; Wells, Daniel; Zimmer, Judson; Scantlebury, Edwin W.; Parker, Gordon; Lee, Robert; Taylor, Willard H.; Jameson, Cameron; Walker, William Harold.; Wyatt, Richard; Ball, Burton; Nothacker, Robert W.; Woodward, Clancy; Thyne, Frank; Adams, Richard; Caswell, Robert, Jr, Jr; Nann, Robert; Yuen, Shui Kong, 1917-1992; Plunkett, Richard; White, Austin; Hemstead, George",,,"1 scrapbook (63 pages) : newspapers, black and white photographs ; 12 x 13 in. (30.48 x 33.02 cm) (scrapbook)",Documentary photographs,In Copyright,"Box 6, Insert 9",ZWU_SCA0228_B06,2025-10-03,ZWU_SCA0228_B06_011
,34989,Image ,"Box 6, insert 10",,"Black and white photograph of Delta Phi Brothers. Labelled in the bottom left of image, ""Δɸ Members singing at Chapel  1941-42"".","Yuen, Shui Kong, 1917-1992",Creator,"Union College (Schenectady, N.Y.) http://id.worldcat.org/fast/563176",,,,"1 scrapbook (63 pages) : newspapers, black and white photographs ; 12 x 13 in. (30.48 x 33.02 cm) (scrapbook)",Documentary photographs,In Copyright,"Box 6, Insert 10",ZWU_SCA0228_B06,2025-10-03,ZWU_SCA0228_B06_012
,34989,Image ,"Box 6, insert 11",,"Black and white photograph. Labelled in the bottom left of image, ""Δɸ Dinner ? May 9, 1942"".","Yuen, Shui Kong, 1917-1992",Creator,"Union College (Schenectady, N.Y.) http://id.worldcat.org/fast/563176",,,,"1 scrapbook (63 pages) : newspapers, black and white photographs ; 12 x 13 in. (30.48 x 33.02 cm) (scrapbook)",Documentary photographs,In Copyright,"Box 6, Insert 11",ZWU_SCA0228_B06,2025-10-03,ZWU_SCA0228_B06_013
,34989,Image ,"Box 6, insert 12",,"Black and white photograph of new Delta Phi members. Labelled in the bottom left of image, ""New Members (1941-42)"".","Yuen, Shui Kong, 1917-1992",Creator,"Union College (Schenectady, N.Y.) http://id.worldcat.org/fast/563176",,,,"1 scrapbook (63 pages) : newspapers, black and white photographs ; 12 x 13 in. (30.48 x 33.02 cm) (scrapbook)",Documentary photographs,In Copyright,"Box 6, Insert 12",ZWU_SCA0228_B06,2025-10-03,ZWU_SCA0228_B06_014
,34989,Image ,"Box 6, insert 13",,"Handwritten on recto, ""Mills ""Chuck""? David Bock Ed. Steffic Bill Muzluft Carpenter"". Labelled at bottom of recto, ""New Members (1941-42)"".","Yuen, Shui Kong, 1917-1992",Creator,"Union College (Schenectady, N.Y.) http://id.worldcat.org/fast/563176","Mills, Borden; Bock, David; Stefic, Edward; Marzluff, William; Carpenter, Leo ",,,"1 scrapbook (63 pages) : newspapers, black and white photographs ; 12 x 13 in. (30.48 x 33.02 cm) (scrapbook)",Documentary photographs,In Copyright,"Box 6, Insert 13",ZWU_SCA0228_B06,2025-10-03,ZWU_SCA0228_B06_015
,34989,Image ,"Box 6, insert 14",,"Black and white photograph. Labelled at bottom left of image, ""Nothacker, Taylor & Nicholson"". Handwritten beneath, ""1942"".","Yuen, Shui Kong, 1917-1992",Creator,"Union College (Schenectady, N.Y.) http://id.worldcat.org/fast/563176","Nothacker, Robert W.; Taylor, Willard H.; Nicholson, Kenny",,,"1 scrapbook (63 pages) : newspapers, black and white photographs ; 12 x 13 in. (30.48 x 33.02 cm) (scrapbook)",Documentary photographs,In Copyright,"Box 6, Insert 14",ZWU_SCA0228_B06,2025-10-03,ZWU_SCA0228_B06_016
,34989,Image ,"Box 6, insert 15",,"Black and white photograph of Delta Phi Brothers. Labelled in the bottom left of image, ""Brother Waltor Rector addressing Alpha Chapter of Δɸ Meeting June 7, 1941"".","Yuen, Shui Kong, 1917-1992",Creator,"Union College (Schenectady, N.Y.) http://id.worldcat.org/fast/563176","Rector, Waltor",,,"1 scrapbook (63 pages) : newspapers, black and white photographs ; 12 x 13 in. (30.48 x 33.02 cm) (scrapbook)",Documentary photographs,In Copyright,"Box 6, Insert 15",ZWU_SCA0228_B06,2025-10-03,ZWU_SCA0228_B06_017
,34989,Image ,"Box 6, insert 16",,"Black and white photograph of graduating Delta Phi members. Labelled in the bottom left of image, ""Graduating Members of Delta Phi Class of 1941 June 9, 1941"".","Yuen, Shui Kong, 1917-1992",Creator,"Union College (Schenectady, N.Y.) http://id.worldcat.org/fast/563176",,,,"1 scrapbook (63 pages) : newspapers, black and white photographs ; 12 x 13 in. (30.48 x 33.02 cm) (scrapbook)",Documentary photographs,In Copyright,"Box 6, Insert 16",ZWU_SCA0228_B06,2025-10-03,ZWU_SCA0228_B06_018
,34989,Image ,"Box 6, insert 17",,"Handwritten on recto, ""Gordon Parker Austin White Wm. F. Walker Robert Malloy Walter Plummer Ronald Ostrander Edward Ward Wm. H. Walker Robert Rodwell George Hemstead"". Labelled at bottom of recto, ""Graduating Members of Delta Phi Class of 1941 June 9, 1941"".","Yuen, Shui Kong, 1917-1992",Creator,"Union College (Schenectady, N.Y.) http://id.worldcat.org/fast/563176","Parker, Gordon; White, Austin; Walker, William Frederick; Malloy, Robert Armstrong; Plummer, Walter Elmer; Ostrander, Ronald; Ward, Edward; Walker, William Harold; Rodwell, Robert; Hemstead, George; ",,,"1 scrapbook (63 pages) : newspapers, black and white photographs ; 12 x 13 in. (30.48 x 33.02 cm) (scrapbook)",Documentary photographs,In Copyright,"Box 6, Insert 17",ZWU_SCA0228_B06,2025-10-06,ZWU_SCA0228_B06_019
,34989,Image ,"Box 6, insert 18",,"Black and white photograph of a campus building, labelled ""May 1941"" in bottom left corner.","Yuen, Shui Kong, 1917-1992",Creator,"Union College (Schenectady, N.Y.) http://id.worldcat.org/fast/563176",,,,"1 scrapbook (63 pages) : newspapers, black and white photographs ; 12 x 13 in. (30.48 x 33.02 cm) (scrapbook)",Documentary photographs,In Copyright,"Box 6, Insert 18",ZWU_SCA0228_B06,2025-10-06,ZWU_SCA0228_B06_020
,34989,Image ,"Box 6, insert 19",,"Two black and white photographs of Delta Phi members. Handwritten on recto, ""Quarantine 1940"". Bottom photograph is labelled, ""Δɸ Quarantine December, 1940"".","Yuen, Shui Kong, 1917-1992",Creator,"Union College (Schenectady, N.Y.) http://id.worldcat.org/fast/563176",,,,"1 scrapbook (63 pages) : newspapers, black and white photographs ; 12 x 13 in. (30.48 x 33.02 cm) (scrapbook)",Documentary photographs,In Copyright,"Box 6, Insert 19",ZWU_SCA0228_B06,2025-10-06,ZWU_SCA0228_B06_021
,34989,Image ,"Box 6, insert 20",,"Two black and white photographs of new Delta Phi members. Handwritten on verso, ""MORE QUARANTINE - 1940"".","Yuen, Shui Kong, 1917-1992",Creator,"Union College (Schenectady, N.Y.) http://id.worldcat.org/fast/563176",,,,"1 scrapbook (63 pages) : newspapers, black and white photographs ; 12 x 13 in. (30.48 x 33.02 cm) (scrapbook)",Documentary photographs,In Copyright,"Box 6, Insert 20",ZWU_SCA0228_B06,2025-10-06,ZWU_SCA0228_B06_022
,34989,Image ,"Box 6, insert 21",,"Two black and white photographs of Delta Phi members. Handwritten on recto, ""MORE QUARANTINE"".","Yuen, Shui Kong, 1917-1992",Creator,"Union College (Schenectady, N.Y.) http://id.worldcat.org/fast/563176",,,,"1 scrapbook (63 pages) : newspapers, black and white photographs ; 12 x 13 in. (30.48 x 33.02 cm) (scrapbook)",Documentary photographs,In Copyright,"Box 6, Insert 21",ZWU_SCA0228_B06,2025-10-06,ZWU_SCA0228_B06_023
,34989,Image ,"Box 6, insert 22",,"Two black and white photographs of Delta Phi members. Handwritten on verso, ""QUARANTINE - A STUDY IN CONCENTRATION!""","Yuen, Shui Kong, 1917-1992",Creator,"Union College (Schenectady, N.Y.) http://id.worldcat.org/fast/563176",,,,"1 scrapbook (63 pages) : newspapers, black and white photographs ; 12 x 13 in. (30.48 x 33.02 cm) (scrapbook)",Documentary photographs,In Copyright,"Box 6, Insert 22",ZWU_SCA0228_B06,2025-10-06,ZWU_SCA0228_B06_024
,34989,Image ,"Box 6, insert 23",,"Two black and white photographs of Delta Phi members. Handwritten on recto, ""STILL IN QUARANTINE!"" and ""A FRIENDLY GAME OF HEARTS?""","Yuen, Shui Kong, 1917-1992",Creator,"Union College (Schenectady, N.Y.) http://id.worldcat.org/fast/563176",,,,"1 scrapbook (63 pages) : newspapers, black and white photographs ; 12 x 13 in. (30.48 x 33.02 cm) (scrapbook)",Documentary photographs,In Copyright,"Box 6, Insert 23",ZWU_SCA0228_B06,2025-10-06,ZWU_SCA0228_B06_025
,34989,Image ,"Box 6, insert 24",,"Two black and white photographs of Delta Phi members. Handwritten on verso, ""WILL THIS QUARANTINE NEVER END?""","Yuen, Shui Kong, 1917-1992",Creator,"Union College (Schenectady, N.Y.) http://id.worldcat.org/fast/563176",,,,"1 scrapbook (63 pages) : newspapers, black and white photographs ; 12 x 13 in. (30.48 x 33.02 cm) (scrapbook)",Documentary photographs,In Copyright,"Box 6, Insert 24",ZWU_SCA0228_B06,2025-10-06,ZWU_SCA0228_B06_026
,34989,Image ,"Box 6, insert 25",,"Two black and white photographs of Delta Phi members. Handwritten on recto, ""WELL, YOU CAN'T STUDY"" and ""AT LAST!!"" The photograph on the left is labelled, ""Δɸ Quarantine December, 1940 (THE END)""","Yuen, Shui Kong, 1917-1992",Creator,"Union College (Schenectady, N.Y.) http://id.worldcat.org/fast/563176",,,,"1 scrapbook (63 pages) : newspapers, black and white photographs ; 12 x 13 in. (30.48 x 33.02 cm) (scrapbook)",Documentary photographs,In Copyright,"Box 6, Insert 25",ZWU_SCA0228_B06,2025-10-06,ZWU_SCA0228_B06_027
,34989,Image ,"Box 6, insert 26",,"Black and white photograph. Labelled in the bottom left of image, ""Intramural Football Δɸ vs. October 1940"".","Yuen, Shui Kong, 1917-1992",Creator,"Union College (Schenectady, N.Y.) http://id.worldcat.org/fast/563176",,,,"1 scrapbook (63 pages) : newspapers, black and white photographs ; 12 x 13 in. (30.48 x 33.02 cm) (scrapbook)",Documentary photographs,In Copyright,"Box 6, Insert 26",ZWU_SCA0228_B06,2025-10-06,ZWU_SCA0228_B06_028
,34989,Image ,"Box 6, insert 27",,"Black and white photograph. Labelled in the bottom left of image, ""Intramural Football Δɸ vs. October 1940"".","Yuen, Shui Kong, 1917-1992",Creator,"Union College (Schenectady, N.Y.) http://id.worldcat.org/fast/563176",,,,"1 scrapbook (63 pages) : newspapers, black and white photographs ; 12 x 13 in. (30.48 x 33.02 cm) (scrapbook)",Documentary photographs,In Copyright,"Box 6, Insert 27",ZWU_SCA0228_B06,2025-10-06,ZWU_SCA0228_B06_029
,34989,Image ,"Box 6, insert 28",,"Two black and white photographs. Top photograph is labelled, ""Bob Nann Junior Prom, Spring 1941"". Handwritten on verso, below top photograph, ""With- BENNY GOODMAN ORCHESTRA"". Bottom photograph is labelled, ""Δɸ booth at the Junior Prom Spring, 1941"". Handwritten on verso, below bottom photograph, ""CLANCY WOODWARD BOB NANN WM WALKER II PETE PLUMMER HEMSTEAD"".","Yuen, Shui Kong, 1917-1992",Creator,"Union College (Schenectady, N.Y.) http://id.worldcat.org/fast/563176","Nann, Robert; Walker, William Harold; Plummer, Walter Elmer;  Hemstead, George",,,"1 scrapbook (63 pages) : newspapers, black and white photographs ; 12 x 13 in. (30.48 x 33.02 cm) (scrapbook)",Documentary photographs,In Copyright,"Box 6, Insert 28",ZWU_SCA0228_B06,2025-10-06,ZWU_SCA0228_B06_030
,34989,Image ,"Box 6, insert 29",,"Two black and white photographs. Handwritten on top photograph, """"Rustie"" White Apr. 18, 1941"". Handwritten on bottom photograph, ""Dick Wyatt 1941"".","Yuen, Shui Kong, 1917-1992",Creator,"Union College (Schenectady, N.Y.) http://id.worldcat.org/fast/563176","White, Austin; Wyatt, Richard; ",,,"1 scrapbook (63 pages) : newspapers, black and white photographs ; 12 x 13 in. (30.48 x 33.02 cm) (scrapbook)",Documentary photographs,In Copyright,"Box 6, Insert 29",ZWU_SCA0228_B06,2025-10-06,ZWU_SCA0228_B06_031
,34989,Image ,"Box 6, insert 30",,"Two black and white photographs. Handwritten on top photograph, ""Dick Plunkett 1941"". Handwritten on bottom photograph, ""Bill Walker I Spring 1941"".","Yuen, Shui Kong, 1917-1992",Creator,"Union College (Schenectady, N.Y.) http://id.worldcat.org/fast/563176","Plunkett, Richard; Walker, William Frederick ",,,"1 scrapbook (63 pages) : newspapers, black and white photographs ; 12 x 13 in. (30.48 x 33.02 cm) (scrapbook)",Documentary photographs,In Copyright,"Box 6, Insert 30",ZWU_SCA0228_B06,2025-10-06,ZWU_SCA0228_B06_032
,34989,Image ,"Box 6, insert 31",,"Two black and white photographs. Handwritten on top photograph, ""Roy Webster Feb. 1941"". Handwritten on bottom photograph, ""Ed Ward Spring 1941"".","Yuen, Shui Kong, 1917-1992",Creator,"Union College (Schenectady, N.Y.) http://id.worldcat.org/fast/563176","Webster, Roy H.; Ward, Edward",,,"1 scrapbook (63 pages) : newspapers, black and white photographs ; 12 x 13 in. (30.48 x 33.02 cm) (scrapbook)",Documentary photographs,In Copyright,"Box 6, Insert 31",ZWU_SCA0228_B06,2025-10-06,ZWU_SCA0228_B06_033
,34989,Image ,"Box 6, insert 32",,"Two black and white photographs. Handwritten on top photograph, ""Ronnie Ostrander Apr. 11, 1941"". Handwritten on bottom photograph, ""George Hemstead Apr. 18 1941"".","Yuen, Shui Kong, 1917-1992",Creator,"Union College (Schenectady, N.Y.) http://id.worldcat.org/fast/563176","Ostrander, Ronald; Hemstead, George",,,"1 scrapbook (63 pages) : newspapers, black and white photographs ; 12 x 13 in. (30.48 x 33.02 cm) (scrapbook)",Documentary photographs,In Copyright,"Box 6, Insert 32",ZWU_SCA0228_B06,2025-10-06,ZWU_SCA0228_B06_034
,34989,Image ,"Box 6, insert 33",,"Two black and white photographs. Handwritten on top photograph, ""Ed Steffie 4/19/42"". Handwritten on bottom photograph, ""Bill Marzluff Apr, 1943"".","Yuen, Shui Kong, 1917-1992",Creator,"Union College (Schenectady, N.Y.) http://id.worldcat.org/fast/563176","Stefic, Edward; Marzluff, William",,,"1 scrapbook (63 pages) : newspapers, black and white photographs ; 12 x 13 in. (30.48 x 33.02 cm) (scrapbook)",Documentary photographs,In Copyright,"Box 6, Insert 33",ZWU_SCA0228_B06,2025-10-06,ZWU_SCA0228_B06_035
,34989,Image ,"Box 6, insert 34",,"Two black and white photographs. Labelled on top photograph, ""Weed"". Handwritten on top photograph, ""At Johns Hopkins 4/2/41"". Labelled on bottom photograph, ""Ward"". Handwritten on bottom photograph, ""At Johns Hopkins 4/2/41"".","Yuen, Shui Kong, 1917-1992",Creator,"Union College (Schenectady, N.Y.) http://id.worldcat.org/fast/563176","Weed, George; Ward, Edward",,,"1 scrapbook (63 pages) : newspapers, black and white photographs ; 12 x 13 in. (30.48 x 33.02 cm) (scrapbook)",Documentary photographs,In Copyright,"Box 6, Insert 34",ZWU_SCA0228_B06,2025-10-06,ZWU_SCA0228_B06_036
,34989,Image ,"Box 6, insert 35",,"Two black and white photographs. Top photograph labelled, ""Nothacker"". Handwritten on top photograph, ""At Johns Hopkins 4/2/41"". Bottom photograph labelled, ""Malloy"". Handwritten on bottom photograph, ""At Johns Hopkins 4/2/41"".","Yuen, Shui Kong, 1917-1992",Creator,"Union College (Schenectady, N.Y.) http://id.worldcat.org/fast/563176","Nothacker, Robert W.; Malloy, Robert Armstrong",,,"1 scrapbook (63 pages) : newspapers, black and white photographs ; 12 x 13 in. (30.48 x 33.02 cm) (scrapbook)",Documentary photographs,In Copyright,"Box 6, Insert 35",ZWU_SCA0228_B06,2025-10-06,ZWU_SCA0228_B06_037
,34989,Image ,"Box 6, insert 36",,"Two black and white photographs. Handwritten on top photograph, ""Bill Walker II June 9, 1941"". Handwritten on bottom photograph, ""Clancy Woodward Spring, 1941"".","Yuen, Shui Kong, 1917-1992",Creator,"Union College (Schenectady, N.Y.) http://id.worldcat.org/fast/563176","Walker, William Harold; Woodward, Clancy;",,,"1 scrapbook (63 pages) : newspapers, black and white photographs ; 12 x 13 in. (30.48 x 33.02 cm) (scrapbook)",Documentary photographs,In Copyright,"Box 6, Insert 36",ZWU_SCA0228_B06,2025-10-06,ZWU_SCA0228_B06_038
,34989,Image ,"Box 6, insert 37",,"Two black and white photographs. Top photograph labelled, ""Roy Webster Class Day May 8, 1942"". Bottom photograph labelled, ""George Weed & Burt Ball Class Day April, 1943"".","Yuen, Shui Kong, 1917-1992",Creator,"Union College (Schenectady, N.Y.) http://id.worldcat.org/fast/563176","Webster, Roy H.; Weed, George; Ball, Burton",,,"1 scrapbook (63 pages) : newspapers, black and white photographs ; 12 x 13 in. (30.48 x 33.02 cm) (scrapbook)",Documentary photographs,In Copyright,"Box 6, Insert 37",ZWU_SCA0228_B06,2025-10-06,ZWU_SCA0228_B06_039
,34989,Image ,"Box 6, insert 38",,"Two black and white photographs. Top photograph labelled, ""Prof. Langsom, President Fox, Dean Garis Roy Webster receiving award at PRIZE DAY April 22, 1942"". Bottom photograph labelled, ""Bill Taylor"". Handwritten on bottom photograph, ""5/9/42"".","Yuen, Shui Kong, 1917-1992",Creator,"Union College (Schenectady, N.Y.) http://id.worldcat.org/fast/563176","Langsam, Walter Consuelo, 1906-1985; Fox, Dixon Ryan, 1887-1945; Garis, Charles F. F.; Webster, Roy H.; Taylor, Willard H.",,,"1 scrapbook (63 pages) : newspapers, black and white photographs ; 12 x 13 in. (30.48 x 33.02 cm) (scrapbook)",Documentary photographs,In Copyright,"Box 6, Insert 38",ZWU_SCA0228_B06,2025-10-06,ZWU_SCA0228_B06_040
,34989,Image ,"Box 6, insert 39",,"Black and white photograph. Labelled in the bottom left of image, ""Jud Zimmer, Jim McNulty & friends at the Dance -- Dec., 1943"".","Yuen, Shui Kong, 1917-1992",Creator,"Union College (Schenectady, N.Y.) http://id.worldcat.org/fast/563176","Zimmer, Judson; McNulty, Jim",,,"1 scrapbook (63 pages) : newspapers, black and white photographs ; 12 x 13 in. (30.48 x 33.02 cm) (scrapbook)",Documentary photographs,In Copyright,"Box 6, Insert 39",ZWU_SCA0228_B06,2025-10-06,ZWU_SCA0228_B06_041
,34989,Image ,"Box 6, insert 40",,"Two black and white photographs. Left photograph labelled, ""Joe Paul & Ed Ward"". Handwritten on left photograph, ""Football Game 1940"". Right photograph labelled, ""Bob Malloy"". Handwritten on right photograph, ""Union - Haverford Game 1940"". ","Yuen, Shui Kong, 1917-1992",Creator,"Union College (Schenectady, N.Y.) http://id.worldcat.org/fast/563176","Paul, Joe; Ward, Edward; Malloy, Robert Armstrong",,,"1 scrapbook (63 pages) : newspapers, black and white photographs ; 12 x 13 in. (30.48 x 33.02 cm) (scrapbook)",Documentary photographs,In Copyright,"Box 6, Insert 40",ZWU_SCA0228_B06,2025-10-06,ZWU_SCA0228_B06_042
,34989,Image ,"Box 6, insert 41",,"Black and white photograph of a building. Labelled in the bottom left of image, ""1941"".","Yuen, Shui Kong, 1917-1992",Creator,"Union College (Schenectady, N.Y.) http://id.worldcat.org/fast/563176",,,,"1 scrapbook (63 pages) : newspapers, black and white photographs ; 12 x 13 in. (30.48 x 33.02 cm) (scrapbook)",Documentary photographs,In Copyright,"Box 6, Insert 41",ZWU_SCA0228_B06,2025-10-06,ZWU_SCA0228_B06_043
,34989,Image ,"Box 6, insert 42",,"Two black and white photographs. Handwritten on top photograph, ""Mrs. Cameron Affectionately known by all Delta Phis as ""Mother"" Cameron Borden Mills on right"". Handwritten on bottom photograph, ""Ed Cameron '87 ALPHA '83"". ","Yuen, Shui Kong, 1917-1992",Creator,"Union College (Schenectady, N.Y.) http://id.worldcat.org/fast/563176","Cameron, Mary; Mills, Borden; Cameron, Ed",,,"1 scrapbook (63 pages) : newspapers, black and white photographs ; 12 x 13 in. (30.48 x 33.02 cm) (scrapbook)",Documentary photographs,In Copyright,"Box 6, Insert 42",ZWU_SCA0228_B06,2025-10-06,ZWU_SCA0228_B06_044
,34989,Image ,"Box 6, insert 43",,"Two black and white photographs. Top photograph labelled, ""Δɸ brothers at Mr. Ed. Cameron's home"". Handwritten on top photograph, ""173 Western Ave, Albany, N.Y."" Handwritten on bottom photograph, ""Δɸ Dinner Party at the Cameron's home in Albany, N.Y.""","Yuen, Shui Kong, 1917-1992",Creator,"Union College (Schenectady, N.Y.) http://id.worldcat.org/fast/563176","Cameron, Ed",,,"1 scrapbook (63 pages) : newspapers, black and white photographs ; 12 x 13 in. (30.48 x 33.02 cm) (scrapbook)",Documentary photographs,In Copyright,"Box 6, Insert 43",ZWU_SCA0228_B06,2025-10-06,ZWU_SCA0228_B06_045
,34989,Image ,"Box 6, insert 44",,"Two black and white photographs. Top photograph labelled, ""Dave Bock & Mac Yuen Jackson's Garden"". Handwritten on top photograph, ""Aug. 1945 At the Δɸ SUN Dial presented to the college on the 100th anniversary of the founding of the fraternity at UNION College Nov. 17, 1827"". Bottom photograph labelled, ""Bob, Bill Taylor, Joe Paul & Ed Ward"". Handwritten on bottom photograph, ""Spring 1940 its been a hard day!"" ","Yuen, Shui Kong, 1917-1992",Creator,"Union College (Schenectady, N.Y.) http://id.worldcat.org/fast/563176","Bock, David; Yuen, Shui Kong, 1917-1992",,,"1 scrapbook (63 pages) : newspapers, black and white photographs ; 12 x 13 in. (30.48 x 33.02 cm) (scrapbook)",Documentary photographs,In Copyright,"Box 6, Insert 44",ZWU_SCA0228_B06,2025-10-06,ZWU_SCA0228_B06_046
,34989,Image ,"Box 6, insert 45",,"Two black and white photographs. Top photograph labelled, ""October 16, 1941"".  Bottom photograph labelled, ""1943"". Handwritten on bottom photograph, ""Δɸ BROTHERS - CLASS of 1943"" ","Yuen, Shui Kong, 1917-1992",Creator,"Union College (Schenectady, N.Y.) http://id.worldcat.org/fast/563176",,,,"1 scrapbook (63 pages) : newspapers, black and white photographs ; 12 x 13 in. (30.48 x 33.02 cm) (scrapbook)",Documentary photographs,In Copyright,"Box 6, Insert 45",ZWU_SCA0228_B06,2025-10-06,ZWU_SCA0228_B06_047
,34989,Image ,"Box 6, insert 46",,"Two black and white photographs. Top photograph labelled, ""George Weed posing for the artist November, 1941"".  Bottom photograph labelled, ""Orchester played at Δɸ House Dance Junior Prom Weekend Spring 1941"". ","Yuen, Shui Kong, 1917-1992",Creator,"Union College (Schenectady, N.Y.) http://id.worldcat.org/fast/563176","Weed, George",,,"1 scrapbook (63 pages) : newspapers, black and white photographs ; 12 x 13 in. (30.48 x 33.02 cm) (scrapbook)",Documentary photographs,In Copyright,"Box 6, Insert 46",ZWU_SCA0228_B06,2025-10-06,ZWU_SCA0228_B06_048
,34989,Image ,"Box 6, insert 47",,"Black and white photograph of a building. Labelled in the bottom left of image, ""Spring 1941"".","Yuen, Shui Kong, 1917-1992",Creator,"Union College (Schenectady, N.Y.) http://id.worldcat.org/fast/563176",,,,"1 scrapbook (63 pages) : newspapers, black and white photographs ; 12 x 13 in. (30.48 x 33.02 cm) (scrapbook)",Documentary photographs,In Copyright,"Box 6, Insert 47",ZWU_SCA0228_B06,2025-10-06,ZWU_SCA0228_B06_049
,34989,Image ,"Box 6, insert 48",,"Two black and white photographs. Handwritten on top photograph, """"Hell"" Week - Feb. 16, 1942"". Bottom photograph labelled, ""Hell Week February 16, 1942"". ","Yuen, Shui Kong, 1917-1992",Creator,"Union College (Schenectady, N.Y.) http://id.worldcat.org/fast/563176",,,,"1 scrapbook (63 pages) : newspapers, black and white photographs ; 12 x 13 in. (30.48 x 33.02 cm) (scrapbook)",Documentary photographs,In Copyright,"Box 6, Insert 48",ZWU_SCA0228_B06,2025-10-06,ZWU_SCA0228_B06_050
,34989,Image ,"Box 6, insert 49",,"Two black and white photographs. Handwritten on top photograph, ""Hell Week - Feb. 16, 1942"". Handwritten on bottom photograph, """"Hell"" Week - Feb. 16, 1942"". ","Yuen, Shui Kong, 1917-1992",Creator,"Union College (Schenectady, N.Y.) http://id.worldcat.org/fast/563176",,,,"1 scrapbook (63 pages) : newspapers, black and white photographs ; 12 x 13 in. (30.48 x 33.02 cm) (scrapbook)",Documentary photographs,In Copyright,"Box 6, Insert 49",ZWU_SCA0228_B06,2025-10-06,ZWU_SCA0228_B06_051
,34989,Image ,"Box 6, insert 50",,"Two black and white photographs. Top photograph labelled, """"Pete"" Plummer"". Handwritten on top photograph, ""Spring 1941"". Bottom photograph labelled, ""Dick Adams & Bob Nothacker"" Handwritten on bottom photograph, ""4/18/41"". ","Yuen, Shui Kong, 1917-1992",Creator,"Union College (Schenectady, N.Y.) http://id.worldcat.org/fast/563176","Plummer, Walter Elmer; Adams, Richard; Nothacker, Robert W.",,,"1 scrapbook (63 pages) : newspapers, black and white photographs ; 12 x 13 in. (30.48 x 33.02 cm) (scrapbook)",Documentary photographs,In Copyright,"Box 6, Insert 50",ZWU_SCA0228_B06,2025-10-06,ZWU_SCA0228_B06_052
,34989,Image ,"Box 6, insert 51",,"Black and white photograph. Labelled in the bottom left of image, ""Pre-Hamilton Game Nov. 15, 1940"".","Yuen, Shui Kong, 1917-1992",Creator,"Union College (Schenectady, N.Y.) http://id.worldcat.org/fast/563176",,,,"1 scrapbook (63 pages) : newspapers, black and white photographs ; 12 x 13 in. (30.48 x 33.02 cm) (scrapbook)",Documentary photographs,In Copyright,"Box 6, Insert 51",ZWU_SCA0228_B06,2025-10-06,ZWU_SCA0228_B06_053
,34989,Image ,"Box 6, insert 52",,"Two black and white photographs. Top photograph labelled, ""Anticipating the R.P.I. boys the night before UNION-R.P.I. Games 1941"". Handwritten on bottom photograph, """"Patiently"" waiting for them to show up!"". ","Yuen, Shui Kong, 1917-1992",Creator,"Union College (Schenectady, N.Y.) http://id.worldcat.org/fast/563176",,,,"1 scrapbook (63 pages) : newspapers, black and white photographs ; 12 x 13 in. (30.48 x 33.02 cm) (scrapbook)",Documentary photographs,In Copyright,"Box 6, Insert 52",ZWU_SCA0228_B06,2025-10-06,ZWU_SCA0228_B06_054
,34989,Image ,"Box 6, insert 53",,"Two black and white photographs. Top photograph labelled, ""Catching the R.P.I. boys the night before UNION-R.P.I. game 1941"". Bottom photograph labelled, ""Giving the ""CAPTIVE"" a haircut"". Handwritten on bottom photograph, ""RPI student ""captured"" on UNION campus night before UNION-RPI football game 1941"". ","Yuen, Shui Kong, 1917-1992",Creator,"Union College (Schenectady, N.Y.) http://id.worldcat.org/fast/563176",,,,"1 scrapbook (63 pages) : newspapers, black and white photographs ; 12 x 13 in. (30.48 x 33.02 cm) (scrapbook)",Documentary photographs,In Copyright,"Box 6, Insert 53",ZWU_SCA0228_B06,2025-10-06,ZWU_SCA0228_B06_055
,34989,Image ,"Box 6, insert 54",,"Two black and white photographs. Top photograph labelled, ""Δɸ booth at the Junior Prom April 10, 1942"". Handwritten on bottom photograph, ""SHARPENING HIS EYE FOR MATH!"". ","Yuen, Shui Kong, 1917-1992",Creator,"Union College (Schenectady, N.Y.) http://id.worldcat.org/fast/563176",,,,"1 scrapbook (63 pages) : newspapers, black and white photographs ; 12 x 13 in. (30.48 x 33.02 cm) (scrapbook)",Documentary photographs,In Copyright,"Box 6, Insert 54",ZWU_SCA0228_B06,2025-10-06,ZWU_SCA0228_B06_056
,34989,Image ,"Box 6, insert 55",,"Black and white photograph. Handwritten on the bottom of image, ""Bob Nothacker & Ted Scantlebury Dec. 1940"".","Yuen, Shui Kong, 1917-1992",Creator,"Union College (Schenectady, N.Y.) http://id.worldcat.org/fast/563176","Nothacker, Robert W.; Scantlebury, Edwin W.",,,"1 scrapbook (63 pages) : newspapers, black and white photographs ; 12 x 13 in. (30.48 x 33.02 cm) (scrapbook)",Documentary photographs,In Copyright,"Box 6, Insert 55",ZWU_SCA0228_B06,2025-10-06,ZWU_SCA0228_B06_057
,34989,Image ,"Box 6, insert 56",,"Black and white photograph of building. Labelled in the bottom left of image, ""1941"".","Yuen, Shui Kong, 1917-1992",Creator,"Union College (Schenectady, N.Y.) http://id.worldcat.org/fast/563176",,,,"1 scrapbook (63 pages) : newspapers, black and white photographs ; 12 x 13 in. (30.48 x 33.02 cm) (scrapbook)",Documentary photographs,In Copyright,"Box 6, Insert 56",ZWU_SCA0228_B06,2025-10-06,ZWU_SCA0228_B06_058
,34989,Image ,"Box 6, insert 57",,"Black and white photograph of building. Labelled in the bottom left of image, ""February 1,1941"".","Yuen, Shui Kong, 1917-1992",Creator,"Union College (Schenectady, N.Y.) http://id.worldcat.org/fast/563176",,,,"1 scrapbook (63 pages) : newspapers, black and white photographs ; 12 x 13 in. (30.48 x 33.02 cm) (scrapbook)",Documentary photographs,In Copyright,"Box 6, Insert 57",ZWU_SCA0228_B06,2025-10-06,ZWU_SCA0228_B06_059
,34989,Image ,"Box 6, insert 58",,"Black and white photograph of building. Labelled in the bottom of image, ""Presentation of the College Chair to the Class of 1927 For the highest percentage of Donors and Contributions to the 72nd Union College Annual Fund October 1984 John S. Morris, President Union College, Arnold I Burns,President Board of Trustees Charles B.Cameron A'24 U'27,Past Class President This ""Mac"" Yuen Collection was compiled and mounted by Charlie Cameron"".","Yuen, Shui Kong, 1917-1992",Creator,"Union College (Schenectady, N.Y.) http://id.worldcat.org/fast/563176","Morris, John S.; Burns, Arnold I. (Arnold Irwin), 1930-2013; Cameron, Charles B",,,"1 scrapbook (63 pages) : newspapers, black and white photographs ; 12 x 13 in. (30.48 x 33.02 cm) (scrapbook)",Documentary photographs,In Copyright,"Box 6, Insert 58",ZWU_SCA0228_B06,2025-10-06,ZWU_SCA0228_B06_060
,34989,Image ,"Box 6, insert 59",Blank page,,,,,,,,"1 scrapbook (63 pages) : newspapers, black and white photographs ; 12 x 13 in. (30.48 x 33.02 cm) (scrapbook)",Documentary photographs,In Copyright,"Box 6, Insert 59",ZWU_SCA0228_B06,2025-10-06,ZWU_SCA0228_B06_061
,,,Inside Back Cover,,,,,,,,,"1 scrapbook (63 pages) : newspapers, black and white photographs ; 12 x 13 in. (30.48 x 33.02 cm) (scrapbook)",Documentary photographs,In Copyright,Box 6 ,ZWU_SCA0228_B06,2025-10-06,ZWU_SCA0228_B06_062
,34989,Image ,Scrapbook Back Cover,,,,,,,,,"1 scrapbook (63 pages) : newspapers, black and white photographs ; 12 x 13 in. (30.48 x 33.02 cm) (scrapbook)",Documentary photographs,In Copyright,Box 6 ,ZWU_SCA0228_B06,2025-10-06,ZWU_SCA0228_B06_063
Shui Kong Yuen Photographs,,Image ,"Box 7, image 1","Box 7, image 1","Black and white photograph of building. Labeled on recto, ""1941 Kappa Sigma. 1001 Union Street""","Yuen, Shui Kong, 1917-1992",Creator,"Union College (Schenectady, N.Y.) http://id.worldcat.org/fast/563176",,,1 photograph : b&w ; 10.88 x 13.68 in. (27.635 x 34.747 cm),Documentary photographs,In Copyright,"Box 7, image 1",ZWU_SCA0228_B07_001,10-06-2025,ZWU_SCA0228_B07_001,
,,Image ,"Box 7, image 2","Box 7, image 2","Black and white photograph of building. Labeled on recto, ""1941 Phi Kappa Sigma 201 Seward Place.""","Yuen, Shui Kong, 1917-1992",Creator,"Union College (Schenectady, N.Y.) http://id.worldcat.org/fast/563176",,,1 photograph : b&w ; 10.88 x 13.68 in. (27.635 x 34.747 cm),Documentary photographs,In Copyright,"Box 7, image 2",ZWU_SCA0228_B07_002,10-06-2025,ZWU_SCA0228_B07_002,
,,Image ,"Box 7, image 3","Box 7, image 3","Black and white photograph of building. Labeled on recto, ""1941 Theta Delta Chi 103 Seward Place"".","Yuen, Shui Kong, 1917-1992",Creator,"Union College (Schenectady, N.Y.) http://id.worldcat.org/fast/563176",,,1 photograph : b&w ; 10.88 x 12.5 in. (27.635 x 31.75 cm),Documentary photographs,In Copyright,"Box 7, image 3",ZWU_SCA0228_B07_003,10-06-2025,ZWU_SCA0228_B07_003,
,,Image ,"Box 7, image 4","Box 7, image 4","Black and white photograph of building. Labeled on recto, ""1941 Delta Phi on Lenox Road""","Yuen, Shui Kong, 1917-1992",Creator,"Union College (Schenectady, N.Y.) http://id.worldcat.org/fast/563176",,,1 photograph : b&w ; 10.88 x 13.375 in. (27.635 x 33.973 cm),Documentary photographs,In Copyright,"Box 7, image 4",ZWU_SCA0228_B07_004,10-06-2025,ZWU_SCA0228_B07_004,
,,Image ,"Box 7, image 5","Box 7, image 5","Black and white photograph of building. Labeled on recto, ""1941 Sigma Phi.""","Yuen, Shui Kong, 1917-1992",Creator,"Union College (Schenectady, N.Y.) http://id.worldcat.org/fast/563176",,,1 photograph : b&w ; 9.188 x 13.68 in. (23.338 x 34.747 cm),Documentary photographs,In Copyright,"Box 7, image 5",ZWU_SCA0228_B07_005,10-06-2025,ZWU_SCA0228_B07_005,
,,Image ,"Box 7, image 6","Box 7, image 6","Black and white photograph of building. Labeled on recto, ""1941 Silliman Hall."" Handwritten on recto, ""Shui Kong Yuen '42""","Yuen, Shui Kong, 1917-1992",Creator,"Union College (Schenectady, N.Y.) http://id.worldcat.org/fast/563176",,,1 photograph : b&w ; 10.88 x 13.68 in. (27.635 x 34.747 cm),Documentary photographs,In Copyright,"Box 7, image 6",ZWU_SCA0228_B07_006,10-06-2025,ZWU_SCA0228_B07_006,
,,Image ,"Box 7, image 7","Box 7, image 7","Black and white photograph of building. Labeled on recto, ""1941 Washburn Hall.""","Yuen, Shui Kong, 1917-1992",Creator,"Union College (Schenectady, N.Y.) http://id.worldcat.org/fast/563176",,,1 photograph : b&w ; 9.188 x 13.563 in. (23.338 x 34.45 cm),Documentary photographs,In Copyright,"Box 7, image 7",ZWU_SCA0228_B07_007,10-06-2025,ZWU_SCA0228_B07_007,
,,Image ,"Box 7, image 8","Box 7, image 8","Black and white photograph of building. Labeled on recto, ""1941 Washburn Hall"". Handwritten on recto, ""Shui Kong Yuen '42""","Yuen, Shui Kong, 1917-1992",Creator,"Union College (Schenectady, N.Y.) http://id.worldcat.org/fast/563176",,,1 photograph : b&w ; 10.88 x 13.68 in. (27.635 x 34.747 cm),Documentary photographs,In Copyright,"Box 7, image 8",ZWU_SCA0228_B07_008,10-06-2025,ZWU_SCA0228_B07_008,
,,Image ,"Box 7, image 9","Box 7, image 9","Black and white photograph of building. Labeled on recto, ""1941 North College Faculty residence: Prof. Peter I. Wold. (left) and Dean C. F. F. Garis (center foreground)"". Handwritten on recto, ""Shui Kong Yuen '42""","Yuen, Shui Kong, 1917-1992",Creator,"Union College (Schenectady, N.Y.) http://id.worldcat.org/fast/563176",,,1 photograph : b&w ; 10.88 x 13.68 in. (27.635 x 34.747 cm),Documentary photographs,In Copyright,"Box 7, image 9",ZWU_SCA0228_B07_009,10-06-2025,ZWU_SCA0228_B07_009,
,,Image ,"Box 7, image 10","Box 7, image 10","Black and white photograph of building. Labeled on recto, ""1941 Memorial Chapel Left background: Alpha Delta Phi Right background: Silliman Hall and one corner of Old Gym Hall."" Handwritten on recto, ""Shui Kong Yuen '42""","Yuen, Shui Kong, 1917-1992",Creator,"Union College (Schenectady, N.Y.) http://id.worldcat.org/fast/563176",,,1 photograph : b&w ; 10.88 x 13.68 in. (27.635 x 34.747 cm),Documentary photographs,In Copyright,"Box 7, image 10",ZWU_SCA0228_B07_010,10-06-2025,ZWU_SCA0228_B07_010,
,,Image ,"Box 7, image 11","Box 7, image 11","Black and white photograph of building. On detached label, ""1941 Civil Engineering Bldg."" Handwritten on recto, ""Shui Kong Yuen '42""","Yuen, Shui Kong, 1917-1992",Creator,"Union College (Schenectady, N.Y.) http://id.worldcat.org/fast/563176",,,1 photograph : b&w ; 10.88 x 13.68 in. (27.635 x 34.747 cm),Documentary photographs,In Copyright,"Box 7, image 11",ZWU_SCA0228_B07_011,10-06-2025,ZWU_SCA0228_B07_011,
,,Image ,"Box 7, image 12","Box 7, image 12","Black and white photograph of building. On detached label, ""1941 View toward Nott St. North College on right. Foreground residence: Dean C. F. F. Garis. Farther residence: Prof. Peter I. Wold."" Handwritten on recto, ""Shui Kong Yuen '42""","Yuen, Shui Kong, 1917-1992",Creator,"Union College (Schenectady, N.Y.) http://id.worldcat.org/fast/563176",,,1 photograph : b&w ; 10.88 x 13.68 in. (27.635 x 34.747 cm),Documentary photographs,In Copyright,"Box 7, image 12",ZWU_SCA0228_B07_012,10-06-2025,ZWU_SCA0228_B07_012,
,,Image ,"Box 7, image 13","Box 7, image 13","Black and white photograph of building. On detached label, ""1941 Chemistry Bldg. (East front)"",","Yuen, Shui Kong, 1917-1992",Creator,"Union College (Schenectady, N.Y.) http://id.worldcat.org/fast/563176",,,1 photograph : b&w ; 10.63 x 10.75 in. (27 x 27.3 cm),Documentary photographs,In Copyright,"Box 7, image 13",ZWU_SCA0228_B07_013,10-06-2025,ZWU_SCA0228_B07_013,
,,Image ,"Box 7, image 14","Box 7, image 14","Black and white photograph of building. Labeled on recto, ""1941 Rear of North College Building (left to right): Greenhouse, Physics, Botany."" Handwritten on recto, ""Shui Kong Yuen '42""","Yuen, Shui Kong, 1917-1992",Creator,"Union College (Schenectady, N.Y.) http://id.worldcat.org/fast/563176",,,1 photograph : b&w ; 10.88 x 13.68 in. (27.635 x 34.747 cm),Documentary photographs,In Copyright,"Box 7, image 14",ZWU_SCA0228_B07_014,10-06-2025,ZWU_SCA0228_B07_014,
,,Image ,"Box 7, image 15","Box 7, image 15","Black and white photograph of building. Labeled on recto, ""1941 Left to right, Administra-tion building, Silliman Hall, Old Gym Hall."" Handwritten on recto, ""Shui Kong Yuen '42""","Yuen, Shui Kong, 1917-1992",Creator,"Union College (Schenectady, N.Y.) http://id.worldcat.org/fast/563176",,,1 photograph : b&w ; 10.88 x 13.68 in. (27.635 x 34.747 cm),Documentary photographs,In Copyright,"Box 7, image 15",ZWU_SCA0228_B07_015,10-06-2025,ZWU_SCA0228_B07_015,
,,Image ,"Box 7, image 16","Box 7, image 16","Black and white photograph of building. Labeled on recto, ""1941 Left to right: Alumni Gymnasium, Bailey Hall and Chemistry Building. Steeple of St. John's Church in the background. Hockey rink and board track in center foreground."" Handwritten on recto, ""Shui Kong Yuen '42""","Yuen, Shui Kong, 1917-1992",Creator,"Union College (Schenectady, N.Y.) http://id.worldcat.org/fast/563176",,,1 photograph : b&w ; 10.88 x 13.68 in. (27.635 x 34.747 cm),Documentary photographs,In Copyright,"Box 7, image 16",ZWU_SCA0228_B07_016,10-06-2025,ZWU_SCA0228_B07_016,
,,Image ,"Box 7, image 17","Box 7, image 17","Black and white photograph of building. On detached label, ""1941 Nott Memorial Library Washburn Hall in background"". Handwritten on recto, ""Shui Kong Yuen '42""","Yuen, Shui Kong, 1917-1992",Creator,"Union College (Schenectady, N.Y.) http://id.worldcat.org/fast/563176",,,1 photograph : b&w ; 10.88 x 13.68 in. (27.635 x 34.747 cm),Documentary photographs,In Copyright,"Box 7, image 17",ZWU_SCA0228_B07_017,10-06-2025,ZWU_SCA0228_B07_017,
,,Image ,"Box 7, image 18","Box 7, image 18","Black and white photograph of building. On detached label, ""1941 Nott Memorial Library Washburn Hall in background"". Handwritten on recto, ""Shui Kong Yuen '42""","Yuen, Shui Kong, 1917-1992",Creator,"Union College (Schenectady, N.Y.) http://id.worldcat.org/fast/563176",,,1 photograph : b&w ; 10.88 x 13.68 in. (27.635 x 34.747 cm),Documentary photographs,In Copyright,"Box 7, image 18",ZWU_SCA0228_B07_018,10-06-2025,ZWU_SCA0228_B07_018,
Shui Kong Yuen Photographs,,,,,"Scrapbook of photographs from Shui Kong Yuen's time at Union College. Four blank leaves not scanned at beginning of scrapbook. Between pages 3 and 4, there are four blank leaves not scanned. Between inserts 13 and 14, two blank leaves were not scanned. Between inserts 17 and 18, five blank leaves were not scanned. ","Yuen, Shui Kong, 1917-1992",Creator,"Union College (Schenectady, N.Y.) http://id.worldcat.org/fast/563176",,,,"1 scrapbook (40 pages) : envelopes, letters, newspapers, black and white photographs ; 10.5 x 13.625 in (26.67 x 34.608 cm) (scrapbook)",Documentary photographs,In Copyright,"Box 8, item 1",ZWU_SCA0228_B08_01,,10-13-2025
,,,Shiu Kong Yuen Scrapbook 8.1 cover,Shiu Kong Yuen Scrapbook 8.1 cover,,"Yuen, Shui Kong, 1917-1992",Creator,"Union College (Schenectady, N.Y.) http://id.worldcat.org/fast/563176",,,,"1 scrapbook (40 pages) : envelopes, letters, newspapers, black and white photographs ; 10.5 x 13.625 in (26.67 x 34.608 cm) (scrapbook)",Documentary photographs,In Copyright,"Box 8, item 1",ZWU_SCA0228_B08_01,ZWU_SCA0228_B08_01_001,10-13-2025
,,,Shiu Kong Yuen Scrapbook 8.1 inside cover,Shiu Kong Yuen Scrapbook 8.1 inside cover,"Inside scrapbook cover with sticker label in the top right corner labelled, ""S. K. Yuen"" along with Chinese characters.","Yuen, Shui Kong, 1917-1992",Creator,"Union College (Schenectady, N.Y.) http://id.worldcat.org/fast/563176",,,,"1 scrapbook (40 pages) : envelopes, letters, newspapers, black and white photographs ; 10.5 x 13.625 in (26.67 x 34.608 cm) (scrapbook)",Documentary photographs,In Copyright,"Box 8, item 1",ZWU_SCA0228_B08_01,ZWU_SCA0228_B08_01_002,10-13-2025
,,,"Shiu Kong Yuen Scrapbook 8.1, page 1","Shiu Kong Yuen Scrapbook 8.1, page 1","Black, blank page","Yuen, Shui Kong, 1917-1992",Creator,"Union College (Schenectady, N.Y.) http://id.worldcat.org/fast/563176",,,,"1 scrapbook (40 pages) : envelopes, letters, newspapers, black and white photographs ; 10.5 x 13.625 in (26.67 x 34.608 cm) (scrapbook)",Documentary photographs,In Copyright,"Box 8, item 1",ZWU_SCA0228_B08_01,ZWU_SCA0228_B08_01_003,10-13-2025
,,,"Shiu Kong Yuen Scrapbook 8.1, page 2","Shiu Kong Yuen Scrapbook 8.1, page 2","Black, blank page","Yuen, Shui Kong, 1917-1992",Creator,"Union College (Schenectady, N.Y.) http://id.worldcat.org/fast/563176",,,,"1 scrapbook (40 pages) : envelopes, letters, newspapers, black and white photographs ; 10.5 x 13.625 in (26.67 x 34.608 cm) (scrapbook)",Documentary photographs,In Copyright,"Box 8, item 1",ZWU_SCA0228_B08_01,ZWU_SCA0228_B08_01_004,10-13-2025
,,,"Shiu Kong Yuen Scrapbook 8.1, page 3","Shiu Kong Yuen Scrapbook 8.1, page 3","Black, blank page","Yuen, Shui Kong, 1917-1992",Creator,"Union College (Schenectady, N.Y.) http://id.worldcat.org/fast/563176",,,,"1 scrapbook (40 pages) : envelopes, letters, newspapers, black and white photographs ; 10.5 x 13.625 in (26.67 x 34.608 cm) (scrapbook)",Documentary photographs,In Copyright,"Box 8, item 1",ZWU_SCA0228_B08_01,ZWU_SCA0228_B08_01_005,10-13-2025
,,,"Shiu Kong Yuen Scrapbook 8.1, page 4","Shiu Kong Yuen Scrapbook 8.1, page 4","Black, blank page","Yuen, Shui Kong, 1917-1992",Creator,"Union College (Schenectady, N.Y.) http://id.worldcat.org/fast/563176",,,,"1 scrapbook (40 pages) : envelopes, letters, newspapers, black and white photographs ; 10.5 x 13.625 in (26.67 x 34.608 cm) (scrapbook)",Documentary photographs,In Copyright,"Box 8, item 1",ZWU_SCA0228_B08_01,ZWU_SCA0228_B08_01_006,10-13-2025
,,,"Shiu Kong Yuen Scrapbook 8.1, page 5, Memorial Chapel 1","Shiu Kong Yuen Scrapbook 8.1, page 5, Memorial Chapel 1",Black and white photo of Memorial Chapel,"Yuen, Shui Kong, 1917-1992",Creator,"Union College (Schenectady, N.Y.) http://id.worldcat.org/fast/563176",,,,"1 scrapbook (40 pages) : envelopes, letters, newspapers, black and white photographs ; 10.5 x 13.625 in (26.67 x 34.608 cm) (scrapbook)",Documentary photographs,In Copyright,"Box 8, item 1",ZWU_SCA0228_B08_01,ZWU_SCA0228_B08_01_007,10-13-2025
,,,"Shiu Kong Yuen Scrapbook 8.1, page 6, Memorial Chapel 2","Shiu Kong Yuen Scrapbook 8.1, page 6, Memorial Chapel 2","Black, blank page","Yuen, Shui Kong, 1917-1992",Creator,"Union College (Schenectady, N.Y.) http://id.worldcat.org/fast/563176",,,,"1 scrapbook (40 pages) : envelopes, letters, newspapers, black and white photographs ; 10.5 x 13.625 in (26.67 x 34.608 cm) (scrapbook)",Documentary photographs,In Copyright,"Box 8, item 1",ZWU_SCA0228_B08_01,ZWU_SCA0228_B08_01_008,10-13-2025
,,,"Shiu Kong Yuen Scrapbook 8.1, page 6, Memorial Chapel 2","Shiu Kong Yuen Scrapbook 8.1, page 6, Memorial Chapel 2",Black and white photo of Memorial Chapel,"Yuen, Shui Kong, 1917-1992",Creator,"Union College (Schenectady, N.Y.) http://id.worldcat.org/fast/563176",,,,"1 scrapbook (40 pages) : envelopes, letters, newspapers, black and white photographs ; 10.5 x 13.625 in (26.67 x 34.608 cm) (scrapbook)",Documentary photographs,In Copyright,"Box 8, item 1",ZWU_SCA0228_B08_01,ZWU_SCA0228_B08_01_009,10-13-2025
,,,"Shiu Kong Yuen Scrapbook 8.1, page 7","Shiu Kong Yuen Scrapbook 8.1, page 7","Black, blank page","Yuen, Shui Kong, 1917-1992",Creator,"Union College (Schenectady, N.Y.) http://id.worldcat.org/fast/563176",,,,"1 scrapbook (40 pages) : envelopes, letters, newspapers, black and white photographs ; 10.5 x 13.625 in (26.67 x 34.608 cm) (scrapbook)",Documentary photographs,In Copyright,"Box 8, item 1",ZWU_SCA0228_B08_01,ZWU_SCA0228_B08_01_010,10-13-2025
,,,"Shiu Kong Yuen Scrapbook 8.1, page 8,North College looking south","Shiu Kong Yuen Scrapbook 8.1, page 8,North College looking south","Black and white photo of North College, looking south.","Yuen, Shui Kong, 1917-1992",Creator,"Union College (Schenectady, N.Y.) http://id.worldcat.org/fast/563176",,,,"1 scrapbook (40 pages) : envelopes, letters, newspapers, black and white photographs ; 10.5 x 13.625 in (26.67 x 34.608 cm) (scrapbook)",Documentary photographs,In Copyright,"Box 8, item 1",ZWU_SCA0228_B08_01,ZWU_SCA0228_B08_01_011,10-13-2025
,,,"Shiu Kong Yuen Scrapbook 8.1, page 9","Shiu Kong Yuen Scrapbook 8.1, page 9","Black, blank page","Yuen, Shui Kong, 1917-1992",Creator,"Union College (Schenectady, N.Y.) http://id.worldcat.org/fast/563176",,,,"1 scrapbook (40 pages) : envelopes, letters, newspapers, black and white photographs ; 10.5 x 13.625 in (26.67 x 34.608 cm) (scrapbook)",Documentary photographs,In Copyright,"Box 8, item 1",ZWU_SCA0228_B08_01,ZWU_SCA0228_B08_01_012,10-13-2025
,,,"Shiu Kong Yuen Scrapbook 8.1, page 10","Shiu Kong Yuen Scrapbook 8.1, page 10",Black and white photo of Union College building,"Yuen, Shui Kong, 1917-1992",Creator,"Union College (Schenectady, N.Y.) http://id.worldcat.org/fast/563176",,,,"1 scrapbook (40 pages) : envelopes, letters, newspapers, black and white photographs ; 10.5 x 13.625 in (26.67 x 34.608 cm) (scrapbook)",Documentary photographs,In Copyright,"Box 8, item 1",ZWU_SCA0228_B08_01,ZWU_SCA0228_B08_01_013,10-13-2025
,,,"Shiu Kong Yuen Scrapbook 8.1, page 11","Shiu Kong Yuen Scrapbook 8.1, page 11","Black, blank page","Yuen, Shui Kong, 1917-1992",Creator,"Union College (Schenectady, N.Y.) http://id.worldcat.org/fast/563176",,,,"1 scrapbook (40 pages) : envelopes, letters, newspapers, black and white photographs ; 10.5 x 13.625 in (26.67 x 34.608 cm) (scrapbook)",Documentary photographs,In Copyright,"Box 8, item 1",ZWU_SCA0228_B08_01,ZWU_SCA0228_B08_01_014,10-13-2025
,,,"Shiu Kong Yuen Scrapbook 8.1, page 12, snow covered athletics field with Alumni Gymnasium","Shiu Kong Yuen Scrapbook 8.1, page 12, snow covered athletics field with Alumni Gymnasium",Black and white photo of snow covered athletics field with Alumni Gymnasium in the background.,"Yuen, Shui Kong, 1917-1992",Creator,"Union College (Schenectady, N.Y.) http://id.worldcat.org/fast/563176",,,,"1 scrapbook (40 pages) : envelopes, letters, newspapers, black and white photographs ; 10.5 x 13.625 in (26.67 x 34.608 cm) (scrapbook)",Documentary photographs,In Copyright,"Box 8, item 1",ZWU_SCA0228_B08_01,ZWU_SCA0228_B08_01_015,10-13-2025
,,,"Shiu Kong Yuen Scrapbook 8.1, page 13","Shiu Kong Yuen Scrapbook 8.1, page 13","Black, blank page","Yuen, Shui Kong, 1917-1992",Creator,"Union College (Schenectady, N.Y.) http://id.worldcat.org/fast/563176",,,,"1 scrapbook (40 pages) : envelopes, letters, newspapers, black and white photographs ; 10.5 x 13.625 in (26.67 x 34.608 cm) (scrapbook)",Documentary photographs,In Copyright,"Box 8, item 1",ZWU_SCA0228_B08_01,ZWU_SCA0228_B08_01_016,10-13-2025
,,,"Shiu Kong Yuen Scrapbook 8.1, page 14, Feignbaum Hall in Winter","Shiu Kong Yuen Scrapbook 8.1, page 14, Feignbaum Hall in Winter",Black and white photo of Feignbaum Hall in winter.,"Yuen, Shui Kong, 1917-1992",Creator,"Union College (Schenectady, N.Y.) http://id.worldcat.org/fast/563176",,,,"1 scrapbook (40 pages) : envelopes, letters, newspapers, black and white photographs ; 10.5 x 13.625 in (26.67 x 34.608 cm) (scrapbook)",Documentary photographs,In Copyright,"Box 8, item 1",ZWU_SCA0228_B08_01,ZWU_SCA0228_B08_01_017,10-13-2025
,,,"Shiu Kong Yuen Scrapbook 8.1, page 15","Shiu Kong Yuen Scrapbook 8.1, page 15","Black, blank page","Yuen, Shui Kong, 1917-1992",Creator,"Union College (Schenectady, N.Y.) http://id.worldcat.org/fast/563176",,,,"1 scrapbook (40 pages) : envelopes, letters, newspapers, black and white photographs ; 10.5 x 13.625 in (26.67 x 34.608 cm) (scrapbook)",Documentary photographs,In Copyright,"Box 8, item 1",ZWU_SCA0228_B08_01,ZWU_SCA0228_B08_01_018,10-13-2025
,,,"Shiu Kong Yuen Scrapbook 8.1, page 16, Feignbaum Hall","Shiu Kong Yuen Scrapbook 8.1, page 16, Feignbaum Hall",Black and white photo of Feignbaum Hall.,"Yuen, Shui Kong, 1917-1992",Creator,"Union College (Schenectady, N.Y.) http://id.worldcat.org/fast/563176",,,,"1 scrapbook (40 pages) : envelopes, letters, newspapers, black and white photographs ; 10.5 x 13.625 in (26.67 x 34.608 cm) (scrapbook)",Documentary photographs,In Copyright,"Box 8, item 1",ZWU_SCA0228_B08_01,ZWU_SCA0228_B08_01_019,10-13-2025
,,,"Shiu Kong Yuen Scrapbook 8.1, page 17","Shiu Kong Yuen Scrapbook 8.1, page 17","Black, blank page","Yuen, Shui Kong, 1917-1992",Creator,"Union College (Schenectady, N.Y.) http://id.worldcat.org/fast/563176",,,,"1 scrapbook (40 pages) : envelopes, letters, newspapers, black and white photographs ; 10.5 x 13.625 in (26.67 x 34.608 cm) (scrapbook)",Documentary photographs,In Copyright,"Box 8, item 1",ZWU_SCA0228_B08_01,ZWU_SCA0228_B08_01_020,10-13-2025
,,,"Shiu Kong Yuen Scrapbook 8.1, page 18","Shiu Kong Yuen Scrapbook 8.1, page 18","Black and white photograph of George Washington, Trylon and Perisphere, and water feature at the 1939 New York World's Fair at night.","Yuen, Shui Kong, 1917-1992",Creator,"Union College (Schenectady, N.Y.) http://id.worldcat.org/fast/563176",,,,"1 scrapbook (40 pages) : envelopes, letters, newspapers, black and white photographs ; 10.5 x 13.625 in (26.67 x 34.608 cm) (scrapbook)",Documentary photographs,In Copyright,"Box 8, item 1",ZWU_SCA0228_B08_01,ZWU_SCA0228_B08_01_021,10-13-2025
,,,"Shiu Kong Yuen Scrapbook 8.1, page 19","Shiu Kong Yuen Scrapbook 8.1, page 19","Black, blank page","Yuen, Shui Kong, 1917-1992",Creator,"Union College (Schenectady, N.Y.) http://id.worldcat.org/fast/563176",,,,"1 scrapbook (40 pages) : envelopes, letters, newspapers, black and white photographs ; 10.5 x 13.625 in (26.67 x 34.608 cm) (scrapbook)",Documentary photographs,In Copyright,"Box 8, item 1",ZWU_SCA0228_B08_01,ZWU_SCA0228_B08_01_022,10-13-2025
,,,"Shiu Kong Yuen Scrapbook 8.1, page 20","Shiu Kong Yuen Scrapbook 8.1, page 20",Black and white photograph of the Trylon and Perisphere at the 1939 New York World's Fair at night.,"Yuen, Shui Kong, 1917-1992",Creator,"Union College (Schenectady, N.Y.) http://id.worldcat.org/fast/563176",,,,"1 scrapbook (40 pages) : envelopes, letters, newspapers, black and white photographs ; 10.5 x 13.625 in (26.67 x 34.608 cm) (scrapbook)",Documentary photographs,In Copyright,"Box 8, item 1",ZWU_SCA0228_B08_01,ZWU_SCA0228_B08_01_023,10-13-2025
,,,"Shiu Kong Yuen Scrapbook 8.1, page 21","Shiu Kong Yuen Scrapbook 8.1, page 21","Black, blank page","Yuen, Shui Kong, 1917-1992",Creator,"Union College (Schenectady, N.Y.) http://id.worldcat.org/fast/563176",,,,"1 scrapbook (40 pages) : envelopes, letters, newspapers, black and white photographs ; 10.5 x 13.625 in (26.67 x 34.608 cm) (scrapbook)",Documentary photographs,In Copyright,"Box 8, item 1",ZWU_SCA0228_B08_01,ZWU_SCA0228_B08_01_024,10-13-2025
,,,"Shiu Kong Yuen Scrapbook 8.1, page 22, fireworks","Shiu Kong Yuen Scrapbook 8.1, page 22, fireworks",Black and white photograph of fireworks.,"Yuen, Shui Kong, 1917-1992",Creator,"Union College (Schenectady, N.Y.) http://id.worldcat.org/fast/563176",,,,"1 scrapbook (40 pages) : envelopes, letters, newspapers, black and white photographs ; 10.5 x 13.625 in (26.67 x 34.608 cm) (scrapbook)",Documentary photographs,In Copyright,"Box 8, item 1",ZWU_SCA0228_B08_01,ZWU_SCA0228_B08_01_025,10-13-2025
,,,"Shiu Kong Yuen Scrapbook 8.1, page 23","Shiu Kong Yuen Scrapbook 8.1, page 23","Black, blank page","Yuen, Shui Kong, 1917-1992",Creator,"Union College (Schenectady, N.Y.) http://id.worldcat.org/fast/563176",,,,"1 scrapbook (40 pages) : envelopes, letters, newspapers, black and white photographs ; 10.5 x 13.625 in (26.67 x 34.608 cm) (scrapbook)",Documentary photographs,In Copyright,"Box 8, item 1",ZWU_SCA0228_B08_01,ZWU_SCA0228_B08_01_026,10-13-2025
,,,"Shiu Kong Yuen Scrapbook 8.1, page 24, Supreme Court Building","Shiu Kong Yuen Scrapbook 8.1, page 24, Supreme Court Building",Black and white photograph of the Supreme Court Building.,"Yuen, Shui Kong, 1917-1992",Creator,"Union College (Schenectady, N.Y.) http://id.worldcat.org/fast/563176",,,,"1 scrapbook (40 pages) : envelopes, letters, newspapers, black and white photographs ; 10.5 x 13.625 in (26.67 x 34.608 cm) (scrapbook)",Documentary photographs,In Copyright,"Box 8, item 1",ZWU_SCA0228_B08_01,ZWU_SCA0228_B08_01_027,10-13-2025
,,,"Shiu Kong Yuen Scrapbook 8.1, page 25","Shiu Kong Yuen Scrapbook 8.1, page 25","Black, blank page","Yuen, Shui Kong, 1917-1992",Creator,"Union College (Schenectady, N.Y.) http://id.worldcat.org/fast/563176",,,,"1 scrapbook (40 pages) : envelopes, letters, newspapers, black and white photographs ; 10.5 x 13.625 in (26.67 x 34.608 cm) (scrapbook)",Documentary photographs,In Copyright,"Box 8, item 1",ZWU_SCA0228_B08_01,ZWU_SCA0228_B08_01_028,10-13-2025
,,,"Shiu Kong Yuen Scrapbook 8.1, page 26","Shiu Kong Yuen Scrapbook 8.1, page 26",Black and white photograph of the Radio City Music Hall.,"Yuen, Shui Kong, 1917-1992",Creator,"Union College (Schenectady, N.Y.) http://id.worldcat.org/fast/563176",,,,"1 scrapbook (40 pages) : envelopes, letters, newspapers, black and white photographs ; 10.5 x 13.625 in (26.67 x 34.608 cm) (scrapbook)",Documentary photographs,In Copyright,"Box 8, item 1",ZWU_SCA0228_B08_01,ZWU_SCA0228_B08_01_029,10-13-2025
,,,"Shiu Kong Yuen Scrapbook 8.1, page 27","Shiu Kong Yuen Scrapbook 8.1, page 27","Black, blank page","Yuen, Shui Kong, 1917-1992",Creator,"Union College (Schenectady, N.Y.) http://id.worldcat.org/fast/563176",,,,"1 scrapbook (40 pages) : envelopes, letters, newspapers, black and white photographs ; 10.5 x 13.625 in (26.67 x 34.608 cm) (scrapbook)",Documentary photographs,In Copyright,"Box 8, item 1",ZWU_SCA0228_B08_01,ZWU_SCA0228_B08_01_030,10-13-2025
,,,"Shiu Kong Yuen Scrapbook 8.1, page 28","Shiu Kong Yuen Scrapbook 8.1, page 28",Black and white photograph of neon beverage sign (Narragansett).,"Yuen, Shui Kong, 1917-1992",Creator,"Union College (Schenectady, N.Y.) http://id.worldcat.org/fast/563176",,,1941,"1 scrapbook (40 pages) : envelopes, letters, newspapers, black and white photographs ; 10.5 x 13.625 in (26.67 x 34.608 cm) (scrapbook)",Documentary photographs,In Copyright,"Box 8, item 1",ZWU_SCA0228_B08_01,ZWU_SCA0228_B08_01_031,10-13-2025
,,,"Shiu Kong Yuen Scrapbook 8.1, page 29","Shiu Kong Yuen Scrapbook 8.1, page 29","Black, blank page","Yuen, Shui Kong, 1917-1992",Creator,"Union College (Schenectady, N.Y.) http://id.worldcat.org/fast/563176",,,,"1 scrapbook (40 pages) : envelopes, letters, newspapers, black and white photographs ; 10.5 x 13.625 in (26.67 x 34.608 cm) (scrapbook)",Documentary photographs,In Copyright,"Box 8, item 1",ZWU_SCA0228_B08_01,ZWU_SCA0228_B08_01_032,10-13-2025
,,,"Shiu Kong Yuen Scrapbook 8.1, page 30","Shiu Kong Yuen Scrapbook 8.1, page 30",Black and white photograph of an unknown cathedral.,"Yuen, Shui Kong, 1917-1992",Creator,"Union College (Schenectady, N.Y.) http://id.worldcat.org/fast/563176",,,,"1 scrapbook (40 pages) : envelopes, letters, newspapers, black and white photographs ; 10.5 x 13.625 in (26.67 x 34.608 cm) (scrapbook)",Documentary photographs,In Copyright,"Box 8, item 1",ZWU_SCA0228_B08_01,ZWU_SCA0228_B08_01_033,10-13-2025
,,,"Shiu Kong Yuen Scrapbook 8.1, page 31","Shiu Kong Yuen Scrapbook 8.1, page 31","Black, blank page","Yuen, Shui Kong, 1917-1992",Creator,"Union College (Schenectady, N.Y.) http://id.worldcat.org/fast/563176",,,,"1 scrapbook (40 pages) : envelopes, letters, newspapers, black and white photographs ; 10.5 x 13.625 in (26.67 x 34.608 cm) (scrapbook)",Documentary photographs,In Copyright,"Box 8, item 1",ZWU_SCA0228_B08_01,ZWU_SCA0228_B08_01_034,10-13-2025
,,,"Shiu Kong Yuen Scrapbook 8.1, page 32","Shiu Kong Yuen Scrapbook 8.1, page 32",Black and white photograph of building with Chinese statue column.,"Yuen, Shui Kong, 1917-1992",Creator,"Union College (Schenectady, N.Y.) http://id.worldcat.org/fast/563176",,,,"1 scrapbook (40 pages) : envelopes, letters, newspapers, black and white photographs ; 10.5 x 13.625 in (26.67 x 34.608 cm) (scrapbook)",Documentary photographs,In Copyright,"Box 8, item 1",ZWU_SCA0228_B08_01,ZWU_SCA0228_B08_01_035,10-13-2025
,,,"Shiu Kong Yuen Scrapbook 8.1, page 33","Shiu Kong Yuen Scrapbook 8.1, page 33","Black, blank page","Yuen, Shui Kong, 1917-1992",Creator,"Union College (Schenectady, N.Y.) http://id.worldcat.org/fast/563176",,,,"1 scrapbook (40 pages) : envelopes, letters, newspapers, black and white photographs ; 10.5 x 13.625 in (26.67 x 34.608 cm) (scrapbook)",Documentary photographs,In Copyright,"Box 8, item 1",ZWU_SCA0228_B08_01,ZWU_SCA0228_B08_01_036,10-13-2025
,,,"Shiu Kong Yuen Scrapbook 8.1, page 34","Shiu Kong Yuen Scrapbook 8.1, page 34",Black and white photograph of Gloucester Fisherman's Memorial.,"Yuen, Shui Kong, 1917-1992",Creator,"Union College (Schenectady, N.Y.) http://id.worldcat.org/fast/563176",,,,"1 scrapbook (40 pages) : envelopes, letters, newspapers, black and white photographs ; 10.5 x 13.625 in (26.67 x 34.608 cm) (scrapbook)",Documentary photographs,In Copyright,"Box 8, item 1",ZWU_SCA0228_B08_01,ZWU_SCA0228_B08_01_037,10-13-2025
,,,"Shiu Kong Yuen Scrapbook 8.1, page 35","Shiu Kong Yuen Scrapbook 8.1, page 35","Black, blank page","Yuen, Shui Kong, 1917-1992",Creator,"Union College (Schenectady, N.Y.) http://id.worldcat.org/fast/563176",,,,"1 scrapbook (40 pages) : envelopes, letters, newspapers, black and white photographs ; 10.5 x 13.625 in (26.67 x 34.608 cm) (scrapbook)",Documentary photographs,In Copyright,"Box 8, item 1",ZWU_SCA0228_B08_01,ZWU_SCA0228_B08_01_038,10-13-2025
,,,"Shiu Kong Yuen Scrapbook 8.1, back inside cover","Shiu Kong Yuen Scrapbook 8.1, back inside cover",,"Yuen, Shui Kong, 1917-1992",Creator,"Union College (Schenectady, N.Y.) http://id.worldcat.org/fast/563176",,,,"1 scrapbook (40 pages) : envelopes, letters, newspapers, black and white photographs ; 10.5 x 13.625 in (26.67 x 34.608 cm) (scrapbook)",Documentary photographs,In Copyright,"Box 8, item 1",ZWU_SCA0228_B08_01,ZWU_SCA0228_B08_01_039,10-13-2025
,,,"Shiu Kong Yuen Scrapbook 8.1, scrapbook back cover","Shiu Kong Yuen Scrapbook 8.1, scrapbook back cover",,"Yuen, Shui Kong, 1917-1992",Creator,"Union College (Schenectady, N.Y.) http://id.worldcat.org/fast/563176",,,,"1 scrapbook (40 pages) : envelopes, letters, newspapers, black and white photographs ; 10.5 x 13.625 in (26.67 x 34.608 cm) (scrapbook)",Documentary photographs,In Copyright,"Box 8, item 1",ZWU_SCA0228_B08_01,ZWU_SCA0228_B08_01_040,10-13-2025
Shui Kong Yuen Photographs,,,,,Scrapbook of photographs from Shui Kong Yuen's time at Union College.,"Yuen, Shui Kong, 1917-1992",Creator,"Union College (Schenectady, N.Y.) http://id.worldcat.org/fast/563176",,,,,Documentary photographs,In Copyright,"Box 8, item 2",ZWU_SCA0228_B08_02,,
,,,Shiu Kong Yuen Scrapbook 8.2 cover,Shiu Kong Yuen Scrapbook 8.2 cover,"Faded garnett scrapbook cover with monogrammed Union College ""U"" and official seal in gold lettering. ","Yuen, Shui Kong, 1917-1992",Creator,"Union College (Schenectady, N.Y.) http://id.worldcat.org/fast/563176",,,,"1 scrapbook (55 pages) : envelopes, letters, newspapers, black and white photographs ; 10 x 13 in (25.4 x 33.02 cm) (scrapbook)",Documentary photographs,In Copyright,"Box 8, item 2",ZWU_SCA0228_B08_02,ZWU_SCA0228_B08_02_001,10-22-2025
,,,Shiu Kong Yuen Scrapbook 8.2 inside cover,Shiu Kong Yuen Scrapbook 8.2 inside cover,Inside cover,"Yuen, Shui Kong, 1917-1992",Creator,"Union College (Schenectady, N.Y.) http://id.worldcat.org/fast/563176",,,,"1 scrapbook (55 pages) : envelopes, letters, newspapers, black and white photographs ; 10 x 13 in (25.4 x 33.02 cm) (scrapbook)",Documentary photographs,In Copyright,"Box 8, item 2",ZWU_SCA0228_B08_02,ZWU_SCA0228_B08_02_002,10-22-2025
,,,"Shiu Kong Yuen Scrapbook 8.2, page 1, Nott Memorial Library at Night","Shiu Kong Yuen Scrapbook 8.2, page 1, Nott Memorial Library at Night",Loose black and white photograph of the Nott Memorial at Night.,"Yuen, Shui Kong, 1917-1992",Creator,"Union College (Schenectady, N.Y.) http://id.worldcat.org/fast/563176",,,,"1 scrapbook (55 pages) : envelopes, letters, newspapers, black and white photographs ; 10 x 13 in (25.4 x 33.02 cm) (scrapbook)",Documentary photographs,In Copyright,"Box 8, item 2",ZWU_SCA0228_B08_02,ZWU_SCA0228_B08_02_003,10-22-2025
,,,"Shiu Kong Yuen Scrapbook 8.2, page 2","Shiu Kong Yuen Scrapbook 8.2, page 2",Two loose black and white photographs. Top photograph is of the Nott Memorial Library during winter. Bottom photograph is of North College.,"Yuen, Shui Kong, 1917-1992",Creator,"Union College (Schenectady, N.Y.) http://id.worldcat.org/fast/563176",,,,"1 scrapbook (55 pages) : envelopes, letters, newspapers, black and white photographs ; 10 x 13 in (25.4 x 33.02 cm) (scrapbook)",Documentary photographs,In Copyright,"Box 8, item 2",ZWU_SCA0228_B08_02,ZWU_SCA0228_B08_02_004,10-22-2025
,,,"Shiu Kong Yuen Scrapbook 8.2, page 3, Yuen and friends","Shiu Kong Yuen Scrapbook 8.2, page 3, Yuen and friends",Loose black and white photograph of Shui Kong Yuen with two other men.,"Yuen, Shui Kong, 1917-1992",Creator,"Union College (Schenectady, N.Y.) http://id.worldcat.org/fast/563176",,,,"1 scrapbook (55 pages) : envelopes, letters, newspapers, black and white photographs ; 10 x 13 in (25.4 x 33.02 cm) (scrapbook)",Documentary photographs,In Copyright,"Box 8, item 2",ZWU_SCA0228_B08_02,ZWU_SCA0228_B08_02_005,10-22-2025
,,,"Shiu Kong Yuen Scrapbook 8.2, page 4","Shiu Kong Yuen Scrapbook 8.2, page 4","Newspaper clipping of news headline, ""LACROSSEMEN WIN; Stickmen Down Lafayette for First Win Since '38;"" handwritten on the clipping, ""April 27, '40"". Seven black and white photographs of lacrosse game. ","Yuen, Shui Kong, 1917-1992",Creator,"Union College (Schenectady, N.Y.) http://id.worldcat.org/fast/563176",,,1940-04-27,"1 scrapbook (55 pages) : envelopes, letters, newspapers, black and white photographs ; 10 x 13 in (25.4 x 33.02 cm) (scrapbook)",Documentary photographs,In Copyright,"Box 8, item 2",ZWU_SCA0228_B08_02,ZWU_SCA0228_B08_02_006,10-22-2025
,,,"Shiu Kong Yuen Scrapbook 8.2, page 5","Shiu Kong Yuen Scrapbook 8.2, page 5",Six black and white photographs of a lacrosse game being play in front of the Nott Memorial. ,"Yuen, Shui Kong, 1917-1992",Creator,"Union College (Schenectady, N.Y.) http://id.worldcat.org/fast/563176",,,,"1 scrapbook (55 pages) : envelopes, letters, newspapers, black and white photographs ; 10 x 13 in (25.4 x 33.02 cm) (scrapbook)",Documentary photographs,In Copyright,"Box 8, item 2",ZWU_SCA0228_B08_02,ZWU_SCA0228_B08_02_007,10-22-2025
,,,"Shiu Kong Yuen Scrapbook 8.2, page 6","Shiu Kong Yuen Scrapbook 8.2, page 6","Newspaper clipping, ""Dr. Fox Announces Complete Program For Graduation"". Handwritten on clipping, ""May 17 June 8. '40"". Seven black and white photographs of Class Reunion event.","Yuen, Shui Kong, 1917-1992",Creator,"Union College (Schenectady, N.Y.) http://id.worldcat.org/fast/563176",,,,"1 scrapbook (55 pages) : envelopes, letters, newspapers, black and white photographs ; 10 x 13 in (25.4 x 33.02 cm) (scrapbook)",Documentary photographs,In Copyright,"Box 8, item 2",ZWU_SCA0228_B08_02,ZWU_SCA0228_B08_02_008,10-22-2025
,,,"Shiu Kong Yuen Scrapbook 8.2, page 7","Shiu Kong Yuen Scrapbook 8.2, page 7","Continued, Newspaper clipping, ""Dr. Fox Announces Complete Program For Graduation"". Handwritten on clipping, ""May 17 June 8. '40"". Seven black and white photographs of Class Reunion event.","Yuen, Shui Kong, 1917-1992",Creator,"Union College (Schenectady, N.Y.) http://id.worldcat.org/fast/563176",,,1940-05-17;1940-06-08,"1 scrapbook (55 pages) : envelopes, letters, newspapers, black and white photographs ; 10 x 13 in (25.4 x 33.02 cm) (scrapbook)",Documentary photographs,In Copyright,"Box 8, item 2",ZWU_SCA0228_B08_02,ZWU_SCA0228_B08_02_009,10-22-2025
,,,"Shiu Kong Yuen Scrapbook 8.2, page 8","Shiu Kong Yuen Scrapbook 8.2, page 8","Continued, newspaper clipping from the Schenectady Gazette, June 10, 1940 ""Union Alumni Close Colorful Activity Today"" is unfolded. Seven black and white photographs of Class Reunion event.","Yuen, Shui Kong, 1917-1992",Creator,"Union College (Schenectady, N.Y.) http://id.worldcat.org/fast/563176",,,1940-06-10,"1 scrapbook (55 pages) : envelopes, letters, newspapers, black and white photographs ; 10 x 13 in (25.4 x 33.02 cm) (scrapbook)",Documentary photographs,In Copyright,"Box 8, item 2",ZWU_SCA0228_B08_02,ZWU_SCA0228_B08_02_010,10-22-2025
,,,"Shiu Kong Yuen Scrapbook 8.2, page 9","Shiu Kong Yuen Scrapbook 8.2, page 9",Seven black and white photographs of Class Reunion event and the Nott Memorial Library at night.,"Yuen, Shui Kong, 1917-1992",Creator,"Union College (Schenectady, N.Y.) http://id.worldcat.org/fast/563176",,,,"1 scrapbook (55 pages) : envelopes, letters, newspapers, black and white photographs ; 10 x 13 in (25.4 x 33.02 cm) (scrapbook)",Documentary photographs,In Copyright,"Box 8, item 2",ZWU_SCA0228_B08_02,ZWU_SCA0228_B08_02_011,10-22-2025
,,,"Shiu Kong Yuen Scrapbook 8.2, page 10","Shiu Kong Yuen Scrapbook 8.2, page 10","Newspaper clipping from June 8, 1940, ""ADDRESS BY CHINESE AMABASSADOR MONDAY TO HIGHLIGHT 145th COMMENCEMENT PROGRAM"" with article folded. One black and white photograph with President Dixon Ryan Fox.","Yuen, Shui Kong, 1917-1992",Creator,"Union College (Schenectady, N.Y.) http://id.worldcat.org/fast/563176",,,1940-06-08,"1 scrapbook (55 pages) : envelopes, letters, newspapers, black and white photographs ; 10 x 13 in (25.4 x 33.02 cm) (scrapbook)",Documentary photographs,In Copyright,"Box 8, item 2",ZWU_SCA0228_B08_02,ZWU_SCA0228_B08_02_012,10-22-2025
,,,"Shiu Kong Yuen Scrapbook 8.2, page 11","Shiu Kong Yuen Scrapbook 8.2, page 11","Continued, Newspaper clipping from June 8, 1940, ""ADDRESS BY CHINESE AMABASSADOR MONDAY TO HIGHLIGHT 145th COMMENCEMENT PROGRAM"", clipping unfolded. One black and white photograph with President Dixon Ryan Fox.","Yuen, Shui Kong, 1917-1992",Creator,"Union College (Schenectady, N.Y.) http://id.worldcat.org/fast/563176",,,1940-06-08,"1 scrapbook (55 pages) : envelopes, letters, newspapers, black and white photographs ; 10 x 13 in (25.4 x 33.02 cm) (scrapbook)",Documentary photographs,In Copyright,"Box 8, item 2",ZWU_SCA0228_B08_02,ZWU_SCA0228_B08_02_013,10-22-2025
,,,"Shiu Kong Yuen Scrapbook 8.2, page 12","Shiu Kong Yuen Scrapbook 8.2, page 12","Schenectady Gazette articles from January 13, 1940 and June 11, 1940, ""Chinese Ambassador to United States Appointed Union College Chancellor"" and ""Dr. Hu Warns Graduates To Avoid 'Snob' Attitude"" with articles folded.","Yuen, Shui Kong, 1917-1992",Creator,"Union College (Schenectady, N.Y.) http://id.worldcat.org/fast/563176",,,1940-01-13;1940-06-11,"1 scrapbook (55 pages) : envelopes, letters, newspapers, black and white photographs ; 10 x 13 in (25.4 x 33.02 cm) (scrapbook)",Documentary photographs,In Copyright,"Box 8, item 2",ZWU_SCA0228_B08_02,ZWU_SCA0228_B08_02_014,10-22-2025
,,,"Shiu Kong Yuen Scrapbook 8.2, page 13","Shiu Kong Yuen Scrapbook 8.2, page 13","Continued, Schenectady Gazette articles from January 13, 1940 and June 11, 1940, ""Chinese Ambassador to United States Appointed Union College Chancellor"" and ""Dr. Hu Warns Graduates To Avoid 'Snob' Attitude"" with articles unfolded.","Yuen, Shui Kong, 1917-1992",Creator,"Union College (Schenectady, N.Y.) http://id.worldcat.org/fast/563176",,,1940-01-13;1940-06-11,"1 scrapbook (55 pages) : envelopes, letters, newspapers, black and white photographs ; 10 x 13 in (25.4 x 33.02 cm) (scrapbook)",Documentary photographs,In Copyright,"Box 8, item 2",ZWU_SCA0228_B08_02,ZWU_SCA0228_B08_02_015,10-22-2025
,,,"Shiu Kong Yuen Scrapbook 8.2, page 14","Shiu Kong Yuen Scrapbook 8.2, page 14","Continued, Schenectady Gazette articles from January 13, 1940 and June 11, 1940, ""Chinese Ambassador to United States Appointed Union College Chancellor"" and ""Dr. Hu Warns Graduates To Avoid 'Snob' Attitude"" with articles unfolded and a card. Handwritten on card, ""Mr Yuen""","Yuen, Shui Kong, 1917-1992",Creator,"Union College (Schenectady, N.Y.) http://id.worldcat.org/fast/563176",,,1940-01-13;1940-06-11,"1 scrapbook (55 pages) : envelopes, letters, newspapers, black and white photographs ; 10 x 13 in (25.4 x 33.02 cm) (scrapbook)",Documentary photographs,In Copyright,"Box 8, item 2",ZWU_SCA0228_B08_02,ZWU_SCA0228_B08_02_016,10-22-2025
,,,"Shiu Kong Yuen Scrapbook 8.2, page 15","Shiu Kong Yuen Scrapbook 8.2, page 15","Newspaper clipping from March 22, 1940, ""'Idol' Editors Improve Quality With Spring Issue of Quarterly."" Black and white photograph of The IDOL magazine.","Yuen, Shui Kong, 1917-1992",Creator,"Union College (Schenectady, N.Y.) http://id.worldcat.org/fast/563176",,,1940-03-22,"1 scrapbook (55 pages) : envelopes, letters, newspapers, black and white photographs ; 10 x 13 in (25.4 x 33.02 cm) (scrapbook)",Documentary photographs,In Copyright,"Box 8, item 2",ZWU_SCA0228_B08_02,ZWU_SCA0228_B08_02_017,10-22-2025
,,,"Shiu Kong Yuen Scrapbook 8.2, page 16","Shiu Kong Yuen Scrapbook 8.2, page 16",Envelope with letter to Mr. Shui Kong Yuen fron the Union College Office of the President,"Yuen, Shui Kong, 1917-1992",Creator,"Union College (Schenectady, N.Y.) http://id.worldcat.org/fast/563176",,,1940-03-21,"1 scrapbook (55 pages) : envelopes, letters, newspapers, black and white photographs ; 10 x 13 in (25.4 x 33.02 cm) (scrapbook)",Documentary photographs,In Copyright,"Box 8, item 2",ZWU_SCA0228_B08_02,ZWU_SCA0228_B08_02_018,10-22-2025
,,,"Shiu Kong Yuen Scrapbook 8.2, page 17","Shiu Kong Yuen Scrapbook 8.2, page 17","Letter to Mr. Shui Kong Yuen from President Dixon Ryan Fox, March 21, 1940.","Yuen, Shui Kong, 1917-1992",Creator,"Union College (Schenectady, N.Y.) http://id.worldcat.org/fast/563176",,,1940-03-21,"1 scrapbook (55 pages) : envelopes, letters, newspapers, black and white photographs ; 10 x 13 in (25.4 x 33.02 cm) (scrapbook)",Documentary photographs,In Copyright,"Box 8, item 2",ZWU_SCA0228_B08_02,ZWU_SCA0228_B08_02_019,10-22-2025
,,,"Shiu Kong Yuen Scrapbook 8.2, page 18","Shiu Kong Yuen Scrapbook 8.2, page 18",Seven black and white photographs of Union College buildings in winter.,"Yuen, Shui Kong, 1917-1992",Creator,"Union College (Schenectady, N.Y.) http://id.worldcat.org/fast/563176",,,,"1 scrapbook (55 pages) : envelopes, letters, newspapers, black and white photographs ; 10 x 13 in (25.4 x 33.02 cm) (scrapbook)",Documentary photographs,In Copyright,"Box 8, item 2",ZWU_SCA0228_B08_02,ZWU_SCA0228_B08_02_020,10-22-2025
,,,"Shiu Kong Yuen Scrapbook 8.2, page 19","Shiu Kong Yuen Scrapbook 8.2, page 19",Nine black and white photographs of Union College buildings in winter.,"Yuen, Shui Kong, 1917-1992",Creator,"Union College (Schenectady, N.Y.) http://id.worldcat.org/fast/563176",,,,"1 scrapbook (55 pages) : envelopes, letters, newspapers, black and white photographs ; 10 x 13 in (25.4 x 33.02 cm) (scrapbook)",Documentary photographs,In Copyright,"Box 8, item 2",ZWU_SCA0228_B08_02,ZWU_SCA0228_B08_02_021,10-22-2025
,,,"Shiu Kong Yuen Scrapbook 8.2, page 20","Shiu Kong Yuen Scrapbook 8.2, page 20","Seven black and white photographs of Union College buildings in winter, with building names. Handwritten in white, ""General Engineering Nott Memorial Library Memorial Chapel Electrical Engineering Administration Building North College Silliman Hall South College"".","Yuen, Shui Kong, 1917-1992",Creator,"Union College (Schenectady, N.Y.) http://id.worldcat.org/fast/563176",,,,"1 scrapbook (55 pages) : envelopes, letters, newspapers, black and white photographs ; 10 x 13 in (25.4 x 33.02 cm) (scrapbook)",Documentary photographs,In Copyright,"Box 8, item 2",ZWU_SCA0228_B08_02,ZWU_SCA0228_B08_02_022,10-22-2025
,,,"Shiu Kong Yuen Scrapbook 8.2, page 21","Shiu Kong Yuen Scrapbook 8.2, page 21","Eight black and white photographs of Union College buildings in winter, with building names. Handwritten in white, ""Old Chapel, Hale House Psy. & Physics Labs. Adam. Silliman Oldgym. Bailey Hall Biology Laboratory Hale House Chemistry Lab. Old Gym Hall""","Yuen, Shui Kong, 1917-1992",Creator,"Union College (Schenectady, N.Y.) http://id.worldcat.org/fast/563176",,,,"1 scrapbook (55 pages) : envelopes, letters, newspapers, black and white photographs ; 10 x 13 in (25.4 x 33.02 cm) (scrapbook)",Documentary photographs,In Copyright,"Box 8, item 2",ZWU_SCA0228_B08_02,ZWU_SCA0228_B08_02_023,10-22-2025
,,,"Shiu Kong Yuen Scrapbook 8.2, page 22","Shiu Kong Yuen Scrapbook 8.2, page 22","Newspaper clippings labelled, ""Spirit of Youth Looks to Future Dr. Koo Says"" and ""Noted Chinese Leader to Visit Campus"" with two black and white photographs. Page is dated ""Mar. 5 1940"". Handwritten on page, ""PREXY FOX PROF. DANTON DR. KOO REV. HOUGHTON"". Three black and white photographs of Memorial Chapel, President Fox, Professor Danton, Dr. Koo, and Reverend Houghton","Yuen, Shui Kong, 1917-1992",Creator,"Union College (Schenectady, N.Y.) http://id.worldcat.org/fast/563176",,,1940-03-05,"1 scrapbook (55 pages) : envelopes, letters, newspapers, black and white photographs ; 10 x 13 in (25.4 x 33.02 cm) (scrapbook)",Documentary photographs,In Copyright,"Box 8, item 2",ZWU_SCA0228_B08_02,ZWU_SCA0228_B08_02_024,10-22-2025
,,,"Shiu Kong Yuen Scrapbook 8.2, page 23","Shiu Kong Yuen Scrapbook 8.2, page 23","Newspaper clippings labelled, ""Reporter Bemoans Cold March Winds Compares Schenectady to New York"" with two black and white photographs of the Nott Memorial Library. Handwritten on newspaper clipping, ""March 12, 1940"". ","Yuen, Shui Kong, 1917-1992",Creator,"Union College (Schenectady, N.Y.) http://id.worldcat.org/fast/563176",,,1940-03-12,"1 scrapbook (55 pages) : envelopes, letters, newspapers, black and white photographs ; 10 x 13 in (25.4 x 33.02 cm) (scrapbook)",Documentary photographs,In Copyright,"Box 8, item 2",ZWU_SCA0228_B08_02,ZWU_SCA0228_B08_02_025,10-22-2025
,,,"Shiu Kong Yuen Scrapbook 8.2, page 24","Shiu Kong Yuen Scrapbook 8.2, page 24","Seven black and white photographs of football games against Middlebury and R.P.I. Handwritten at the top, """"RALLY"" THE EVE OF FIRST HOME GAME"". Labelled in the bottom left, ""MIDDLEBURY OCT 14"" and in the bottom right, ""R. P. I. OCT. 28"".","Yuen, Shui Kong, 1917-1992",Creator,"Union College (Schenectady, N.Y.) http://id.worldcat.org/fast/563176",,,,"1 scrapbook (55 pages) : envelopes, letters, newspapers, black and white photographs ; 10 x 13 in (25.4 x 33.02 cm) (scrapbook)",Documentary photographs,In Copyright,"Box 8, item 2",ZWU_SCA0228_B08_02,ZWU_SCA0228_B08_02_026,10-22-2025
,,,"Shiu Kong Yuen Scrapbook 8.2, page 25","Shiu Kong Yuen Scrapbook 8.2, page 25","Eight photos of different Union College campus settings and people. Handwritten in the center of the page, ""THE BAND Bob of 8NSNC 7NSNC NORTH COLLEGE EARLY SNOW E. S.""","Yuen, Shui Kong, 1917-1992",Creator,"Union College (Schenectady, N.Y.) http://id.worldcat.org/fast/563176",,,,"1 scrapbook (55 pages) : envelopes, letters, newspapers, black and white photographs ; 10 x 13 in (25.4 x 33.02 cm) (scrapbook)",Documentary photographs,In Copyright,"Box 8, item 2",ZWU_SCA0228_B08_02,ZWU_SCA0228_B08_02_027,10-22-2025
,,,"Shiu Kong Yuen Scrapbook 8.2, page 26","Shiu Kong Yuen Scrapbook 8.2, page 26","Nine black and white photographs of Union College buildings. Handwritten on recto, at the top ""IDOL"" and at the bottom ""Autumn 1939"". ","Yuen, Shui Kong, 1917-1992",Creator,"Union College (Schenectady, N.Y.) http://id.worldcat.org/fast/563176",,September 1939-November 1939,,"1 scrapbook (55 pages) : envelopes, letters, newspapers, black and white photographs ; 10 x 13 in (25.4 x 33.02 cm) (scrapbook)",Documentary photographs,In Copyright,"Box 8, item 2",ZWU_SCA0228_B08_02,ZWU_SCA0228_B08_02_028,10-22-2025
,,,"Shiu Kong Yuen Scrapbook 8.2, page 27","Shiu Kong Yuen Scrapbook 8.2, page 27","Newspaper clipping titled, ""'Who's Who In America' Devotes Two Feet To Faculty Biographies""","Yuen, Shui Kong, 1917-1992",Creator,"Union College (Schenectady, N.Y.) http://id.worldcat.org/fast/563176",,,,"1 scrapbook (55 pages) : envelopes, letters, newspapers, black and white photographs ; 10 x 13 in (25.4 x 33.02 cm) (scrapbook)",Documentary photographs,In Copyright,"Box 8, item 2",ZWU_SCA0228_B08_02,ZWU_SCA0228_B08_02_029,10-22-2025
,,,"Shiu Kong Yuen Scrapbook 8.2, page 28","Shiu Kong Yuen Scrapbook 8.2, page 28","Newspaper clipping titled, ""Freshman Sophomores Tangle In Rush"" and three black and white photographs of the Cane Rush activities. Handwritten on a piece of the clipping at the top, ""Sept. 30 '39"". Labelled on the bottom of the page, ""SOPHOMORE YR. 1939-1940"".","Yuen, Shui Kong, 1917-1992",Creator,"Union College (Schenectady, N.Y.) http://id.worldcat.org/fast/563176",,,1939-09-30,"1 scrapbook (55 pages) : envelopes, letters, newspapers, black and white photographs ; 10 x 13 in (25.4 x 33.02 cm) (scrapbook)",Documentary photographs,In Copyright,"Box 8, item 2",ZWU_SCA0228_B08_02,ZWU_SCA0228_B08_02_030,10-22-2025
,,,"Shiu Kong Yuen Scrapbook 8.2, page 29","Shiu Kong Yuen Scrapbook 8.2, page 29","Two newspaper clippings titled, ""Rotary Plans College Day"" from November 16, 1939 and ""Rotary Hears Students"" from November 11, 1939. Handwritten on verso, ""SOPHOMORE"".","Yuen, Shui Kong, 1917-1992",Creator,"Union College (Schenectady, N.Y.) http://id.worldcat.org/fast/563176",,,1939-11-11;1939-11-16,"1 scrapbook (55 pages) : envelopes, letters, newspapers, black and white photographs ; 10 x 13 in (25.4 x 33.02 cm) (scrapbook)",Documentary photographs,In Copyright,"Box 8, item 2",ZWU_SCA0228_B08_02,ZWU_SCA0228_B08_02_031,10-22-2025
,,,"Shiu Kong Yuen Scrapbook 8.2, page 30","Shiu Kong Yuen Scrapbook 8.2, page 30",Ten small black and white photographs in a pyramid formation.,"Yuen, Shui Kong, 1917-1992",Creator,"Union College (Schenectady, N.Y.) http://id.worldcat.org/fast/563176",,,,"1 scrapbook (55 pages) : envelopes, letters, newspapers, black and white photographs ; 10 x 13 in (25.4 x 33.02 cm) (scrapbook)",Documentary photographs,In Copyright,"Box 8, item 2",ZWU_SCA0228_B08_02,ZWU_SCA0228_B08_02_032,10-22-2025
,,,"Shiu Kong Yuen Scrapbook 8.2, page 31","Shiu Kong Yuen Scrapbook 8.2, page 31",Beige and white envelopes containing letters and a pamphlet from Rotary Club of Schenectady.,"Yuen, Shui Kong, 1917-1992",Creator,"Union College (Schenectady, N.Y.) http://id.worldcat.org/fast/563176",,,,"1 scrapbook (55 pages) : envelopes, letters, newspapers, black and white photographs ; 10 x 13 in (25.4 x 33.02 cm) (scrapbook)",Documentary photographs,In Copyright,"Box 8, item 2",ZWU_SCA0228_B08_02,ZWU_SCA0228_B08_02_033,10-24-2025
,,,"Shiu Kong Yuen Scrapbook 8.2, page 32","Shiu Kong Yuen Scrapbook 8.2, page 32","Rotary Club Program, Cover","Yuen, Shui Kong, 1917-1992",Creator,"Union College (Schenectady, N.Y.) http://id.worldcat.org/fast/563176",,,,"1 scrapbook (55 pages) : envelopes, letters, newspapers, black and white photographs ; 10 x 13 in (25.4 x 33.02 cm) (scrapbook)",Documentary photographs,In Copyright,"Box 8, item 2",ZWU_SCA0228_B08_02,ZWU_SCA0228_B08_02_034,10-24-2025
,,,"Shiu Kong Yuen Scrapbook 8.2, page 33","Shiu Kong Yuen Scrapbook 8.2, page 33","Rotary Club Program, page two","Yuen, Shui Kong, 1917-1992",Creator,"Union College (Schenectady, N.Y.) http://id.worldcat.org/fast/563176",,,,"1 scrapbook (55 pages) : envelopes, letters, newspapers, black and white photographs ; 10 x 13 in (25.4 x 33.02 cm) (scrapbook)",Documentary photographs,In Copyright,"Box 8, item 2",ZWU_SCA0228_B08_02,ZWU_SCA0228_B08_02_035,10-24-2025
,,,"Shiu Kong Yuen Scrapbook 8.2, page 34","Shiu Kong Yuen Scrapbook 8.2, page 34","Rotary Club Program, page three","Yuen, Shui Kong, 1917-1992",Creator,"Union College (Schenectady, N.Y.) http://id.worldcat.org/fast/563176",,,,"1 scrapbook (55 pages) : envelopes, letters, newspapers, black and white photographs ; 10 x 13 in (25.4 x 33.02 cm) (scrapbook)",Documentary photographs,In Copyright,"Box 8, item 2",ZWU_SCA0228_B08_02,ZWU_SCA0228_B08_02_036,10-24-2025
,,,"Shiu Kong Yuen Scrapbook 8.2, page 35","Shiu Kong Yuen Scrapbook 8.2, page 35","Rotary Club Program, back cover","Yuen, Shui Kong, 1917-1992",Creator,"Union College (Schenectady, N.Y.) http://id.worldcat.org/fast/563176",,,,"1 scrapbook (55 pages) : envelopes, letters, newspapers, black and white photographs ; 10 x 13 in (25.4 x 33.02 cm) (scrapbook)",Documentary photographs,In Copyright,"Box 8, item 2",ZWU_SCA0228_B08_02,ZWU_SCA0228_B08_02_037,10-24-2025
,,,"Shiu Kong Yuen Scrapbook 8.2, page 36","Shiu Kong Yuen Scrapbook 8.2, page 36",White envelope from the Rotary Club of Schenectady,"Yuen, Shui Kong, 1917-1992",Creator,"Union College (Schenectady, N.Y.) http://id.worldcat.org/fast/563176",,,,"1 scrapbook (55 pages) : envelopes, letters, newspapers, black and white photographs ; 10 x 13 in (25.4 x 33.02 cm) (scrapbook)",Documentary photographs,In Copyright,"Box 8, item 2",ZWU_SCA0228_B08_02,ZWU_SCA0228_B08_02_038,10-24-2025
,,,"Shiu Kong Yuen Scrapbook 8.2, page 37","Shiu Kong Yuen Scrapbook 8.2, page 37","Letter from Roy F. Sheldon to Shui Kong Yuen regarding the Rotary Club of Schenectady membership, dated ""Sept. 26, 1939"".","Yuen, Shui Kong, 1917-1992",Creator,"Union College (Schenectady, N.Y.) http://id.worldcat.org/fast/563176",,,1939-09-26,"1 scrapbook (55 pages) : envelopes, letters, newspapers, black and white photographs ; 10 x 13 in (25.4 x 33.02 cm) (scrapbook)",Documentary photographs,In Copyright,"Box 8, item 2",ZWU_SCA0228_B08_02,ZWU_SCA0228_B08_02_039,10-24-2025
,,,"Shiu Kong Yuen Scrapbook 8.2, page 38","Shiu Kong Yuen Scrapbook 8.2, page 38","Twelve black and white photographs of Shui Kong Yuen, classmates, and Union College campus. Handwritten on recto, """"Move Up"" Day"" and ""'Dick'"".","Yuen, Shui Kong, 1917-1992",Creator,"Union College (Schenectady, N.Y.) http://id.worldcat.org/fast/563176",,,,"1 scrapbook (55 pages) : envelopes, letters, newspapers, black and white photographs ; 10 x 13 in (25.4 x 33.02 cm) (scrapbook)",Documentary photographs,In Copyright,"Box 8, item 2",ZWU_SCA0228_B08_02,ZWU_SCA0228_B08_02_040,10-24-2025
,,,"Shiu Kong Yuen Scrapbook 8.2, page 39","Shiu Kong Yuen Scrapbook 8.2, page 39","Newspaper clipping titled, ""Annual Alumni Day Planned for June 10"". Handwritten on clipping, ""Mar 1939"". ","Yuen, Shui Kong, 1917-1992",Creator,"Union College (Schenectady, N.Y.) http://id.worldcat.org/fast/563176",,,1939-03-01,"1 scrapbook (55 pages) : envelopes, letters, newspapers, black and white photographs ; 10 x 13 in (25.4 x 33.02 cm) (scrapbook)",Documentary photographs,In Copyright,"Box 8, item 2",ZWU_SCA0228_B08_02,ZWU_SCA0228_B08_02_041,10-24-2025
,,,"Shiu Kong Yuen Scrapbook 8.2, page 40","Shiu Kong Yuen Scrapbook 8.2, page 40","Black and white photograph of the Cosmopolitan Club, 1938 - 1939. Handwritten on recto, ""BOLL JACKMAN GONZALES PALM FRIERE YUNICH MUNZER YUEN"" and ""TAKEN AT SILLIMAN HALL"". Labelled ""COSMOPOLITAN CLUB 1938-1939"".","Yuen, Shui Kong, 1917-1992",Creator,"Union College (Schenectady, N.Y.) http://id.worldcat.org/fast/563176",,1938-1938,,"1 scrapbook (55 pages) : envelopes, letters, newspapers, black and white photographs ; 10 x 13 in (25.4 x 33.02 cm) (scrapbook)",Documentary photographs,In Copyright,"Box 8, item 2",ZWU_SCA0228_B08_02,ZWU_SCA0228_B08_02_042,10-24-2025
,,,"Shiu Kong Yuen Scrapbook 8.2, page 41","Shiu Kong Yuen Scrapbook 8.2, page 41","Three newspaper clippings titled, ""Foreign Students Reorganize Cosmopolitan Club"", ""UNION'S INTERNATIONAL SET"", and ""Cosmopolitan Club Members Broadcast to Homelands"" from October 7 1938. Handwritten on the right clipping, ""Dec. 20, 1939"".","Yuen, Shui Kong, 1917-1992",Creator,"Union College (Schenectady, N.Y.) http://id.worldcat.org/fast/563176",,,1938-10-07;1939-12-20,"1 scrapbook (55 pages) : envelopes, letters, newspapers, black and white photographs ; 10 x 13 in (25.4 x 33.02 cm) (scrapbook)",Documentary photographs,In Copyright,"Box 8, item 2",ZWU_SCA0228_B08_02,ZWU_SCA0228_B08_02_043,10-24-2025
,,,"Shiu Kong Yuen Scrapbook 8.2, page 42","Shiu Kong Yuen Scrapbook 8.2, page 42","Eleven black and white photographs, handwritten on recto, ""JAMES AND ELLEN VISITING UNION - SPRING 1939""","Yuen, Shui Kong, 1917-1992",Creator,"Union College (Schenectady, N.Y.) http://id.worldcat.org/fast/563176",,March 1939-May 1939,,"1 scrapbook (55 pages) : envelopes, letters, newspapers, black and white photographs ; 10 x 13 in (25.4 x 33.02 cm) (scrapbook)",Documentary photographs,In Copyright,"Box 8, item 2",ZWU_SCA0228_B08_02,ZWU_SCA0228_B08_02_044,10-24-2025
,,,"Shiu Kong Yuen Scrapbook 8.2, page 43","Shiu Kong Yuen Scrapbook 8.2, page 43","Black, blank page","Yuen, Shui Kong, 1917-1992",Creator,"Union College (Schenectady, N.Y.) http://id.worldcat.org/fast/563176",,,,"1 scrapbook (55 pages) : envelopes, letters, newspapers, black and white photographs ; 10 x 13 in (25.4 x 33.02 cm) (scrapbook)",Documentary photographs,In Copyright,"Box 8, item 2",ZWU_SCA0228_B08_02,ZWU_SCA0228_B08_02_045,10-24-2025
,,,"Shiu Kong Yuen Scrapbook 8.2, page 44","Shiu Kong Yuen Scrapbook 8.2, page 44","Black and white photograph, labelled in the bottom of the page, ""MRS. FOX'S TEA RECEPTION TO TWO CHINESE DELEGATES. SEPT. 17"". Handwritten on recto, ""YUNICH YIN MRS. FOX MISS LIU MRS. DANTON YUEN"". ","Yuen, Shui Kong, 1917-1992",Creator,"Union College (Schenectady, N.Y.) http://id.worldcat.org/fast/563176",,,,"1 scrapbook (55 pages) : envelopes, letters, newspapers, black and white photographs ; 10 x 13 in (25.4 x 33.02 cm) (scrapbook)",Documentary photographs,In Copyright,"Box 8, item 2",ZWU_SCA0228_B08_02,ZWU_SCA0228_B08_02_046,10-24-2025
,,,"Shiu Kong Yuen Scrapbook 8.2, page 45","Shiu Kong Yuen Scrapbook 8.2, page 45","Newspaper clipping from the Schenectady Sun titled, ""Reception Held In Silliman Hall"". The clipping is dated for October 23, 1938.","Yuen, Shui Kong, 1917-1992",Creator,"Union College (Schenectady, N.Y.) http://id.worldcat.org/fast/563176",,,1938-10-23,"1 scrapbook (55 pages) : envelopes, letters, newspapers, black and white photographs ; 10 x 13 in (25.4 x 33.02 cm) (scrapbook)",Documentary photographs,In Copyright,"Box 8, item 2",ZWU_SCA0228_B08_02,ZWU_SCA0228_B08_02_047,10-24-2025
,,,"Shiu Kong Yuen Scrapbook 8.2, page 46","Shiu Kong Yuen Scrapbook 8.2, page 46","Seven small black and white photographs. Handwritten on recto, ""'BOB' of 12 MSNC 11 MSNC 'MAC' - Bob calls him PORTO RICAN & CHINESE John P. Lewis and Friend"". Labelled on the bottom, ""FRESHMAN YEAR 1938-39""","Yuen, Shui Kong, 1917-1992",Creator,"Union College (Schenectady, N.Y.) http://id.worldcat.org/fast/563176",,,,"1 scrapbook (55 pages) : envelopes, letters, newspapers, black and white photographs ; 10 x 13 in (25.4 x 33.02 cm) (scrapbook)",Documentary photographs,In Copyright,"Box 8, item 2",ZWU_SCA0228_B08_02,ZWU_SCA0228_B08_02_048,10-24-2025
,,,"Shiu Kong Yuen Scrapbook 8.2, page 47","Shiu Kong Yuen Scrapbook 8.2, page 47","Four newspaper clippings, with one hidden underneath. The clippings are titled, ""Chinese Youth Delegates Talk At College"", ""Won't Be Defeated"", and ""FROM YOUTH TO ANOTHER"" ","Yuen, Shui Kong, 1917-1992",Creator,"Union College (Schenectady, N.Y.) http://id.worldcat.org/fast/563176",,,,"1 scrapbook (55 pages) : envelopes, letters, newspapers, black and white photographs ; 10 x 13 in (25.4 x 33.02 cm) (scrapbook)",Documentary photographs,In Copyright,"Box 8, item 2",ZWU_SCA0228_B08_02,ZWU_SCA0228_B08_02_049,10-24-2025
,,,"Shiu Kong Yuen Scrapbook 8.2, page 48","Shiu Kong Yuen Scrapbook 8.2, page 48","Continued, four newspaper clippings, with one hidden underneath. Article titled, ""Young Chinese Will Visit Campus To Solicit Aid for War Victims""","Yuen, Shui Kong, 1917-1992",Creator,"Union College (Schenectady, N.Y.) http://id.worldcat.org/fast/563176",,,,"1 scrapbook (55 pages) : envelopes, letters, newspapers, black and white photographs ; 10 x 13 in (25.4 x 33.02 cm) (scrapbook)",Documentary photographs,In Copyright,"Box 8, item 2",ZWU_SCA0228_B08_02,ZWU_SCA0228_B08_02_050,10-24-2025
,,,"Shiu Kong Yuen Scrapbook 8.2, page 49","Shiu Kong Yuen Scrapbook 8.2, page 49","Newspaper clippings titled, ""Fourteen States Send 281 Freshmen"" and ""Shiu Kong Yuen, Hong Kong, China, Freshman, Literally Bombed Out of Shanghai Into Union"". Handwritten on recto, ""BEGIN the BEGIN"".","Yuen, Shui Kong, 1917-1992",Creator,"Union College (Schenectady, N.Y.) http://id.worldcat.org/fast/563176",,,,"1 scrapbook (55 pages) : envelopes, letters, newspapers, black and white photographs ; 10 x 13 in (25.4 x 33.02 cm) (scrapbook)",Documentary photographs,In Copyright,"Box 8, item 2",ZWU_SCA0228_B08_02,ZWU_SCA0228_B08_02_051,10-24-2025
,,,"Shiu Kong Yuen Scrapbook 8.2, page 50","Shiu Kong Yuen Scrapbook 8.2, page 50","Black and white photograph. Handwritten on verso, ""MARCH ELLEN PROF. J. H. GOLDTHORPE AT THE STEPS OF TEACHERS COLLEGE, COLUMBIA UNIVERSITY, N.Y. [NEW YEAR, '39]","Yuen, Shui Kong, 1917-1992",Creator,"Union College (Schenectady, N.Y.) http://id.worldcat.org/fast/563176",,,,"1 scrapbook (55 pages) : envelopes, letters, newspapers, black and white photographs ; 10 x 13 in (25.4 x 33.02 cm) (scrapbook)",Documentary photographs,In Copyright,"Box 8, item 2",ZWU_SCA0228_B08_02,ZWU_SCA0228_B08_02_052,10-24-2025
,,,"Shiu Kong Yuen Scrapbook 8.2, page 51","Shiu Kong Yuen Scrapbook 8.2, page 51","Blank, black page","Yuen, Shui Kong, 1917-1992",Creator,"Union College (Schenectady, N.Y.) http://id.worldcat.org/fast/563176",,,,"1 scrapbook (55 pages) : envelopes, letters, newspapers, black and white photographs ; 10 x 13 in (25.4 x 33.02 cm) (scrapbook)",Documentary photographs,In Copyright,"Box 8, item 2",ZWU_SCA0228_B08_02,ZWU_SCA0228_B08_02_053,10-24-2025
,,,Shiu Kong Yuen Scrapbook 8.2 inside back cover,Shiu Kong Yuen Scrapbook 8.2 inside back cover,Back inside cover,"Yuen, Shui Kong, 1917-1992",Creator,"Union College (Schenectady, N.Y.) http://id.worldcat.org/fast/563176",,,,"1 scrapbook (55 pages) : envelopes, letters, newspapers, black and white photographs ; 10 x 13 in (25.4 x 33.02 cm) (scrapbook)",Documentary photographs,In Copyright,"Box 8, item 2",ZWU_SCA0228_B08_02,ZWU_SCA0228_B08_02_054,10-24-2025
,,,Shiu Kong Yuen Scrapbook 8.2 back cover,Shiu Kong Yuen Scrapbook 8.2 back cover,Back cover,"Yuen, Shui Kong, 1917-1992",Creator,"Union College (Schenectady, N.Y.) http://id.worldcat.org/fast/563176",,,,"1 scrapbook (55 pages) : envelopes, letters, newspapers, black and white photographs ; 10 x 13 in (25.4 x 33.02 cm) (scrapbook)",Documentary photographs,In Copyright,"Box 8, item 2",ZWU_SCA0228_B08_02,ZWU_SCA0228_B08_02_055,10-24-2025
Shui Kong Yuen Photographs,,,,,Tied scrapbook with brown embossed cover. Collection of photos and newspaper clipping from Shui Kong Yuen's time at Union College. Skipped one leaf between pages 19 and 20. Skipped one leaf between page 26 and page 27. Skipped one leaf between pages 29 and 30. Skipped one leaf between pages 39 and 40. Skipped one leaf between pages 44 and 45. Skipped 7 blank leaves between pages 47 and 48. It appears that there were photographs in the last two pages. Skipped a blank leaf with photo corners between pages 51 and 52. Skipped 2 blank leaves between 57 and 58. Skipped a blank leaf between pages 59 and 60. Skipped a blank leaf with photo corners between pages 61 and 62.,,,,,English,,,,,,,,
,,,Scrapbook cover,,,"Yuen, Shui Kong, 1917-1993",Creator,"Union College (Schenectady, N.Y.) http://id.worldcat.org/fast/563177",,,,,"1 scrapbook (40 pages) : envelopes, letters, newspapers, black and white photographs ; 12.25 x 14.5 in (31.115 x 36.83 cm) (scrapbook)",Documentary photographs,In Copyright,"Box 9, item 1",ZWU_SCA0228_B09_01,ZWU_SCA0228_B09_01_001
,,,Inside cover,,"Handwritten on verso, ""S. K. Yuen Harvard Summer School Cambridge, Mass. July 11, 1940.","Yuen, Shui Kong, 1917-1994",Creator,"Union College (Schenectady, N.Y.) http://id.worldcat.org/fast/563178",,English,,,"1 scrapbook (40 pages) : envelopes, letters, newspapers, black and white photographs ; 12.25 x 14.5 in (31.115 x 36.83 cm) (scrapbook)",Documentary photographs,In Copyright,"Box 9, item 1",ZWU_SCA0228_B09_01,ZWU_SCA0228_B09_01_002
,,,"Box 9, page 1",,"Three newspaper clippings from the Schenectady Gazette, dated May 8, May 29, and May 22, 1943.","Yuen, Shui Kong, 1917-1994",Creator,"Union College (Schenectady, N.Y.) http://id.worldcat.org/fast/563178",,English,,1943-05-08;1943-05-29;1943-05-22,"1 scrapbook (40 pages) : envelopes, letters, newspapers, black and white photographs ; 12.25 x 14.5 in (31.115 x 36.83 cm) (scrapbook)",Documentary photographs,In Copyright,"Box 9, item 1",ZWU_SCA0228_B09_01,ZWU_SCA0228_B09_01_003
,,,"Box 9, page 2",,Blank page,"Yuen, Shui Kong, 1917-1994",Creator,"Union College (Schenectady, N.Y.) http://id.worldcat.org/fast/563178",,,,,"1 scrapbook (40 pages) : envelopes, letters, newspapers, black and white photographs ; 12.25 x 14.5 in (31.115 x 36.83 cm) (scrapbook)",Documentary photographs,In Copyright,"Box 9, item 1",ZWU_SCA0228_B09_01,ZWU_SCA0228_B09_01_004
,,,"Box 9, page 3",,"Folded, loose newspaper clippings from The Concordiensis from March 1943.","Yuen, Shui Kong, 1917-1994",Creator,"Union College (Schenectady, N.Y.) http://id.worldcat.org/fast/563178",,English,,1943-03-01,"1 scrapbook (40 pages) : envelopes, letters, newspapers, black and white photographs ; 12.25 x 14.5 in (31.115 x 36.83 cm) (scrapbook)",Documentary photographs,In Copyright,"Box 9, item 1",ZWU_SCA0228_B09_01,ZWU_SCA0228_B09_01_005
,,,"Box 9, page 4",,"Verso of Concordiensis clippings. Articles are titled, ""Former Ambassador Grew Is Named AS Honorary Chancellor For 1943-44"" dated March 19, 1943, ""Schenectady Achieves Uncoveted Crown Downing Skidmore In Battle For Dates"" dated March 5, 1943, and ""Prom Goers Find Enoch Light's Music Outstanding"" dated March 11, 1943.","Yuen, Shui Kong, 1917-1994",Creator,"Union College (Schenectady, N.Y.) http://id.worldcat.org/fast/563178",,English,,1943-03-19;1943-03-05;1943-03-11,"1 scrapbook (40 pages) : envelopes, letters, newspapers, black and white photographs ; 12.25 x 14.5 in (31.115 x 36.83 cm) (scrapbook)",Documentary photographs,In Copyright,"Box 9, item 1",ZWU_SCA0228_B09_01,ZWU_SCA0228_B09_01_006
,,,"Box 9, page 5",,"Recto of Concordiensis clippings. Articles is titled, ""'Let There Be Light'-Music and Dancing Girls Too"" dated March 5, 1943.","Yuen, Shui Kong, 1917-1994",Creator,"Union College (Schenectady, N.Y.) http://id.worldcat.org/fast/563178",,English,,1943-03-05,"1 scrapbook (40 pages) : envelopes, letters, newspapers, black and white photographs ; 12.25 x 14.5 in (31.115 x 36.83 cm) (scrapbook)",Documentary photographs,In Copyright,"Box 9, item 1",ZWU_SCA0228_B09_01,ZWU_SCA0228_B09_01_007
,,,"Box 9, page 6",,Blank page,"Yuen, Shui Kong, 1917-1994",Creator,"Union College (Schenectady, N.Y.) http://id.worldcat.org/fast/563178",,,,,"1 scrapbook (40 pages) : envelopes, letters, newspapers, black and white photographs ; 12.25 x 14.5 in (31.115 x 36.83 cm) (scrapbook)",Documentary photographs,In Copyright,"Box 9, item 1",ZWU_SCA0228_B09_01,ZWU_SCA0228_B09_01_008
,,,"Box 9, page 7",,"Folded, loose newspaper clippings from the Chinese Journal and the Schenectady Union-Star.","Yuen, Shui Kong, 1917-1994",Creator,"Union College (Schenectady, N.Y.) http://id.worldcat.org/fast/563178",,English;Chinese,,,"1 scrapbook (40 pages) : envelopes, letters, newspapers, black and white photographs ; 12.25 x 14.5 in (31.115 x 36.83 cm) (scrapbook)",Documentary photographs,In Copyright,"Box 9, item 1",ZWU_SCA0228_B09_01,ZWU_SCA0228_B09_01_009
,,,"Box 9, page 8",,"Schenectady Union-Star, May 11th 1943 ","Yuen, Shui Kong, 1917-1994",Creator,"Union College (Schenectady, N.Y.) http://id.worldcat.org/fast/563178",,English,,1943-05-11,"1 scrapbook (40 pages) : envelopes, letters, newspapers, black and white photographs ; 12.25 x 14.5 in (31.115 x 36.83 cm) (scrapbook)",Documentary photographs,In Copyright,"Box 9, item 1",ZWU_SCA0228_B09_01,ZWU_SCA0228_B09_01_010
,,,"Box 9, page 9",,"Chinese Journal, April 27th, 1943","Yuen, Shui Kong, 1917-1994",Creator,"Union College (Schenectady, N.Y.) http://id.worldcat.org/fast/563178",,Chinese,,1943-04-27,"1 scrapbook (40 pages) : envelopes, letters, newspapers, black and white photographs ; 12.25 x 14.5 in (31.115 x 36.83 cm) (scrapbook)",Documentary photographs,In Copyright,"Box 9, item 1",ZWU_SCA0228_B09_01,ZWU_SCA0228_B09_01_011
,,,"Box 9, page 10",,Blank page,"Yuen, Shui Kong, 1917-1994",Creator,"Union College (Schenectady, N.Y.) http://id.worldcat.org/fast/563178",,,,,"1 scrapbook (40 pages) : envelopes, letters, newspapers, black and white photographs ; 12.25 x 14.5 in (31.115 x 36.83 cm) (scrapbook)",Documentary photographs,In Copyright,"Box 9, item 1",ZWU_SCA0228_B09_01,ZWU_SCA0228_B09_01_012
,,,"Box 9, page 11",,"Folded, loose newspaper clippings from the New York Herald Tribune from April 5th, 1943 and other clippings. Article titled, ""Destruction Spread in Berlin and Nuremberg by Royal Air Force Raids"". ","Yuen, Shui Kong, 1917-1994",Creator,"Union College (Schenectady, N.Y.) http://id.worldcat.org/fast/563178",,,,1943-04-05,"1 scrapbook (40 pages) : envelopes, letters, newspapers, black and white photographs ; 12.25 x 14.5 in (31.115 x 36.83 cm) (scrapbook)",Documentary photographs,In Copyright,"Box 9, item 1",ZWU_SCA0228_B09_01,ZWU_SCA0228_B09_01_013
,,,"Box 9, page 12",,"Loose New York Herald Tribune article titled, ""Madam Chiang's Story of China At War Stirs Hollywood Throng"" From April 5, 1943","Yuen, Shui Kong, 1917-1994",Creator,"Union College (Schenectady, N.Y.) http://id.worldcat.org/fast/563178",,English,,1943-04-05,"1 scrapbook (40 pages) : envelopes, letters, newspapers, black and white photographs ; 12.25 x 14.5 in (31.115 x 36.83 cm) (scrapbook)",Documentary photographs,In Copyright,"Box 9, item 1",ZWU_SCA0228_B09_01,ZWU_SCA0228_B09_01_014
,,,"Box 9, page 13",,"Displayed newspaper clippings, article titled ""Madam Chiang Gives Churchill Subtle Rebuke"" from March 23, 1943.","Yuen, Shui Kong, 1917-1994",Creator,"Union College (Schenectady, N.Y.) http://id.worldcat.org/fast/563178",,English,,1943-03-23,"1 scrapbook (40 pages) : envelopes, letters, newspapers, black and white photographs ; 12.25 x 14.5 in (31.115 x 36.83 cm) (scrapbook)",Documentary photographs,In Copyright,"Box 9, item 1",ZWU_SCA0228_B09_01,ZWU_SCA0228_B09_01_015
,,,"Box 9, page 14",,Blank page,"Yuen, Shui Kong, 1917-1994",Creator,"Union College (Schenectady, N.Y.) http://id.worldcat.org/fast/563178",,,,,"1 scrapbook (40 pages) : envelopes, letters, newspapers, black and white photographs ; 12.25 x 14.5 in (31.115 x 36.83 cm) (scrapbook)",Documentary photographs,In Copyright,"Box 9, item 1",ZWU_SCA0228_B09_01,ZWU_SCA0228_B09_01_016
,,,"Box 9, page 15",,"New York Herald Tribune article titled, ""Madam Chiang Thrills 30,000 At Hollywood"" dated April 5 1943.","Yuen, Shui Kong, 1917-1994",Creator,"Union College (Schenectady, N.Y.) http://id.worldcat.org/fast/563178",,English,,1943-04-05,"1 scrapbook (40 pages) : envelopes, letters, newspapers, black and white photographs ; 12.25 x 14.5 in (31.115 x 36.83 cm) (scrapbook)",Documentary photographs,In Copyright,"Box 9, item 1",ZWU_SCA0228_B09_01,ZWU_SCA0228_B09_01_017
,,,"Box 9, page 16",,Blank page,"Yuen, Shui Kong, 1917-1994",Creator,"Union College (Schenectady, N.Y.) http://id.worldcat.org/fast/563178",,,,,"1 scrapbook (40 pages) : envelopes, letters, newspapers, black and white photographs ; 12.25 x 14.5 in (31.115 x 36.83 cm) (scrapbook)",Documentary photographs,In Copyright,"Box 9, item 1",ZWU_SCA0228_B09_01,ZWU_SCA0228_B09_01_018
,,,"Box 9, page 17",,Blank page,"Yuen, Shui Kong, 1917-1994",Creator,"Union College (Schenectady, N.Y.) http://id.worldcat.org/fast/563178",,,,,"1 scrapbook (40 pages) : envelopes, letters, newspapers, black and white photographs ; 12.25 x 14.5 in (31.115 x 36.83 cm) (scrapbook)",Documentary photographs,In Copyright,"Box 9, item 1",ZWU_SCA0228_B09_01,ZWU_SCA0228_B09_01_019
,,,"Box 9, page 18",,Blank page,"Yuen, Shui Kong, 1917-1994",Creator,"Union College (Schenectady, N.Y.) http://id.worldcat.org/fast/563178",,,,,"1 scrapbook (40 pages) : envelopes, letters, newspapers, black and white photographs ; 12.25 x 14.5 in (31.115 x 36.83 cm) (scrapbook)",Documentary photographs,In Copyright,"Box 9, item 1",ZWU_SCA0228_B09_01,ZWU_SCA0228_B09_01_020
,,,"Box 9, page 19",,Two black and white photographs of Shui Kong Yuen's dorm room.,"Yuen, Shui Kong, 1917-1994",Creator,"Union College (Schenectady, N.Y.) http://id.worldcat.org/fast/563178",,,,,"1 scrapbook (40 pages) : envelopes, letters, newspapers, black and white photographs ; 12.25 x 14.5 in (31.115 x 36.83 cm) (scrapbook)",Documentary photographs,In Copyright,"Box 9, item 1",ZWU_SCA0228_B09_01,ZWU_SCA0228_B09_01_021
,,,"Box 9, page 20",,Blank page,"Yuen, Shui Kong, 1917-1994",Creator,"Union College (Schenectady, N.Y.) http://id.worldcat.org/fast/563178",,,,,"1 scrapbook (40 pages) : envelopes, letters, newspapers, black and white photographs ; 12.25 x 14.5 in (31.115 x 36.83 cm) (scrapbook)",Documentary photographs,In Copyright,"Box 9, item 1",ZWU_SCA0228_B09_01,ZWU_SCA0228_B09_01_022
,,,"Box 9, page 21",,Black and white photograph of the Nott Memorial Library. Image appears to have been edited. ,"Yuen, Shui Kong, 1917-1994",Creator,"Union College (Schenectady, N.Y.) http://id.worldcat.org/fast/563178",,,,,"1 scrapbook (40 pages) : envelopes, letters, newspapers, black and white photographs ; 12.25 x 14.5 in (31.115 x 36.83 cm) (scrapbook)",Documentary photographs,In Copyright,"Box 9, item 1",ZWU_SCA0228_B09_01,ZWU_SCA0228_B09_01_023
,,,"Box 9, page 22",,Blank page,"Yuen, Shui Kong, 1917-1994",Creator,"Union College (Schenectady, N.Y.) http://id.worldcat.org/fast/563178",,,,,"1 scrapbook (40 pages) : envelopes, letters, newspapers, black and white photographs ; 12.25 x 14.5 in (31.115 x 36.83 cm) (scrapbook)",Documentary photographs,In Copyright,"Box 9, item 1",ZWU_SCA0228_B09_01,ZWU_SCA0228_B09_01_024
,,,"Box 9, page 23",,Black and white photograph of the Nott Memorial Library and Washburn Hall.,"Yuen, Shui Kong, 1917-1994",Creator,"Union College (Schenectady, N.Y.) http://id.worldcat.org/fast/563178",,,,,"1 scrapbook (40 pages) : envelopes, letters, newspapers, black and white photographs ; 12.25 x 14.5 in (31.115 x 36.83 cm) (scrapbook)",Documentary photographs,In Copyright,"Box 9, item 1",ZWU_SCA0228_B09_01,ZWU_SCA0228_B09_01_025
,,,"Box 9, page 24",,Blank page,"Yuen, Shui Kong, 1917-1994",Creator,"Union College (Schenectady, N.Y.) http://id.worldcat.org/fast/563178",,,,,"1 scrapbook (40 pages) : envelopes, letters, newspapers, black and white photographs ; 12.25 x 14.5 in (31.115 x 36.83 cm) (scrapbook)",Documentary photographs,In Copyright,"Box 9, item 1",ZWU_SCA0228_B09_01,ZWU_SCA0228_B09_01_026
,,,"Box 9, page 25",,Black and white photograph of Shui Kong Yuen in front of Memorial Chapel.,"Yuen, Shui Kong, 1917-1994",Creator,"Union College (Schenectady, N.Y.) http://id.worldcat.org/fast/563178",,,,,"1 scrapbook (40 pages) : envelopes, letters, newspapers, black and white photographs ; 12.25 x 14.5 in (31.115 x 36.83 cm) (scrapbook)",Documentary photographs,In Copyright,"Box 9, item 1",ZWU_SCA0228_B09_01,ZWU_SCA0228_B09_01_027
,,,"Box 9, page 26",,Blank page,"Yuen, Shui Kong, 1917-1994",Creator,"Union College (Schenectady, N.Y.) http://id.worldcat.org/fast/563178",,,,,"1 scrapbook (40 pages) : envelopes, letters, newspapers, black and white photographs ; 12.25 x 14.5 in (31.115 x 36.83 cm) (scrapbook)",Documentary photographs,In Copyright,"Box 9, item 1",ZWU_SCA0228_B09_01,ZWU_SCA0228_B09_01_028
,,,"Box 9, page 27",,Black and white photograph of the Trylon and Perisphere at the 1939 New York World's Fair.,"Yuen, Shui Kong, 1917-1994",Creator,"Union College (Schenectady, N.Y.) http://id.worldcat.org/fast/563178",,,1939-1940,,"1 scrapbook (40 pages) : envelopes, letters, newspapers, black and white photographs ; 12.25 x 14.5 in (31.115 x 36.83 cm) (scrapbook)",Documentary photographs,In Copyright,"Box 9, item 1",ZWU_SCA0228_B09_01,ZWU_SCA0228_B09_01_029
,,,"Box 9, page 28",,Blank page,"Yuen, Shui Kong, 1917-1994",Creator,"Union College (Schenectady, N.Y.) http://id.worldcat.org/fast/563178",,,,,"1 scrapbook (40 pages) : envelopes, letters, newspapers, black and white photographs ; 12.25 x 14.5 in (31.115 x 36.83 cm) (scrapbook)",Documentary photographs,In Copyright,"Box 9, item 1",ZWU_SCA0228_B09_01,ZWU_SCA0228_B09_01_030
,,,"Box 9, page 29",,Black and white photograph of the world's fair.,"Yuen, Shui Kong, 1917-1994",Creator,"Union College (Schenectady, N.Y.) http://id.worldcat.org/fast/563178",,,1939-1940,,"1 scrapbook (40 pages) : envelopes, letters, newspapers, black and white photographs ; 12.25 x 14.5 in (31.115 x 36.83 cm) (scrapbook)",Documentary photographs,In Copyright,"Box 9, item 1",ZWU_SCA0228_B09_01,ZWU_SCA0228_B09_01_031
,,,"Box 9, page 30",,Blank page,"Yuen, Shui Kong, 1917-1994",Creator,"Union College (Schenectady, N.Y.) http://id.worldcat.org/fast/563178",,,,,"1 scrapbook (40 pages) : envelopes, letters, newspapers, black and white photographs ; 12.25 x 14.5 in (31.115 x 36.83 cm) (scrapbook)",Documentary photographs,In Copyright,"Box 9, item 1",ZWU_SCA0228_B09_01,ZWU_SCA0228_B09_01_032
,,,"Box 9, page 31",,Black and white photograph of the world's fair with Coca-Cola sign in background and two pylon objects in foreground.,"Yuen, Shui Kong, 1917-1994",Creator,"Union College (Schenectady, N.Y.) http://id.worldcat.org/fast/563178",,,1939-1940,,"1 scrapbook (40 pages) : envelopes, letters, newspapers, black and white photographs ; 12.25 x 14.5 in (31.115 x 36.83 cm) (scrapbook)",Documentary photographs,In Copyright,"Box 9, item 1",ZWU_SCA0228_B09_01,ZWU_SCA0228_B09_01_033
,,,"Box 9, page 32",,Blank page,"Yuen, Shui Kong, 1917-1994",Creator,"Union College (Schenectady, N.Y.) http://id.worldcat.org/fast/563178",,,,,"1 scrapbook (40 pages) : envelopes, letters, newspapers, black and white photographs ; 12.25 x 14.5 in (31.115 x 36.83 cm) (scrapbook)",Documentary photographs,In Copyright,"Box 9, item 1",ZWU_SCA0228_B09_01,ZWU_SCA0228_B09_01_034
,,,"Box 9, page 33",,"Black and white photograph of the 1939 New York World's Fair, with statue of George Washington in front of the Trylon and Perisphere at night.","Yuen, Shui Kong, 1917-1994",Creator,"Union College (Schenectady, N.Y.) http://id.worldcat.org/fast/563178",,,1939-1940,,"1 scrapbook (40 pages) : envelopes, letters, newspapers, black and white photographs ; 12.25 x 14.5 in (31.115 x 36.83 cm) (scrapbook)",Documentary photographs,In Copyright,"Box 9, item 1",ZWU_SCA0228_B09_01,ZWU_SCA0228_B09_01_035
,,,"Box 9, page 34",,Blank page,"Yuen, Shui Kong, 1917-1994",Creator,"Union College (Schenectady, N.Y.) http://id.worldcat.org/fast/563178",,,,,"1 scrapbook (40 pages) : envelopes, letters, newspapers, black and white photographs ; 12.25 x 14.5 in (31.115 x 36.83 cm) (scrapbook)",Documentary photographs,In Copyright,"Box 9, item 1",ZWU_SCA0228_B09_01,ZWU_SCA0228_B09_01_036
,,,"Box 9, page 35",,Black and white photograph of a marble statue of a man.,"Yuen, Shui Kong, 1917-1994",Creator,"Union College (Schenectady, N.Y.) http://id.worldcat.org/fast/563178",,,,,"1 scrapbook (40 pages) : envelopes, letters, newspapers, black and white photographs ; 12.25 x 14.5 in (31.115 x 36.83 cm) (scrapbook)",Documentary photographs,In Copyright,"Box 9, item 1",ZWU_SCA0228_B09_01,ZWU_SCA0228_B09_01_037
,,,"Box 9, page 36",,Blank page,"Yuen, Shui Kong, 1917-1994",Creator,"Union College (Schenectady, N.Y.) http://id.worldcat.org/fast/563178",,,,,"1 scrapbook (40 pages) : envelopes, letters, newspapers, black and white photographs ; 12.25 x 14.5 in (31.115 x 36.83 cm) (scrapbook)",Documentary photographs,In Copyright,"Box 9, item 1",ZWU_SCA0228_B09_01,ZWU_SCA0228_B09_01_038
,,,"Box 9, page 37",,Black and white photograph of fireworks.,"Yuen, Shui Kong, 1917-1994",Creator,"Union College (Schenectady, N.Y.) http://id.worldcat.org/fast/563178",,,,,"1 scrapbook (40 pages) : envelopes, letters, newspapers, black and white photographs ; 12.25 x 14.5 in (31.115 x 36.83 cm) (scrapbook)",Documentary photographs,In Copyright,"Box 9, item 1",ZWU_SCA0228_B09_01,ZWU_SCA0228_B09_01_039
,,,"Box 9, page 38",,Blank page,"Yuen, Shui Kong, 1917-1994",Creator,"Union College (Schenectady, N.Y.) http://id.worldcat.org/fast/563178",,,,,"1 scrapbook (40 pages) : envelopes, letters, newspapers, black and white photographs ; 12.25 x 14.5 in (31.115 x 36.83 cm) (scrapbook)",Documentary photographs,In Copyright,"Box 9, item 1",ZWU_SCA0228_B09_01,ZWU_SCA0228_B09_01_040
,,,"Box 9, page 39",,Black and white photograph of Shui Kong Yuen on a boat.,"Yuen, Shui Kong, 1917-1994",Creator,"Union College (Schenectady, N.Y.) http://id.worldcat.org/fast/563178",,,,,"1 scrapbook (40 pages) : envelopes, letters, newspapers, black and white photographs ; 12.25 x 14.5 in (31.115 x 36.83 cm) (scrapbook)",Documentary photographs,In Copyright,"Box 9, item 1",ZWU_SCA0228_B09_01,ZWU_SCA0228_B09_01_041
,,,"Box 9, page 40",,Blank page,"Yuen, Shui Kong, 1917-1994",Creator,"Union College (Schenectady, N.Y.) http://id.worldcat.org/fast/563178",,,,,"1 scrapbook (40 pages) : envelopes, letters, newspapers, black and white photographs ; 12.25 x 14.5 in (31.115 x 36.83 cm) (scrapbook)",Documentary photographs,In Copyright,"Box 9, item 1",ZWU_SCA0228_B09_01,ZWU_SCA0228_B09_01_042
,,,"Box 9, page 41",,Black and white photograph of the United State Supreme Court Building,"Yuen, Shui Kong, 1917-1994",Creator,"Union College (Schenectady, N.Y.) http://id.worldcat.org/fast/563178",,,,,"1 scrapbook (40 pages) : envelopes, letters, newspapers, black and white photographs ; 12.25 x 14.5 in (31.115 x 36.83 cm) (scrapbook)",Documentary photographs,In Copyright,"Box 9, item 1",ZWU_SCA0228_B09_01,ZWU_SCA0228_B09_01_043
,,,"Box 9, page 42",,Blank page,"Yuen, Shui Kong, 1917-1994",Creator,"Union College (Schenectady, N.Y.) http://id.worldcat.org/fast/563178",,,,,"1 scrapbook (40 pages) : envelopes, letters, newspapers, black and white photographs ; 12.25 x 14.5 in (31.115 x 36.83 cm) (scrapbook)",Documentary photographs,In Copyright,"Box 9, item 1",ZWU_SCA0228_B09_01,ZWU_SCA0228_B09_01_044
,,,"Box 9, page 43",,Two black and white photographs of Shui Kong Yuen in tennis attire. One of these is more blurry than the other. One photograph of tennis balls with racket.,"Yuen, Shui Kong, 1917-1994",Creator,"Union College (Schenectady, N.Y.) http://id.worldcat.org/fast/563178",,,,,"1 scrapbook (40 pages) : envelopes, letters, newspapers, black and white photographs ; 12.25 x 14.5 in (31.115 x 36.83 cm) (scrapbook)",Documentary photographs,In Copyright,"Box 9, item 1",ZWU_SCA0228_B09_01,ZWU_SCA0228_B09_01_045
,,,"Box 9, page 44",,Blank page,"Yuen, Shui Kong, 1917-1994",Creator,"Union College (Schenectady, N.Y.) http://id.worldcat.org/fast/563178",,,,,"1 scrapbook (40 pages) : envelopes, letters, newspapers, black and white photographs ; 12.25 x 14.5 in (31.115 x 36.83 cm) (scrapbook)",Documentary photographs,In Copyright,"Box 9, item 1",ZWU_SCA0228_B09_01,ZWU_SCA0228_B09_01_046
,,,"Box 9, page 45",,Black and white photograph of cathedral-like building.,"Yuen, Shui Kong, 1917-1994",Creator,"Union College (Schenectady, N.Y.) http://id.worldcat.org/fast/563178",,,,,"1 scrapbook (40 pages) : envelopes, letters, newspapers, black and white photographs ; 12.25 x 14.5 in (31.115 x 36.83 cm) (scrapbook)",Documentary photographs,In Copyright,"Box 9, item 1",ZWU_SCA0228_B09_01,ZWU_SCA0228_B09_01_047
,,,"Box 9, page 46",,Blank page,"Yuen, Shui Kong, 1917-1994",Creator,"Union College (Schenectady, N.Y.) http://id.worldcat.org/fast/563178",,,,,"1 scrapbook (40 pages) : envelopes, letters, newspapers, black and white photographs ; 12.25 x 14.5 in (31.115 x 36.83 cm) (scrapbook)",Documentary photographs,In Copyright,"Box 9, item 1",ZWU_SCA0228_B09_01,ZWU_SCA0228_B09_01_048
,,,"Box 9, page 47",,Two black and white photographs of North College and two administration buildings.,"Yuen, Shui Kong, 1917-1994",Creator,"Union College (Schenectady, N.Y.) http://id.worldcat.org/fast/563178",,,,,"1 scrapbook (40 pages) : envelopes, letters, newspapers, black and white photographs ; 12.25 x 14.5 in (31.115 x 36.83 cm) (scrapbook)",Documentary photographs,In Copyright,"Box 9, item 1",ZWU_SCA0228_B09_01,ZWU_SCA0228_B09_01_049
,,,"Box 9, page 48",,Blank page,"Yuen, Shui Kong, 1917-1994",Creator,"Union College (Schenectady, N.Y.) http://id.worldcat.org/fast/563178",,,,,"1 scrapbook (40 pages) : envelopes, letters, newspapers, black and white photographs ; 12.25 x 14.5 in (31.115 x 36.83 cm) (scrapbook)",Documentary photographs,In Copyright,"Box 9, item 1",ZWU_SCA0228_B09_01,ZWU_SCA0228_B09_01_050
,,,"Box 9, page 49",,Two black and white photographs of North College and South College.,"Yuen, Shui Kong, 1917-1994",Creator,"Union College (Schenectady, N.Y.) http://id.worldcat.org/fast/563178",,,,,"1 scrapbook (40 pages) : envelopes, letters, newspapers, black and white photographs ; 12.25 x 14.5 in (31.115 x 36.83 cm) (scrapbook)",Documentary photographs,In Copyright,"Box 9, item 1",ZWU_SCA0228_B09_01,ZWU_SCA0228_B09_01_051
,,,"Box 9, page 50",,Blank page,"Yuen, Shui Kong, 1917-1994",Creator,"Union College (Schenectady, N.Y.) http://id.worldcat.org/fast/563178",,,,,"1 scrapbook (40 pages) : envelopes, letters, newspapers, black and white photographs ; 12.25 x 14.5 in (31.115 x 36.83 cm) (scrapbook)",Documentary photographs,In Copyright,"Box 9, item 1",ZWU_SCA0228_B09_01,ZWU_SCA0228_B09_01_052
,,,"Box 9, page 51",,Two black and white photographs of Memorial Chapel,"Yuen, Shui Kong, 1917-1994",Creator,"Union College (Schenectady, N.Y.) http://id.worldcat.org/fast/563178",,,,,"1 scrapbook (40 pages) : envelopes, letters, newspapers, black and white photographs ; 12.25 x 14.5 in (31.115 x 36.83 cm) (scrapbook)",Documentary photographs,In Copyright,"Box 9, item 1",ZWU_SCA0228_B09_01,ZWU_SCA0228_B09_01_053
,,,"Box 9, page 52",,Blank page,"Yuen, Shui Kong, 1917-1994",Creator,"Union College (Schenectady, N.Y.) http://id.worldcat.org/fast/563178",,,,,"1 scrapbook (40 pages) : envelopes, letters, newspapers, black and white photographs ; 12.25 x 14.5 in (31.115 x 36.83 cm) (scrapbook)",Documentary photographs,In Copyright,"Box 9, item 1",ZWU_SCA0228_B09_01,ZWU_SCA0228_B09_01_054
,,,"Box 9, page 53",,Two black and white photographs of administration buildings.,"Yuen, Shui Kong, 1917-1994",Creator,"Union College (Schenectady, N.Y.) http://id.worldcat.org/fast/563178",,,,,"1 scrapbook (40 pages) : envelopes, letters, newspapers, black and white photographs ; 12.25 x 14.5 in (31.115 x 36.83 cm) (scrapbook)",Documentary photographs,In Copyright,"Box 9, item 1",ZWU_SCA0228_B09_01,ZWU_SCA0228_B09_01_055
,,,"Box 9, page 54",,Blank page,"Yuen, Shui Kong, 1917-1994",Creator,"Union College (Schenectady, N.Y.) http://id.worldcat.org/fast/563178",,,,,"1 scrapbook (40 pages) : envelopes, letters, newspapers, black and white photographs ; 12.25 x 14.5 in (31.115 x 36.83 cm) (scrapbook)",Documentary photographs,In Copyright,"Box 9, item 1",ZWU_SCA0228_B09_01,ZWU_SCA0228_B09_01_056
,,,"Box 9, page 55",,Black and white photograph of Union College administration building.,"Yuen, Shui Kong, 1917-1994",Creator,"Union College (Schenectady, N.Y.) http://id.worldcat.org/fast/563178",,,,,"1 scrapbook (40 pages) : envelopes, letters, newspapers, black and white photographs ; 12.25 x 14.5 in (31.115 x 36.83 cm) (scrapbook)",Documentary photographs,In Copyright,"Box 9, item 1",ZWU_SCA0228_B09_01,ZWU_SCA0228_B09_01_057
,,,"Box 9, page 56",,Blank page,"Yuen, Shui Kong, 1917-1994",Creator,"Union College (Schenectady, N.Y.) http://id.worldcat.org/fast/563178",,,,,"1 scrapbook (40 pages) : envelopes, letters, newspapers, black and white photographs ; 12.25 x 14.5 in (31.115 x 36.83 cm) (scrapbook)",Documentary photographs,In Copyright,"Box 9, item 1",ZWU_SCA0228_B09_01,ZWU_SCA0228_B09_01_058
,,,"Box 9, page 57",,Two black and white photographs of North College at slightly different angles.,"Yuen, Shui Kong, 1917-1994",Creator,"Union College (Schenectady, N.Y.) http://id.worldcat.org/fast/563178",,,,,"1 scrapbook (40 pages) : envelopes, letters, newspapers, black and white photographs ; 12.25 x 14.5 in (31.115 x 36.83 cm) (scrapbook)",Documentary photographs,In Copyright,"Box 9, item 1",ZWU_SCA0228_B09_01,ZWU_SCA0228_B09_01_059
,,,"Box 9, page 58",,Two blank and white photographs of the Nott Memorial Library.,"Yuen, Shui Kong, 1917-1994",Creator,"Union College (Schenectady, N.Y.) http://id.worldcat.org/fast/563178",,,,,"1 scrapbook (40 pages) : envelopes, letters, newspapers, black and white photographs ; 12.25 x 14.5 in (31.115 x 36.83 cm) (scrapbook)",Documentary photographs,In Copyright,"Box 9, item 1",ZWU_SCA0228_B09_01,ZWU_SCA0228_B09_01_060
,,,"Box 9, page 59",,Black and white photograph of Delta Phi House.,"Yuen, Shui Kong, 1917-1994",Creator,"Union College (Schenectady, N.Y.) http://id.worldcat.org/fast/563178",,,,,"1 scrapbook (40 pages) : envelopes, letters, newspapers, black and white photographs ; 12.25 x 14.5 in (31.115 x 36.83 cm) (scrapbook)",Documentary photographs,In Copyright,"Box 9, item 1",ZWU_SCA0228_B09_01,ZWU_SCA0228_B09_01_061
,,,"Box 9, page 60",,Blank page,"Yuen, Shui Kong, 1917-1994",Creator,"Union College (Schenectady, N.Y.) http://id.worldcat.org/fast/563178",,,,,"1 scrapbook (40 pages) : envelopes, letters, newspapers, black and white photographs ; 12.25 x 14.5 in (31.115 x 36.83 cm) (scrapbook)",Documentary photographs,In Copyright,"Box 9, item 1",ZWU_SCA0228_B09_01,ZWU_SCA0228_B09_01_062
,,,"Box 9, page 61",,Black and white photograph of Delta Phi House.,"Yuen, Shui Kong, 1917-1994",Creator,"Union College (Schenectady, N.Y.) http://id.worldcat.org/fast/563178",,,,,"1 scrapbook (40 pages) : envelopes, letters, newspapers, black and white photographs ; 12.25 x 14.5 in (31.115 x 36.83 cm) (scrapbook)",Documentary photographs,In Copyright,"Box 9, item 1",ZWU_SCA0228_B09_01,ZWU_SCA0228_B09_01_063
,,,"Box 9, page 62",,Blank page,"Yuen, Shui Kong, 1917-1994",Creator,"Union College (Schenectady, N.Y.) http://id.worldcat.org/fast/563178",,,,,"1 scrapbook (40 pages) : envelopes, letters, newspapers, black and white photographs ; 12.25 x 14.5 in (31.115 x 36.83 cm) (scrapbook)",Documentary photographs,In Copyright,"Box 9, item 1",ZWU_SCA0228_B09_01,ZWU_SCA0228_B09_01_064
,,,"Box 9, page 63",,"Black and white photograph of Frat building, handwritten on page, ""#38"".","Yuen, Shui Kong, 1917-1994",Creator,"Union College (Schenectady, N.Y.) http://id.worldcat.org/fast/563178",,,,,"1 scrapbook (40 pages) : envelopes, letters, newspapers, black and white photographs ; 12.25 x 14.5 in (31.115 x 36.83 cm) (scrapbook)",Documentary photographs,In Copyright,"Box 9, item 1",ZWU_SCA0228_B09_01,ZWU_SCA0228_B09_01_065
,,,"Box 9, page 64",,Blank page,"Yuen, Shui Kong, 1917-1994",Creator,"Union College (Schenectady, N.Y.) http://id.worldcat.org/fast/563178",,,,,"1 scrapbook (40 pages) : envelopes, letters, newspapers, black and white photographs ; 12.25 x 14.5 in (31.115 x 36.83 cm) (scrapbook)",Documentary photographs,In Copyright,"Box 9, item 1",ZWU_SCA0228_B09_01,ZWU_SCA0228_B09_01_066
,,,"Box 9, page 65",,"Blank page. Handwritten on page, ""#22""","Yuen, Shui Kong, 1917-1994",Creator,"Union College (Schenectady, N.Y.) http://id.worldcat.org/fast/563178",,,,,"1 scrapbook (40 pages) : envelopes, letters, newspapers, black and white photographs ; 12.25 x 14.5 in (31.115 x 36.83 cm) (scrapbook)",Documentary photographs,In Copyright,"Box 9, item 1",ZWU_SCA0228_B09_01,ZWU_SCA0228_B09_01_067
,,,"Box 9, page 66",,Blank page,"Yuen, Shui Kong, 1917-1994",Creator,"Union College (Schenectady, N.Y.) http://id.worldcat.org/fast/563178",,,,,"1 scrapbook (40 pages) : envelopes, letters, newspapers, black and white photographs ; 12.25 x 14.5 in (31.115 x 36.83 cm) (scrapbook)",Documentary photographs,In Copyright,"Box 9, item 1",ZWU_SCA0228_B09_01,ZWU_SCA0228_B09_01_068
,,,"Box 9, page 67",,"Blank page. Handwritten on page, ""Will be slightly lighter"" and ""#9"".","Yuen, Shui Kong, 1917-1994",Creator,"Union College (Schenectady, N.Y.) http://id.worldcat.org/fast/563178",,,,,"1 scrapbook (40 pages) : envelopes, letters, newspapers, black and white photographs ; 12.25 x 14.5 in (31.115 x 36.83 cm) (scrapbook)",Documentary photographs,In Copyright,"Box 9, item 1",ZWU_SCA0228_B09_01,ZWU_SCA0228_B09_01_069
,,,"Box 9, page 68",,Black and white photograph of Delta Phi House.,"Yuen, Shui Kong, 1917-1994",Creator,"Union College (Schenectady, N.Y.) http://id.worldcat.org/fast/563178",,,,,"1 scrapbook (40 pages) : envelopes, letters, newspapers, black and white photographs ; 12.25 x 14.5 in (31.115 x 36.83 cm) (scrapbook)",Documentary photographs,In Copyright,"Box 9, item 1",ZWU_SCA0228_B09_01,ZWU_SCA0228_B09_01_070
,,,"Box 9, page 69",,"Blank page. Handwritten on page, ""#3 ✓""","Yuen, Shui Kong, 1917-1994",Creator,"Union College (Schenectady, N.Y.) http://id.worldcat.org/fast/563178",,,,,"1 scrapbook (40 pages) : envelopes, letters, newspapers, black and white photographs ; 12.25 x 14.5 in (31.115 x 36.83 cm) (scrapbook)",Documentary photographs,In Copyright,"Box 9, item 1",ZWU_SCA0228_B09_01,ZWU_SCA0228_B09_01_071
,,,"Box 9, page 70",,Blank page,"Yuen, Shui Kong, 1917-1994",Creator,"Union College (Schenectady, N.Y.) http://id.worldcat.org/fast/563178",,,,,"1 scrapbook (40 pages) : envelopes, letters, newspapers, black and white photographs ; 12.25 x 14.5 in (31.115 x 36.83 cm) (scrapbook)",Documentary photographs,In Copyright,"Box 9, item 1",ZWU_SCA0228_B09_01,ZWU_SCA0228_B09_01_072
,,,"Box 9, page 71",,"Black and white photograph of Taylor Music Center. Handwritten on page, ""#28 ✓""","Yuen, Shui Kong, 1917-1994",Creator,"Union College (Schenectady, N.Y.) http://id.worldcat.org/fast/563178",,,,,"1 scrapbook (40 pages) : envelopes, letters, newspapers, black and white photographs ; 12.25 x 14.5 in (31.115 x 36.83 cm) (scrapbook)",Documentary photographs,In Copyright,"Box 9, item 1",ZWU_SCA0228_B09_01,ZWU_SCA0228_B09_01_073
,,,"Box 9, page 72",,Blank page,"Yuen, Shui Kong, 1917-1994",Creator,"Union College (Schenectady, N.Y.) http://id.worldcat.org/fast/563178",,,,,"1 scrapbook (40 pages) : envelopes, letters, newspapers, black and white photographs ; 12.25 x 14.5 in (31.115 x 36.83 cm) (scrapbook)",Documentary photographs,In Copyright,"Box 9, item 1",ZWU_SCA0228_B09_01,ZWU_SCA0228_B09_01_074
,,,"Box 9, page 73",,"Handwritten on the top of page,""Only 8x10 [underlined] ✓"". Black and white photograph of corner of Union Street. Handwritten on page, ""#2 ✓"".","Yuen, Shui Kong, 1917-1994",Creator,"Union College (Schenectady, N.Y.) http://id.worldcat.org/fast/563178",,,,,"1 scrapbook (40 pages) : envelopes, letters, newspapers, black and white photographs ; 12.25 x 14.5 in (31.115 x 36.83 cm) (scrapbook)",Documentary photographs,In Copyright,"Box 9, item 1",ZWU_SCA0228_B09_01,ZWU_SCA0228_B09_01_075
,,,"Box 9, page 74",,Blank page,"Yuen, Shui Kong, 1917-1994",Creator,"Union College (Schenectady, N.Y.) http://id.worldcat.org/fast/563178",,,,,"1 scrapbook (40 pages) : envelopes, letters, newspapers, black and white photographs ; 12.25 x 14.5 in (31.115 x 36.83 cm) (scrapbook)",Documentary photographs,In Copyright,"Box 9, item 1",ZWU_SCA0228_B09_01,ZWU_SCA0228_B09_01_076
,,,"Box 9, page 75",,"Handwritten on page, ""#30"".","Yuen, Shui Kong, 1917-1994",Creator,"Union College (Schenectady, N.Y.) http://id.worldcat.org/fast/563178",,,,,"1 scrapbook (40 pages) : envelopes, letters, newspapers, black and white photographs ; 12.25 x 14.5 in (31.115 x 36.83 cm) (scrapbook)",Documentary photographs,In Copyright,"Box 9, item 1",ZWU_SCA0228_B09_01,ZWU_SCA0228_B09_01_077
,,,"Box 9, page 76",,Blank page,"Yuen, Shui Kong, 1917-1994",Creator,"Union College (Schenectady, N.Y.) http://id.worldcat.org/fast/563178",,,,,"1 scrapbook (40 pages) : envelopes, letters, newspapers, black and white photographs ; 12.25 x 14.5 in (31.115 x 36.83 cm) (scrapbook)",Documentary photographs,In Copyright,"Box 9, item 1",ZWU_SCA0228_B09_01,ZWU_SCA0228_B09_01_078
,,,"Box 9, page 77",,"Black and white photograph of campus building. Handwritten on page, ""#31"".","Yuen, Shui Kong, 1917-1994",Creator,"Union College (Schenectady, N.Y.) http://id.worldcat.org/fast/563178",,,,,"1 scrapbook (40 pages) : envelopes, letters, newspapers, black and white photographs ; 12.25 x 14.5 in (31.115 x 36.83 cm) (scrapbook)",Documentary photographs,In Copyright,"Box 9, item 1",ZWU_SCA0228_B09_01,ZWU_SCA0228_B09_01_079
,,,"Box 9, page 78",,Blank page,"Yuen, Shui Kong, 1917-1994",Creator,"Union College (Schenectady, N.Y.) http://id.worldcat.org/fast/563178",,,,,"1 scrapbook (40 pages) : envelopes, letters, newspapers, black and white photographs ; 12.25 x 14.5 in (31.115 x 36.83 cm) (scrapbook)",Documentary photographs,In Copyright,"Box 9, item 1",ZWU_SCA0228_B09_01,ZWU_SCA0228_B09_01_080
,,,"Box 9, page 79",,"Black and white photograph of campus building. Handwritten on page, ""#32"".","Yuen, Shui Kong, 1917-1994",Creator,"Union College (Schenectady, N.Y.) http://id.worldcat.org/fast/563178",,,,,"1 scrapbook (40 pages) : envelopes, letters, newspapers, black and white photographs ; 12.25 x 14.5 in (31.115 x 36.83 cm) (scrapbook)",Documentary photographs,In Copyright,"Box 9, item 1",ZWU_SCA0228_B09_01,ZWU_SCA0228_B09_01_081
,,,"Box 9, page 80",,Blank page,"Yuen, Shui Kong, 1917-1994",Creator,"Union College (Schenectady, N.Y.) http://id.worldcat.org/fast/563178",,,,,"1 scrapbook (40 pages) : envelopes, letters, newspapers, black and white photographs ; 12.25 x 14.5 in (31.115 x 36.83 cm) (scrapbook)",Documentary photographs,In Copyright,"Box 9, item 1",ZWU_SCA0228_B09_01,ZWU_SCA0228_B09_01_082
,,,"Box 9, page 81",,"Black and white photograph of campus building. Handwritten on page, ""#33"".","Yuen, Shui Kong, 1917-1994",Creator,"Union College (Schenectady, N.Y.) http://id.worldcat.org/fast/563178",,,,,"1 scrapbook (40 pages) : envelopes, letters, newspapers, black and white photographs ; 12.25 x 14.5 in (31.115 x 36.83 cm) (scrapbook)",Documentary photographs,In Copyright,"Box 9, item 1",ZWU_SCA0228_B09_01,ZWU_SCA0228_B09_01_083
,,,"Box 9, page 82",,Blank page,"Yuen, Shui Kong, 1917-1994",Creator,"Union College (Schenectady, N.Y.) http://id.worldcat.org/fast/563178",,,,,"1 scrapbook (40 pages) : envelopes, letters, newspapers, black and white photographs ; 12.25 x 14.5 in (31.115 x 36.83 cm) (scrapbook)",Documentary photographs,In Copyright,"Box 9, item 1",ZWU_SCA0228_B09_01,ZWU_SCA0228_B09_01_084
,,,"Box 9, page 83",,"Black and white photograph of campus building. Handwritten on page, ""#34"".","Yuen, Shui Kong, 1917-1994",Creator,"Union College (Schenectady, N.Y.) http://id.worldcat.org/fast/563178",,,,,"1 scrapbook (40 pages) : envelopes, letters, newspapers, black and white photographs ; 12.25 x 14.5 in (31.115 x 36.83 cm) (scrapbook)",Documentary photographs,In Copyright,"Box 9, item 1",ZWU_SCA0228_B09_01,ZWU_SCA0228_B09_01_085
,,,"Box 9, page 84",,Blank page,"Yuen, Shui Kong, 1917-1994",Creator,"Union College (Schenectady, N.Y.) http://id.worldcat.org/fast/563178",,,,,"1 scrapbook (40 pages) : envelopes, letters, newspapers, black and white photographs ; 12.25 x 14.5 in (31.115 x 36.83 cm) (scrapbook)",Documentary photographs,In Copyright,"Box 9, item 1",ZWU_SCA0228_B09_01,ZWU_SCA0228_B09_01_086
,,,"Box 9, page 85",,"Handwritten at the top of the recto, ""Will be lighter"". Black and white photograph of campus building. Handwritten on page, ""#35"".","Yuen, Shui Kong, 1917-1994",Creator,"Union College (Schenectady, N.Y.) http://id.worldcat.org/fast/563178",,,,,"1 scrapbook (40 pages) : envelopes, letters, newspapers, black and white photographs ; 12.25 x 14.5 in (31.115 x 36.83 cm) (scrapbook)",Documentary photographs,In Copyright,"Box 9, item 1",ZWU_SCA0228_B09_01,ZWU_SCA0228_B09_01_087
,,,"Box 9, page 86",,Blank page,"Yuen, Shui Kong, 1917-1994",Creator,"Union College (Schenectady, N.Y.) http://id.worldcat.org/fast/563178",,,,,"1 scrapbook (40 pages) : envelopes, letters, newspapers, black and white photographs ; 12.25 x 14.5 in (31.115 x 36.83 cm) (scrapbook)",Documentary photographs,In Copyright,"Box 9, item 1",ZWU_SCA0228_B09_01,ZWU_SCA0228_B09_01_088
,,,"Box 9, page 87",,"Handwritten at the top of the recto, ""Will be larger"". Black and white photograph of campus building. Handwritten on page, ""#36"".","Yuen, Shui Kong, 1917-1994",Creator,"Union College (Schenectady, N.Y.) http://id.worldcat.org/fast/563178",,,,,"1 scrapbook (40 pages) : envelopes, letters, newspapers, black and white photographs ; 12.25 x 14.5 in (31.115 x 36.83 cm) (scrapbook)",Documentary photographs,In Copyright,"Box 9, item 1",ZWU_SCA0228_B09_01,ZWU_SCA0228_B09_01_089
,,,"Box 9, page 88",,Blank page,"Yuen, Shui Kong, 1917-1994",Creator,"Union College (Schenectady, N.Y.) http://id.worldcat.org/fast/563178",,,,,"1 scrapbook (40 pages) : envelopes, letters, newspapers, black and white photographs ; 12.25 x 14.5 in (31.115 x 36.83 cm) (scrapbook)",Documentary photographs,In Copyright,"Box 9, item 1",ZWU_SCA0228_B09_01,ZWU_SCA0228_B09_01_090
,,,"Box 9, page 89",,"Black and white photograph of campus building. Handwritten on page, ""#37"".","Yuen, Shui Kong, 1917-1994",Creator,"Union College (Schenectady, N.Y.) http://id.worldcat.org/fast/563178",,,,,"1 scrapbook (40 pages) : envelopes, letters, newspapers, black and white photographs ; 12.25 x 14.5 in (31.115 x 36.83 cm) (scrapbook)",Documentary photographs,In Copyright,"Box 9, item 1",ZWU_SCA0228_B09_01,ZWU_SCA0228_B09_01_091
,,,"Box 9, page 90",,Blank page,"Yuen, Shui Kong, 1917-1994",Creator,"Union College (Schenectady, N.Y.) http://id.worldcat.org/fast/563178",,,,,"1 scrapbook (40 pages) : envelopes, letters, newspapers, black and white photographs ; 12.25 x 14.5 in (31.115 x 36.83 cm) (scrapbook)",Documentary photographs,In Copyright,"Box 9, item 1",ZWU_SCA0228_B09_01,ZWU_SCA0228_B09_01_092
,,,Inside back cover,,Inside back cover,"Yuen, Shui Kong, 1917-1994",Creator,"Union College (Schenectady, N.Y.) http://id.worldcat.org/fast/563178",,,,,"1 scrapbook (40 pages) : envelopes, letters, newspapers, black and white photographs ; 12.25 x 14.5 in (31.115 x 36.83 cm) (scrapbook)",Documentary photographs,In Copyright,"Box 9, item 1",ZWU_SCA0228_B09_01,ZWU_SCA0228_B09_01_093
,,,Back cover,,Back cover,"Yuen, Shui Kong, 1917-1994",Creator,"Union College (Schenectady, N.Y.) http://id.worldcat.org/fast/563178",,,,,"1 scrapbook (40 pages) : envelopes, letters, newspapers, black and white photographs ; 12.25 x 14.5 in (31.115 x 36.83 cm) (scrapbook)",Documentary photographs,In Copyright,"Box 9, item 1",ZWU_SCA0228_B09_01,ZWU_SCA0228_B09_01_094
